# ClockSample.pov snapshot (clock mid, My_Clock=0)
mtllib ClockSample.mtl
o Ground
usemtl Checker
v -12.000000 0.000000 -12.000000
v -11.000000 0.000000 -12.000000
v -10.000000 0.000000 -12.000000
v -9.000000 0.000000 -12.000000
v -8.000000 0.000000 -12.000000
v -7.000000 0.000000 -12.000000
v -6.000000 0.000000 -12.000000
v -5.000000 0.000000 -12.000000
v -4.000000 0.000000 -12.000000
v -3.000000 0.000000 -12.000000
v -2.000000 0.000000 -12.000000
v -1.000000 0.000000 -12.000000
v 0.000000 0.000000 -12.000000
v 1.000000 0.000000 -12.000000
v 2.000000 0.000000 -12.000000
v 3.000000 0.000000 -12.000000
v 4.000000 0.000000 -12.000000
v 5.000000 0.000000 -12.000000
v 6.000000 0.000000 -12.000000
v 7.000000 0.000000 -12.000000
v 8.000000 0.000000 -12.000000
v 9.000000 0.000000 -12.000000
v 10.000000 0.000000 -12.000000
v 11.000000 0.000000 -12.000000
v 12.000000 0.000000 -12.000000
v -12.000000 0.000000 -11.000000
v -11.000000 0.000000 -11.000000
v -10.000000 0.000000 -11.000000
v -9.000000 0.000000 -11.000000
v -8.000000 0.000000 -11.000000
v -7.000000 0.000000 -11.000000
v -6.000000 0.000000 -11.000000
v -5.000000 0.000000 -11.000000
v -4.000000 0.000000 -11.000000
v -3.000000 0.000000 -11.000000
v -2.000000 0.000000 -11.000000
v -1.000000 0.000000 -11.000000
v 0.000000 0.000000 -11.000000
v 1.000000 0.000000 -11.000000
v 2.000000 0.000000 -11.000000
v 3.000000 0.000000 -11.000000
v 4.000000 0.000000 -11.000000
v 5.000000 0.000000 -11.000000
v 6.000000 0.000000 -11.000000
v 7.000000 0.000000 -11.000000
v 8.000000 0.000000 -11.000000
v 9.000000 0.000000 -11.000000
v 10.000000 0.000000 -11.000000
v 11.000000 0.000000 -11.000000
v 12.000000 0.000000 -11.000000
v -12.000000 0.000000 -10.000000
v -11.000000 0.000000 -10.000000
v -10.000000 0.000000 -10.000000
v -9.000000 0.000000 -10.000000
v -8.000000 0.000000 -10.000000
v -7.000000 0.000000 -10.000000
v -6.000000 0.000000 -10.000000
v -5.000000 0.000000 -10.000000
v -4.000000 0.000000 -10.000000
v -3.000000 0.000000 -10.000000
v -2.000000 0.000000 -10.000000
v -1.000000 0.000000 -10.000000
v 0.000000 0.000000 -10.000000
v 1.000000 0.000000 -10.000000
v 2.000000 0.000000 -10.000000
v 3.000000 0.000000 -10.000000
v 4.000000 0.000000 -10.000000
v 5.000000 0.000000 -10.000000
v 6.000000 0.000000 -10.000000
v 7.000000 0.000000 -10.000000
v 8.000000 0.000000 -10.000000
v 9.000000 0.000000 -10.000000
v 10.000000 0.000000 -10.000000
v 11.000000 0.000000 -10.000000
v 12.000000 0.000000 -10.000000
v -12.000000 0.000000 -9.000000
v -11.000000 0.000000 -9.000000
v -10.000000 0.000000 -9.000000
v -9.000000 0.000000 -9.000000
v -8.000000 0.000000 -9.000000
v -7.000000 0.000000 -9.000000
v -6.000000 0.000000 -9.000000
v -5.000000 0.000000 -9.000000
v -4.000000 0.000000 -9.000000
v -3.000000 0.000000 -9.000000
v -2.000000 0.000000 -9.000000
v -1.000000 0.000000 -9.000000
v 0.000000 0.000000 -9.000000
v 1.000000 0.000000 -9.000000
v 2.000000 0.000000 -9.000000
v 3.000000 0.000000 -9.000000
v 4.000000 0.000000 -9.000000
v 5.000000 0.000000 -9.000000
v 6.000000 0.000000 -9.000000
v 7.000000 0.000000 -9.000000
v 8.000000 0.000000 -9.000000
v 9.000000 0.000000 -9.000000
v 10.000000 0.000000 -9.000000
v 11.000000 0.000000 -9.000000
v 12.000000 0.000000 -9.000000
v -12.000000 0.000000 -8.000000
v -11.000000 0.000000 -8.000000
v -10.000000 0.000000 -8.000000
v -9.000000 0.000000 -8.000000
v -8.000000 0.000000 -8.000000
v -7.000000 0.000000 -8.000000
v -6.000000 0.000000 -8.000000
v -5.000000 0.000000 -8.000000
v -4.000000 0.000000 -8.000000
v -3.000000 0.000000 -8.000000
v -2.000000 0.000000 -8.000000
v -1.000000 0.000000 -8.000000
v 0.000000 0.000000 -8.000000
v 1.000000 0.000000 -8.000000
v 2.000000 0.000000 -8.000000
v 3.000000 0.000000 -8.000000
v 4.000000 0.000000 -8.000000
v 5.000000 0.000000 -8.000000
v 6.000000 0.000000 -8.000000
v 7.000000 0.000000 -8.000000
v 8.000000 0.000000 -8.000000
v 9.000000 0.000000 -8.000000
v 10.000000 0.000000 -8.000000
v 11.000000 0.000000 -8.000000
v 12.000000 0.000000 -8.000000
v -12.000000 0.000000 -7.000000
v -11.000000 0.000000 -7.000000
v -10.000000 0.000000 -7.000000
v -9.000000 0.000000 -7.000000
v -8.000000 0.000000 -7.000000
v -7.000000 0.000000 -7.000000
v -6.000000 0.000000 -7.000000
v -5.000000 0.000000 -7.000000
v -4.000000 0.000000 -7.000000
v -3.000000 0.000000 -7.000000
v -2.000000 0.000000 -7.000000
v -1.000000 0.000000 -7.000000
v 0.000000 0.000000 -7.000000
v 1.000000 0.000000 -7.000000
v 2.000000 0.000000 -7.000000
v 3.000000 0.000000 -7.000000
v 4.000000 0.000000 -7.000000
v 5.000000 0.000000 -7.000000
v 6.000000 0.000000 -7.000000
v 7.000000 0.000000 -7.000000
v 8.000000 0.000000 -7.000000
v 9.000000 0.000000 -7.000000
v 10.000000 0.000000 -7.000000
v 11.000000 0.000000 -7.000000
v 12.000000 0.000000 -7.000000
v -12.000000 0.000000 -6.000000
v -11.000000 0.000000 -6.000000
v -10.000000 0.000000 -6.000000
v -9.000000 0.000000 -6.000000
v -8.000000 0.000000 -6.000000
v -7.000000 0.000000 -6.000000
v -6.000000 0.000000 -6.000000
v -5.000000 0.000000 -6.000000
v -4.000000 0.000000 -6.000000
v -3.000000 0.000000 -6.000000
v -2.000000 0.000000 -6.000000
v -1.000000 0.000000 -6.000000
v 0.000000 0.000000 -6.000000
v 1.000000 0.000000 -6.000000
v 2.000000 0.000000 -6.000000
v 3.000000 0.000000 -6.000000
v 4.000000 0.000000 -6.000000
v 5.000000 0.000000 -6.000000
v 6.000000 0.000000 -6.000000
v 7.000000 0.000000 -6.000000
v 8.000000 0.000000 -6.000000
v 9.000000 0.000000 -6.000000
v 10.000000 0.000000 -6.000000
v 11.000000 0.000000 -6.000000
v 12.000000 0.000000 -6.000000
v -12.000000 0.000000 -5.000000
v -11.000000 0.000000 -5.000000
v -10.000000 0.000000 -5.000000
v -9.000000 0.000000 -5.000000
v -8.000000 0.000000 -5.000000
v -7.000000 0.000000 -5.000000
v -6.000000 0.000000 -5.000000
v -5.000000 0.000000 -5.000000
v -4.000000 0.000000 -5.000000
v -3.000000 0.000000 -5.000000
v -2.000000 0.000000 -5.000000
v -1.000000 0.000000 -5.000000
v 0.000000 0.000000 -5.000000
v 1.000000 0.000000 -5.000000
v 2.000000 0.000000 -5.000000
v 3.000000 0.000000 -5.000000
v 4.000000 0.000000 -5.000000
v 5.000000 0.000000 -5.000000
v 6.000000 0.000000 -5.000000
v 7.000000 0.000000 -5.000000
v 8.000000 0.000000 -5.000000
v 9.000000 0.000000 -5.000000
v 10.000000 0.000000 -5.000000
v 11.000000 0.000000 -5.000000
v 12.000000 0.000000 -5.000000
v -12.000000 0.000000 -4.000000
v -11.000000 0.000000 -4.000000
v -10.000000 0.000000 -4.000000
v -9.000000 0.000000 -4.000000
v -8.000000 0.000000 -4.000000
v -7.000000 0.000000 -4.000000
v -6.000000 0.000000 -4.000000
v -5.000000 0.000000 -4.000000
v -4.000000 0.000000 -4.000000
v -3.000000 0.000000 -4.000000
v -2.000000 0.000000 -4.000000
v -1.000000 0.000000 -4.000000
v 0.000000 0.000000 -4.000000
v 1.000000 0.000000 -4.000000
v 2.000000 0.000000 -4.000000
v 3.000000 0.000000 -4.000000
v 4.000000 0.000000 -4.000000
v 5.000000 0.000000 -4.000000
v 6.000000 0.000000 -4.000000
v 7.000000 0.000000 -4.000000
v 8.000000 0.000000 -4.000000
v 9.000000 0.000000 -4.000000
v 10.000000 0.000000 -4.000000
v 11.000000 0.000000 -4.000000
v 12.000000 0.000000 -4.000000
v -12.000000 0.000000 -3.000000
v -11.000000 0.000000 -3.000000
v -10.000000 0.000000 -3.000000
v -9.000000 0.000000 -3.000000
v -8.000000 0.000000 -3.000000
v -7.000000 0.000000 -3.000000
v -6.000000 0.000000 -3.000000
v -5.000000 0.000000 -3.000000
v -4.000000 0.000000 -3.000000
v -3.000000 0.000000 -3.000000
v -2.000000 0.000000 -3.000000
v -1.000000 0.000000 -3.000000
v 0.000000 0.000000 -3.000000
v 1.000000 0.000000 -3.000000
v 2.000000 0.000000 -3.000000
v 3.000000 0.000000 -3.000000
v 4.000000 0.000000 -3.000000
v 5.000000 0.000000 -3.000000
v 6.000000 0.000000 -3.000000
v 7.000000 0.000000 -3.000000
v 8.000000 0.000000 -3.000000
v 9.000000 0.000000 -3.000000
v 10.000000 0.000000 -3.000000
v 11.000000 0.000000 -3.000000
v 12.000000 0.000000 -3.000000
v -12.000000 0.000000 -2.000000
v -11.000000 0.000000 -2.000000
v -10.000000 0.000000 -2.000000
v -9.000000 0.000000 -2.000000
v -8.000000 0.000000 -2.000000
v -7.000000 0.000000 -2.000000
v -6.000000 0.000000 -2.000000
v -5.000000 0.000000 -2.000000
v -4.000000 0.000000 -2.000000
v -3.000000 0.000000 -2.000000
v -2.000000 0.000000 -2.000000
v -1.000000 0.000000 -2.000000
v 0.000000 0.000000 -2.000000
v 1.000000 0.000000 -2.000000
v 2.000000 0.000000 -2.000000
v 3.000000 0.000000 -2.000000
v 4.000000 0.000000 -2.000000
v 5.000000 0.000000 -2.000000
v 6.000000 0.000000 -2.000000
v 7.000000 0.000000 -2.000000
v 8.000000 0.000000 -2.000000
v 9.000000 0.000000 -2.000000
v 10.000000 0.000000 -2.000000
v 11.000000 0.000000 -2.000000
v 12.000000 0.000000 -2.000000
v -12.000000 0.000000 -1.000000
v -11.000000 0.000000 -1.000000
v -10.000000 0.000000 -1.000000
v -9.000000 0.000000 -1.000000
v -8.000000 0.000000 -1.000000
v -7.000000 0.000000 -1.000000
v -6.000000 0.000000 -1.000000
v -5.000000 0.000000 -1.000000
v -4.000000 0.000000 -1.000000
v -3.000000 0.000000 -1.000000
v -2.000000 0.000000 -1.000000
v -1.000000 0.000000 -1.000000
v 0.000000 0.000000 -1.000000
v 1.000000 0.000000 -1.000000
v 2.000000 0.000000 -1.000000
v 3.000000 0.000000 -1.000000
v 4.000000 0.000000 -1.000000
v 5.000000 0.000000 -1.000000
v 6.000000 0.000000 -1.000000
v 7.000000 0.000000 -1.000000
v 8.000000 0.000000 -1.000000
v 9.000000 0.000000 -1.000000
v 10.000000 0.000000 -1.000000
v 11.000000 0.000000 -1.000000
v 12.000000 0.000000 -1.000000
v -12.000000 0.000000 0.000000
v -11.000000 0.000000 0.000000
v -10.000000 0.000000 0.000000
v -9.000000 0.000000 0.000000
v -8.000000 0.000000 0.000000
v -7.000000 0.000000 0.000000
v -6.000000 0.000000 0.000000
v -5.000000 0.000000 0.000000
v -4.000000 0.000000 0.000000
v -3.000000 0.000000 0.000000
v -2.000000 0.000000 0.000000
v -1.000000 0.000000 0.000000
v 0.000000 0.000000 0.000000
v 1.000000 0.000000 0.000000
v 2.000000 0.000000 0.000000
v 3.000000 0.000000 0.000000
v 4.000000 0.000000 0.000000
v 5.000000 0.000000 0.000000
v 6.000000 0.000000 0.000000
v 7.000000 0.000000 0.000000
v 8.000000 0.000000 0.000000
v 9.000000 0.000000 0.000000
v 10.000000 0.000000 0.000000
v 11.000000 0.000000 0.000000
v 12.000000 0.000000 0.000000
v -12.000000 0.000000 1.000000
v -11.000000 0.000000 1.000000
v -10.000000 0.000000 1.000000
v -9.000000 0.000000 1.000000
v -8.000000 0.000000 1.000000
v -7.000000 0.000000 1.000000
v -6.000000 0.000000 1.000000
v -5.000000 0.000000 1.000000
v -4.000000 0.000000 1.000000
v -3.000000 0.000000 1.000000
v -2.000000 0.000000 1.000000
v -1.000000 0.000000 1.000000
v 0.000000 0.000000 1.000000
v 1.000000 0.000000 1.000000
v 2.000000 0.000000 1.000000
v 3.000000 0.000000 1.000000
v 4.000000 0.000000 1.000000
v 5.000000 0.000000 1.000000
v 6.000000 0.000000 1.000000
v 7.000000 0.000000 1.000000
v 8.000000 0.000000 1.000000
v 9.000000 0.000000 1.000000
v 10.000000 0.000000 1.000000
v 11.000000 0.000000 1.000000
v 12.000000 0.000000 1.000000
v -12.000000 0.000000 2.000000
v -11.000000 0.000000 2.000000
v -10.000000 0.000000 2.000000
v -9.000000 0.000000 2.000000
v -8.000000 0.000000 2.000000
v -7.000000 0.000000 2.000000
v -6.000000 0.000000 2.000000
v -5.000000 0.000000 2.000000
v -4.000000 0.000000 2.000000
v -3.000000 0.000000 2.000000
v -2.000000 0.000000 2.000000
v -1.000000 0.000000 2.000000
v 0.000000 0.000000 2.000000
v 1.000000 0.000000 2.000000
v 2.000000 0.000000 2.000000
v 3.000000 0.000000 2.000000
v 4.000000 0.000000 2.000000
v 5.000000 0.000000 2.000000
v 6.000000 0.000000 2.000000
v 7.000000 0.000000 2.000000
v 8.000000 0.000000 2.000000
v 9.000000 0.000000 2.000000
v 10.000000 0.000000 2.000000
v 11.000000 0.000000 2.000000
v 12.000000 0.000000 2.000000
v -12.000000 0.000000 3.000000
v -11.000000 0.000000 3.000000
v -10.000000 0.000000 3.000000
v -9.000000 0.000000 3.000000
v -8.000000 0.000000 3.000000
v -7.000000 0.000000 3.000000
v -6.000000 0.000000 3.000000
v -5.000000 0.000000 3.000000
v -4.000000 0.000000 3.000000
v -3.000000 0.000000 3.000000
v -2.000000 0.000000 3.000000
v -1.000000 0.000000 3.000000
v 0.000000 0.000000 3.000000
v 1.000000 0.000000 3.000000
v 2.000000 0.000000 3.000000
v 3.000000 0.000000 3.000000
v 4.000000 0.000000 3.000000
v 5.000000 0.000000 3.000000
v 6.000000 0.000000 3.000000
v 7.000000 0.000000 3.000000
v 8.000000 0.000000 3.000000
v 9.000000 0.000000 3.000000
v 10.000000 0.000000 3.000000
v 11.000000 0.000000 3.000000
v 12.000000 0.000000 3.000000
v -12.000000 0.000000 4.000000
v -11.000000 0.000000 4.000000
v -10.000000 0.000000 4.000000
v -9.000000 0.000000 4.000000
v -8.000000 0.000000 4.000000
v -7.000000 0.000000 4.000000
v -6.000000 0.000000 4.000000
v -5.000000 0.000000 4.000000
v -4.000000 0.000000 4.000000
v -3.000000 0.000000 4.000000
v -2.000000 0.000000 4.000000
v -1.000000 0.000000 4.000000
v 0.000000 0.000000 4.000000
v 1.000000 0.000000 4.000000
v 2.000000 0.000000 4.000000
v 3.000000 0.000000 4.000000
v 4.000000 0.000000 4.000000
v 5.000000 0.000000 4.000000
v 6.000000 0.000000 4.000000
v 7.000000 0.000000 4.000000
v 8.000000 0.000000 4.000000
v 9.000000 0.000000 4.000000
v 10.000000 0.000000 4.000000
v 11.000000 0.000000 4.000000
v 12.000000 0.000000 4.000000
v -12.000000 0.000000 5.000000
v -11.000000 0.000000 5.000000
v -10.000000 0.000000 5.000000
v -9.000000 0.000000 5.000000
v -8.000000 0.000000 5.000000
v -7.000000 0.000000 5.000000
v -6.000000 0.000000 5.000000
v -5.000000 0.000000 5.000000
v -4.000000 0.000000 5.000000
v -3.000000 0.000000 5.000000
v -2.000000 0.000000 5.000000
v -1.000000 0.000000 5.000000
v 0.000000 0.000000 5.000000
v 1.000000 0.000000 5.000000
v 2.000000 0.000000 5.000000
v 3.000000 0.000000 5.000000
v 4.000000 0.000000 5.000000
v 5.000000 0.000000 5.000000
v 6.000000 0.000000 5.000000
v 7.000000 0.000000 5.000000
v 8.000000 0.000000 5.000000
v 9.000000 0.000000 5.000000
v 10.000000 0.000000 5.000000
v 11.000000 0.000000 5.000000
v 12.000000 0.000000 5.000000
v -12.000000 0.000000 6.000000
v -11.000000 0.000000 6.000000
v -10.000000 0.000000 6.000000
v -9.000000 0.000000 6.000000
v -8.000000 0.000000 6.000000
v -7.000000 0.000000 6.000000
v -6.000000 0.000000 6.000000
v -5.000000 0.000000 6.000000
v -4.000000 0.000000 6.000000
v -3.000000 0.000000 6.000000
v -2.000000 0.000000 6.000000
v -1.000000 0.000000 6.000000
v 0.000000 0.000000 6.000000
v 1.000000 0.000000 6.000000
v 2.000000 0.000000 6.000000
v 3.000000 0.000000 6.000000
v 4.000000 0.000000 6.000000
v 5.000000 0.000000 6.000000
v 6.000000 0.000000 6.000000
v 7.000000 0.000000 6.000000
v 8.000000 0.000000 6.000000
v 9.000000 0.000000 6.000000
v 10.000000 0.000000 6.000000
v 11.000000 0.000000 6.000000
v 12.000000 0.000000 6.000000
v -12.000000 0.000000 7.000000
v -11.000000 0.000000 7.000000
v -10.000000 0.000000 7.000000
v -9.000000 0.000000 7.000000
v -8.000000 0.000000 7.000000
v -7.000000 0.000000 7.000000
v -6.000000 0.000000 7.000000
v -5.000000 0.000000 7.000000
v -4.000000 0.000000 7.000000
v -3.000000 0.000000 7.000000
v -2.000000 0.000000 7.000000
v -1.000000 0.000000 7.000000
v 0.000000 0.000000 7.000000
v 1.000000 0.000000 7.000000
v 2.000000 0.000000 7.000000
v 3.000000 0.000000 7.000000
v 4.000000 0.000000 7.000000
v 5.000000 0.000000 7.000000
v 6.000000 0.000000 7.000000
v 7.000000 0.000000 7.000000
v 8.000000 0.000000 7.000000
v 9.000000 0.000000 7.000000
v 10.000000 0.000000 7.000000
v 11.000000 0.000000 7.000000
v 12.000000 0.000000 7.000000
v -12.000000 0.000000 8.000000
v -11.000000 0.000000 8.000000
v -10.000000 0.000000 8.000000
v -9.000000 0.000000 8.000000
v -8.000000 0.000000 8.000000
v -7.000000 0.000000 8.000000
v -6.000000 0.000000 8.000000
v -5.000000 0.000000 8.000000
v -4.000000 0.000000 8.000000
v -3.000000 0.000000 8.000000
v -2.000000 0.000000 8.000000
v -1.000000 0.000000 8.000000
v 0.000000 0.000000 8.000000
v 1.000000 0.000000 8.000000
v 2.000000 0.000000 8.000000
v 3.000000 0.000000 8.000000
v 4.000000 0.000000 8.000000
v 5.000000 0.000000 8.000000
v 6.000000 0.000000 8.000000
v 7.000000 0.000000 8.000000
v 8.000000 0.000000 8.000000
v 9.000000 0.000000 8.000000
v 10.000000 0.000000 8.000000
v 11.000000 0.000000 8.000000
v 12.000000 0.000000 8.000000
v -12.000000 0.000000 9.000000
v -11.000000 0.000000 9.000000
v -10.000000 0.000000 9.000000
v -9.000000 0.000000 9.000000
v -8.000000 0.000000 9.000000
v -7.000000 0.000000 9.000000
v -6.000000 0.000000 9.000000
v -5.000000 0.000000 9.000000
v -4.000000 0.000000 9.000000
v -3.000000 0.000000 9.000000
v -2.000000 0.000000 9.000000
v -1.000000 0.000000 9.000000
v 0.000000 0.000000 9.000000
v 1.000000 0.000000 9.000000
v 2.000000 0.000000 9.000000
v 3.000000 0.000000 9.000000
v 4.000000 0.000000 9.000000
v 5.000000 0.000000 9.000000
v 6.000000 0.000000 9.000000
v 7.000000 0.000000 9.000000
v 8.000000 0.000000 9.000000
v 9.000000 0.000000 9.000000
v 10.000000 0.000000 9.000000
v 11.000000 0.000000 9.000000
v 12.000000 0.000000 9.000000
v -12.000000 0.000000 10.000000
v -11.000000 0.000000 10.000000
v -10.000000 0.000000 10.000000
v -9.000000 0.000000 10.000000
v -8.000000 0.000000 10.000000
v -7.000000 0.000000 10.000000
v -6.000000 0.000000 10.000000
v -5.000000 0.000000 10.000000
v -4.000000 0.000000 10.000000
v -3.000000 0.000000 10.000000
v -2.000000 0.000000 10.000000
v -1.000000 0.000000 10.000000
v 0.000000 0.000000 10.000000
v 1.000000 0.000000 10.000000
v 2.000000 0.000000 10.000000
v 3.000000 0.000000 10.000000
v 4.000000 0.000000 10.000000
v 5.000000 0.000000 10.000000
v 6.000000 0.000000 10.000000
v 7.000000 0.000000 10.000000
v 8.000000 0.000000 10.000000
v 9.000000 0.000000 10.000000
v 10.000000 0.000000 10.000000
v 11.000000 0.000000 10.000000
v 12.000000 0.000000 10.000000
v -12.000000 0.000000 11.000000
v -11.000000 0.000000 11.000000
v -10.000000 0.000000 11.000000
v -9.000000 0.000000 11.000000
v -8.000000 0.000000 11.000000
v -7.000000 0.000000 11.000000
v -6.000000 0.000000 11.000000
v -5.000000 0.000000 11.000000
v -4.000000 0.000000 11.000000
v -3.000000 0.000000 11.000000
v -2.000000 0.000000 11.000000
v -1.000000 0.000000 11.000000
v 0.000000 0.000000 11.000000
v 1.000000 0.000000 11.000000
v 2.000000 0.000000 11.000000
v 3.000000 0.000000 11.000000
v 4.000000 0.000000 11.000000
v 5.000000 0.000000 11.000000
v 6.000000 0.000000 11.000000
v 7.000000 0.000000 11.000000
v 8.000000 0.000000 11.000000
v 9.000000 0.000000 11.000000
v 10.000000 0.000000 11.000000
v 11.000000 0.000000 11.000000
v 12.000000 0.000000 11.000000
v -12.000000 0.000000 12.000000
v -11.000000 0.000000 12.000000
v -10.000000 0.000000 12.000000
v -9.000000 0.000000 12.000000
v -8.000000 0.000000 12.000000
v -7.000000 0.000000 12.000000
v -6.000000 0.000000 12.000000
v -5.000000 0.000000 12.000000
v -4.000000 0.000000 12.000000
v -3.000000 0.000000 12.000000
v -2.000000 0.000000 12.000000
v -1.000000 0.000000 12.000000
v 0.000000 0.000000 12.000000
v 1.000000 0.000000 12.000000
v 2.000000 0.000000 12.000000
v 3.000000 0.000000 12.000000
v 4.000000 0.000000 12.000000
v 5.000000 0.000000 12.000000
v 6.000000 0.000000 12.000000
v 7.000000 0.000000 12.000000
v 8.000000 0.000000 12.000000
v 9.000000 0.000000 12.000000
v 10.000000 0.000000 12.000000
v 11.000000 0.000000 12.000000
v 12.000000 0.000000 12.000000
vt 0.000000 0.000000
vt 0.166667 0.000000
vt 0.333333 0.000000
vt 0.500000 0.000000
vt 0.666667 0.000000
vt 0.833333 0.000000
vt 1.000000 0.000000
vt 1.166667 0.000000
vt 1.333333 0.000000
vt 1.500000 0.000000
vt 1.666667 0.000000
vt 1.833333 0.000000
vt 2.000000 0.000000
vt 2.166667 0.000000
vt 2.333333 0.000000
vt 2.500000 0.000000
vt 2.666667 0.000000
vt 2.833333 0.000000
vt 3.000000 0.000000
vt 3.166667 0.000000
vt 3.333333 0.000000
vt 3.500000 0.000000
vt 3.666667 0.000000
vt 3.833333 0.000000
vt 4.000000 0.000000
vt 0.000000 0.166667
vt 0.166667 0.166667
vt 0.333333 0.166667
vt 0.500000 0.166667
vt 0.666667 0.166667
vt 0.833333 0.166667
vt 1.000000 0.166667
vt 1.166667 0.166667
vt 1.333333 0.166667
vt 1.500000 0.166667
vt 1.666667 0.166667
vt 1.833333 0.166667
vt 2.000000 0.166667
vt 2.166667 0.166667
vt 2.333333 0.166667
vt 2.500000 0.166667
vt 2.666667 0.166667
vt 2.833333 0.166667
vt 3.000000 0.166667
vt 3.166667 0.166667
vt 3.333333 0.166667
vt 3.500000 0.166667
vt 3.666667 0.166667
vt 3.833333 0.166667
vt 4.000000 0.166667
vt 0.000000 0.333333
vt 0.166667 0.333333
vt 0.333333 0.333333
vt 0.500000 0.333333
vt 0.666667 0.333333
vt 0.833333 0.333333
vt 1.000000 0.333333
vt 1.166667 0.333333
vt 1.333333 0.333333
vt 1.500000 0.333333
vt 1.666667 0.333333
vt 1.833333 0.333333
vt 2.000000 0.333333
vt 2.166667 0.333333
vt 2.333333 0.333333
vt 2.500000 0.333333
vt 2.666667 0.333333
vt 2.833333 0.333333
vt 3.000000 0.333333
vt 3.166667 0.333333
vt 3.333333 0.333333
vt 3.500000 0.333333
vt 3.666667 0.333333
vt 3.833333 0.333333
vt 4.000000 0.333333
vt 0.000000 0.500000
vt 0.166667 0.500000
vt 0.333333 0.500000
vt 0.500000 0.500000
vt 0.666667 0.500000
vt 0.833333 0.500000
vt 1.000000 0.500000
vt 1.166667 0.500000
vt 1.333333 0.500000
vt 1.500000 0.500000
vt 1.666667 0.500000
vt 1.833333 0.500000
vt 2.000000 0.500000
vt 2.166667 0.500000
vt 2.333333 0.500000
vt 2.500000 0.500000
vt 2.666667 0.500000
vt 2.833333 0.500000
vt 3.000000 0.500000
vt 3.166667 0.500000
vt 3.333333 0.500000
vt 3.500000 0.500000
vt 3.666667 0.500000
vt 3.833333 0.500000
vt 4.000000 0.500000
vt 0.000000 0.666667
vt 0.166667 0.666667
vt 0.333333 0.666667
vt 0.500000 0.666667
vt 0.666667 0.666667
vt 0.833333 0.666667
vt 1.000000 0.666667
vt 1.166667 0.666667
vt 1.333333 0.666667
vt 1.500000 0.666667
vt 1.666667 0.666667
vt 1.833333 0.666667
vt 2.000000 0.666667
vt 2.166667 0.666667
vt 2.333333 0.666667
vt 2.500000 0.666667
vt 2.666667 0.666667
vt 2.833333 0.666667
vt 3.000000 0.666667
vt 3.166667 0.666667
vt 3.333333 0.666667
vt 3.500000 0.666667
vt 3.666667 0.666667
vt 3.833333 0.666667
vt 4.000000 0.666667
vt 0.000000 0.833333
vt 0.166667 0.833333
vt 0.333333 0.833333
vt 0.500000 0.833333
vt 0.666667 0.833333
vt 0.833333 0.833333
vt 1.000000 0.833333
vt 1.166667 0.833333
vt 1.333333 0.833333
vt 1.500000 0.833333
vt 1.666667 0.833333
vt 1.833333 0.833333
vt 2.000000 0.833333
vt 2.166667 0.833333
vt 2.333333 0.833333
vt 2.500000 0.833333
vt 2.666667 0.833333
vt 2.833333 0.833333
vt 3.000000 0.833333
vt 3.166667 0.833333
vt 3.333333 0.833333
vt 3.500000 0.833333
vt 3.666667 0.833333
vt 3.833333 0.833333
vt 4.000000 0.833333
vt 0.000000 1.000000
vt 0.166667 1.000000
vt 0.333333 1.000000
vt 0.500000 1.000000
vt 0.666667 1.000000
vt 0.833333 1.000000
vt 1.000000 1.000000
vt 1.166667 1.000000
vt 1.333333 1.000000
vt 1.500000 1.000000
vt 1.666667 1.000000
vt 1.833333 1.000000
vt 2.000000 1.000000
vt 2.166667 1.000000
vt 2.333333 1.000000
vt 2.500000 1.000000
vt 2.666667 1.000000
vt 2.833333 1.000000
vt 3.000000 1.000000
vt 3.166667 1.000000
vt 3.333333 1.000000
vt 3.500000 1.000000
vt 3.666667 1.000000
vt 3.833333 1.000000
vt 4.000000 1.000000
vt 0.000000 1.166667
vt 0.166667 1.166667
vt 0.333333 1.166667
vt 0.500000 1.166667
vt 0.666667 1.166667
vt 0.833333 1.166667
vt 1.000000 1.166667
vt 1.166667 1.166667
vt 1.333333 1.166667
vt 1.500000 1.166667
vt 1.666667 1.166667
vt 1.833333 1.166667
vt 2.000000 1.166667
vt 2.166667 1.166667
vt 2.333333 1.166667
vt 2.500000 1.166667
vt 2.666667 1.166667
vt 2.833333 1.166667
vt 3.000000 1.166667
vt 3.166667 1.166667
vt 3.333333 1.166667
vt 3.500000 1.166667
vt 3.666667 1.166667
vt 3.833333 1.166667
vt 4.000000 1.166667
vt 0.000000 1.333333
vt 0.166667 1.333333
vt 0.333333 1.333333
vt 0.500000 1.333333
vt 0.666667 1.333333
vt 0.833333 1.333333
vt 1.000000 1.333333
vt 1.166667 1.333333
vt 1.333333 1.333333
vt 1.500000 1.333333
vt 1.666667 1.333333
vt 1.833333 1.333333
vt 2.000000 1.333333
vt 2.166667 1.333333
vt 2.333333 1.333333
vt 2.500000 1.333333
vt 2.666667 1.333333
vt 2.833333 1.333333
vt 3.000000 1.333333
vt 3.166667 1.333333
vt 3.333333 1.333333
vt 3.500000 1.333333
vt 3.666667 1.333333
vt 3.833333 1.333333
vt 4.000000 1.333333
vt 0.000000 1.500000
vt 0.166667 1.500000
vt 0.333333 1.500000
vt 0.500000 1.500000
vt 0.666667 1.500000
vt 0.833333 1.500000
vt 1.000000 1.500000
vt 1.166667 1.500000
vt 1.333333 1.500000
vt 1.500000 1.500000
vt 1.666667 1.500000
vt 1.833333 1.500000
vt 2.000000 1.500000
vt 2.166667 1.500000
vt 2.333333 1.500000
vt 2.500000 1.500000
vt 2.666667 1.500000
vt 2.833333 1.500000
vt 3.000000 1.500000
vt 3.166667 1.500000
vt 3.333333 1.500000
vt 3.500000 1.500000
vt 3.666667 1.500000
vt 3.833333 1.500000
vt 4.000000 1.500000
vt 0.000000 1.666667
vt 0.166667 1.666667
vt 0.333333 1.666667
vt 0.500000 1.666667
vt 0.666667 1.666667
vt 0.833333 1.666667
vt 1.000000 1.666667
vt 1.166667 1.666667
vt 1.333333 1.666667
vt 1.500000 1.666667
vt 1.666667 1.666667
vt 1.833333 1.666667
vt 2.000000 1.666667
vt 2.166667 1.666667
vt 2.333333 1.666667
vt 2.500000 1.666667
vt 2.666667 1.666667
vt 2.833333 1.666667
vt 3.000000 1.666667
vt 3.166667 1.666667
vt 3.333333 1.666667
vt 3.500000 1.666667
vt 3.666667 1.666667
vt 3.833333 1.666667
vt 4.000000 1.666667
vt 0.000000 1.833333
vt 0.166667 1.833333
vt 0.333333 1.833333
vt 0.500000 1.833333
vt 0.666667 1.833333
vt 0.833333 1.833333
vt 1.000000 1.833333
vt 1.166667 1.833333
vt 1.333333 1.833333
vt 1.500000 1.833333
vt 1.666667 1.833333
vt 1.833333 1.833333
vt 2.000000 1.833333
vt 2.166667 1.833333
vt 2.333333 1.833333
vt 2.500000 1.833333
vt 2.666667 1.833333
vt 2.833333 1.833333
vt 3.000000 1.833333
vt 3.166667 1.833333
vt 3.333333 1.833333
vt 3.500000 1.833333
vt 3.666667 1.833333
vt 3.833333 1.833333
vt 4.000000 1.833333
vt 0.000000 2.000000
vt 0.166667 2.000000
vt 0.333333 2.000000
vt 0.500000 2.000000
vt 0.666667 2.000000
vt 0.833333 2.000000
vt 1.000000 2.000000
vt 1.166667 2.000000
vt 1.333333 2.000000
vt 1.500000 2.000000
vt 1.666667 2.000000
vt 1.833333 2.000000
vt 2.000000 2.000000
vt 2.166667 2.000000
vt 2.333333 2.000000
vt 2.500000 2.000000
vt 2.666667 2.000000
vt 2.833333 2.000000
vt 3.000000 2.000000
vt 3.166667 2.000000
vt 3.333333 2.000000
vt 3.500000 2.000000
vt 3.666667 2.000000
vt 3.833333 2.000000
vt 4.000000 2.000000
vt 0.000000 2.166667
vt 0.166667 2.166667
vt 0.333333 2.166667
vt 0.500000 2.166667
vt 0.666667 2.166667
vt 0.833333 2.166667
vt 1.000000 2.166667
vt 1.166667 2.166667
vt 1.333333 2.166667
vt 1.500000 2.166667
vt 1.666667 2.166667
vt 1.833333 2.166667
vt 2.000000 2.166667
vt 2.166667 2.166667
vt 2.333333 2.166667
vt 2.500000 2.166667
vt 2.666667 2.166667
vt 2.833333 2.166667
vt 3.000000 2.166667
vt 3.166667 2.166667
vt 3.333333 2.166667
vt 3.500000 2.166667
vt 3.666667 2.166667
vt 3.833333 2.166667
vt 4.000000 2.166667
vt 0.000000 2.333333
vt 0.166667 2.333333
vt 0.333333 2.333333
vt 0.500000 2.333333
vt 0.666667 2.333333
vt 0.833333 2.333333
vt 1.000000 2.333333
vt 1.166667 2.333333
vt 1.333333 2.333333
vt 1.500000 2.333333
vt 1.666667 2.333333
vt 1.833333 2.333333
vt 2.000000 2.333333
vt 2.166667 2.333333
vt 2.333333 2.333333
vt 2.500000 2.333333
vt 2.666667 2.333333
vt 2.833333 2.333333
vt 3.000000 2.333333
vt 3.166667 2.333333
vt 3.333333 2.333333
vt 3.500000 2.333333
vt 3.666667 2.333333
vt 3.833333 2.333333
vt 4.000000 2.333333
vt 0.000000 2.500000
vt 0.166667 2.500000
vt 0.333333 2.500000
vt 0.500000 2.500000
vt 0.666667 2.500000
vt 0.833333 2.500000
vt 1.000000 2.500000
vt 1.166667 2.500000
vt 1.333333 2.500000
vt 1.500000 2.500000
vt 1.666667 2.500000
vt 1.833333 2.500000
vt 2.000000 2.500000
vt 2.166667 2.500000
vt 2.333333 2.500000
vt 2.500000 2.500000
vt 2.666667 2.500000
vt 2.833333 2.500000
vt 3.000000 2.500000
vt 3.166667 2.500000
vt 3.333333 2.500000
vt 3.500000 2.500000
vt 3.666667 2.500000
vt 3.833333 2.500000
vt 4.000000 2.500000
vt 0.000000 2.666667
vt 0.166667 2.666667
vt 0.333333 2.666667
vt 0.500000 2.666667
vt 0.666667 2.666667
vt 0.833333 2.666667
vt 1.000000 2.666667
vt 1.166667 2.666667
vt 1.333333 2.666667
vt 1.500000 2.666667
vt 1.666667 2.666667
vt 1.833333 2.666667
vt 2.000000 2.666667
vt 2.166667 2.666667
vt 2.333333 2.666667
vt 2.500000 2.666667
vt 2.666667 2.666667
vt 2.833333 2.666667
vt 3.000000 2.666667
vt 3.166667 2.666667
vt 3.333333 2.666667
vt 3.500000 2.666667
vt 3.666667 2.666667
vt 3.833333 2.666667
vt 4.000000 2.666667
vt 0.000000 2.833333
vt 0.166667 2.833333
vt 0.333333 2.833333
vt 0.500000 2.833333
vt 0.666667 2.833333
vt 0.833333 2.833333
vt 1.000000 2.833333
vt 1.166667 2.833333
vt 1.333333 2.833333
vt 1.500000 2.833333
vt 1.666667 2.833333
vt 1.833333 2.833333
vt 2.000000 2.833333
vt 2.166667 2.833333
vt 2.333333 2.833333
vt 2.500000 2.833333
vt 2.666667 2.833333
vt 2.833333 2.833333
vt 3.000000 2.833333
vt 3.166667 2.833333
vt 3.333333 2.833333
vt 3.500000 2.833333
vt 3.666667 2.833333
vt 3.833333 2.833333
vt 4.000000 2.833333
vt 0.000000 3.000000
vt 0.166667 3.000000
vt 0.333333 3.000000
vt 0.500000 3.000000
vt 0.666667 3.000000
vt 0.833333 3.000000
vt 1.000000 3.000000
vt 1.166667 3.000000
vt 1.333333 3.000000
vt 1.500000 3.000000
vt 1.666667 3.000000
vt 1.833333 3.000000
vt 2.000000 3.000000
vt 2.166667 3.000000
vt 2.333333 3.000000
vt 2.500000 3.000000
vt 2.666667 3.000000
vt 2.833333 3.000000
vt 3.000000 3.000000
vt 3.166667 3.000000
vt 3.333333 3.000000
vt 3.500000 3.000000
vt 3.666667 3.000000
vt 3.833333 3.000000
vt 4.000000 3.000000
vt 0.000000 3.166667
vt 0.166667 3.166667
vt 0.333333 3.166667
vt 0.500000 3.166667
vt 0.666667 3.166667
vt 0.833333 3.166667
vt 1.000000 3.166667
vt 1.166667 3.166667
vt 1.333333 3.166667
vt 1.500000 3.166667
vt 1.666667 3.166667
vt 1.833333 3.166667
vt 2.000000 3.166667
vt 2.166667 3.166667
vt 2.333333 3.166667
vt 2.500000 3.166667
vt 2.666667 3.166667
vt 2.833333 3.166667
vt 3.000000 3.166667
vt 3.166667 3.166667
vt 3.333333 3.166667
vt 3.500000 3.166667
vt 3.666667 3.166667
vt 3.833333 3.166667
vt 4.000000 3.166667
vt 0.000000 3.333333
vt 0.166667 3.333333
vt 0.333333 3.333333
vt 0.500000 3.333333
vt 0.666667 3.333333
vt 0.833333 3.333333
vt 1.000000 3.333333
vt 1.166667 3.333333
vt 1.333333 3.333333
vt 1.500000 3.333333
vt 1.666667 3.333333
vt 1.833333 3.333333
vt 2.000000 3.333333
vt 2.166667 3.333333
vt 2.333333 3.333333
vt 2.500000 3.333333
vt 2.666667 3.333333
vt 2.833333 3.333333
vt 3.000000 3.333333
vt 3.166667 3.333333
vt 3.333333 3.333333
vt 3.500000 3.333333
vt 3.666667 3.333333
vt 3.833333 3.333333
vt 4.000000 3.333333
vt 0.000000 3.500000
vt 0.166667 3.500000
vt 0.333333 3.500000
vt 0.500000 3.500000
vt 0.666667 3.500000
vt 0.833333 3.500000
vt 1.000000 3.500000
vt 1.166667 3.500000
vt 1.333333 3.500000
vt 1.500000 3.500000
vt 1.666667 3.500000
vt 1.833333 3.500000
vt 2.000000 3.500000
vt 2.166667 3.500000
vt 2.333333 3.500000
vt 2.500000 3.500000
vt 2.666667 3.500000
vt 2.833333 3.500000
vt 3.000000 3.500000
vt 3.166667 3.500000
vt 3.333333 3.500000
vt 3.500000 3.500000
vt 3.666667 3.500000
vt 3.833333 3.500000
vt 4.000000 3.500000
vt 0.000000 3.666667
vt 0.166667 3.666667
vt 0.333333 3.666667
vt 0.500000 3.666667
vt 0.666667 3.666667
vt 0.833333 3.666667
vt 1.000000 3.666667
vt 1.166667 3.666667
vt 1.333333 3.666667
vt 1.500000 3.666667
vt 1.666667 3.666667
vt 1.833333 3.666667
vt 2.000000 3.666667
vt 2.166667 3.666667
vt 2.333333 3.666667
vt 2.500000 3.666667
vt 2.666667 3.666667
vt 2.833333 3.666667
vt 3.000000 3.666667
vt 3.166667 3.666667
vt 3.333333 3.666667
vt 3.500000 3.666667
vt 3.666667 3.666667
vt 3.833333 3.666667
vt 4.000000 3.666667
vt 0.000000 3.833333
vt 0.166667 3.833333
vt 0.333333 3.833333
vt 0.500000 3.833333
vt 0.666667 3.833333
vt 0.833333 3.833333
vt 1.000000 3.833333
vt 1.166667 3.833333
vt 1.333333 3.833333
vt 1.500000 3.833333
vt 1.666667 3.833333
vt 1.833333 3.833333
vt 2.000000 3.833333
vt 2.166667 3.833333
vt 2.333333 3.833333
vt 2.500000 3.833333
vt 2.666667 3.833333
vt 2.833333 3.833333
vt 3.000000 3.833333
vt 3.166667 3.833333
vt 3.333333 3.833333
vt 3.500000 3.833333
vt 3.666667 3.833333
vt 3.833333 3.833333
vt 4.000000 3.833333
vt 0.000000 4.000000
vt 0.166667 4.000000
vt 0.333333 4.000000
vt 0.500000 4.000000
vt 0.666667 4.000000
vt 0.833333 4.000000
vt 1.000000 4.000000
vt 1.166667 4.000000
vt 1.333333 4.000000
vt 1.500000 4.000000
vt 1.666667 4.000000
vt 1.833333 4.000000
vt 2.000000 4.000000
vt 2.166667 4.000000
vt 2.333333 4.000000
vt 2.500000 4.000000
vt 2.666667 4.000000
vt 2.833333 4.000000
vt 3.000000 4.000000
vt 3.166667 4.000000
vt 3.333333 4.000000
vt 3.500000 4.000000
vt 3.666667 4.000000
vt 3.833333 4.000000
vt 4.000000 4.000000
f 1/1 26/26 2/2
f 2/2 26/26 27/27
f 2/2 27/27 3/3
f 3/3 27/27 28/28
f 3/3 28/28 4/4
f 4/4 28/28 29/29
f 4/4 29/29 5/5
f 5/5 29/29 30/30
f 5/5 30/30 6/6
f 6/6 30/30 31/31
f 6/6 31/31 7/7
f 7/7 31/31 32/32
f 7/7 32/32 8/8
f 8/8 32/32 33/33
f 8/8 33/33 9/9
f 9/9 33/33 34/34
f 9/9 34/34 10/10
f 10/10 34/34 35/35
f 10/10 35/35 11/11
f 11/11 35/35 36/36
f 11/11 36/36 12/12
f 12/12 36/36 37/37
f 12/12 37/37 13/13
f 13/13 37/37 38/38
f 13/13 38/38 14/14
f 14/14 38/38 39/39
f 14/14 39/39 15/15
f 15/15 39/39 40/40
f 15/15 40/40 16/16
f 16/16 40/40 41/41
f 16/16 41/41 17/17
f 17/17 41/41 42/42
f 17/17 42/42 18/18
f 18/18 42/42 43/43
f 18/18 43/43 19/19
f 19/19 43/43 44/44
f 19/19 44/44 20/20
f 20/20 44/44 45/45
f 20/20 45/45 21/21
f 21/21 45/45 46/46
f 21/21 46/46 22/22
f 22/22 46/46 47/47
f 22/22 47/47 23/23
f 23/23 47/47 48/48
f 23/23 48/48 24/24
f 24/24 48/48 49/49
f 24/24 49/49 25/25
f 25/25 49/49 50/50
f 26/26 51/51 27/27
f 27/27 51/51 52/52
f 27/27 52/52 28/28
f 28/28 52/52 53/53
f 28/28 53/53 29/29
f 29/29 53/53 54/54
f 29/29 54/54 30/30
f 30/30 54/54 55/55
f 30/30 55/55 31/31
f 31/31 55/55 56/56
f 31/31 56/56 32/32
f 32/32 56/56 57/57
f 32/32 57/57 33/33
f 33/33 57/57 58/58
f 33/33 58/58 34/34
f 34/34 58/58 59/59
f 34/34 59/59 35/35
f 35/35 59/59 60/60
f 35/35 60/60 36/36
f 36/36 60/60 61/61
f 36/36 61/61 37/37
f 37/37 61/61 62/62
f 37/37 62/62 38/38
f 38/38 62/62 63/63
f 38/38 63/63 39/39
f 39/39 63/63 64/64
f 39/39 64/64 40/40
f 40/40 64/64 65/65
f 40/40 65/65 41/41
f 41/41 65/65 66/66
f 41/41 66/66 42/42
f 42/42 66/66 67/67
f 42/42 67/67 43/43
f 43/43 67/67 68/68
f 43/43 68/68 44/44
f 44/44 68/68 69/69
f 44/44 69/69 45/45
f 45/45 69/69 70/70
f 45/45 70/70 46/46
f 46/46 70/70 71/71
f 46/46 71/71 47/47
f 47/47 71/71 72/72
f 47/47 72/72 48/48
f 48/48 72/72 73/73
f 48/48 73/73 49/49
f 49/49 73/73 74/74
f 49/49 74/74 50/50
f 50/50 74/74 75/75
f 51/51 76/76 52/52
f 52/52 76/76 77/77
f 52/52 77/77 53/53
f 53/53 77/77 78/78
f 53/53 78/78 54/54
f 54/54 78/78 79/79
f 54/54 79/79 55/55
f 55/55 79/79 80/80
f 55/55 80/80 56/56
f 56/56 80/80 81/81
f 56/56 81/81 57/57
f 57/57 81/81 82/82
f 57/57 82/82 58/58
f 58/58 82/82 83/83
f 58/58 83/83 59/59
f 59/59 83/83 84/84
f 59/59 84/84 60/60
f 60/60 84/84 85/85
f 60/60 85/85 61/61
f 61/61 85/85 86/86
f 61/61 86/86 62/62
f 62/62 86/86 87/87
f 62/62 87/87 63/63
f 63/63 87/87 88/88
f 63/63 88/88 64/64
f 64/64 88/88 89/89
f 64/64 89/89 65/65
f 65/65 89/89 90/90
f 65/65 90/90 66/66
f 66/66 90/90 91/91
f 66/66 91/91 67/67
f 67/67 91/91 92/92
f 67/67 92/92 68/68
f 68/68 92/92 93/93
f 68/68 93/93 69/69
f 69/69 93/93 94/94
f 69/69 94/94 70/70
f 70/70 94/94 95/95
f 70/70 95/95 71/71
f 71/71 95/95 96/96
f 71/71 96/96 72/72
f 72/72 96/96 97/97
f 72/72 97/97 73/73
f 73/73 97/97 98/98
f 73/73 98/98 74/74
f 74/74 98/98 99/99
f 74/74 99/99 75/75
f 75/75 99/99 100/100
f 76/76 101/101 77/77
f 77/77 101/101 102/102
f 77/77 102/102 78/78
f 78/78 102/102 103/103
f 78/78 103/103 79/79
f 79/79 103/103 104/104
f 79/79 104/104 80/80
f 80/80 104/104 105/105
f 80/80 105/105 81/81
f 81/81 105/105 106/106
f 81/81 106/106 82/82
f 82/82 106/106 107/107
f 82/82 107/107 83/83
f 83/83 107/107 108/108
f 83/83 108/108 84/84
f 84/84 108/108 109/109
f 84/84 109/109 85/85
f 85/85 109/109 110/110
f 85/85 110/110 86/86
f 86/86 110/110 111/111
f 86/86 111/111 87/87
f 87/87 111/111 112/112
f 87/87 112/112 88/88
f 88/88 112/112 113/113
f 88/88 113/113 89/89
f 89/89 113/113 114/114
f 89/89 114/114 90/90
f 90/90 114/114 115/115
f 90/90 115/115 91/91
f 91/91 115/115 116/116
f 91/91 116/116 92/92
f 92/92 116/116 117/117
f 92/92 117/117 93/93
f 93/93 117/117 118/118
f 93/93 118/118 94/94
f 94/94 118/118 119/119
f 94/94 119/119 95/95
f 95/95 119/119 120/120
f 95/95 120/120 96/96
f 96/96 120/120 121/121
f 96/96 121/121 97/97
f 97/97 121/121 122/122
f 97/97 122/122 98/98
f 98/98 122/122 123/123
f 98/98 123/123 99/99
f 99/99 123/123 124/124
f 99/99 124/124 100/100
f 100/100 124/124 125/125
f 101/101 126/126 102/102
f 102/102 126/126 127/127
f 102/102 127/127 103/103
f 103/103 127/127 128/128
f 103/103 128/128 104/104
f 104/104 128/128 129/129
f 104/104 129/129 105/105
f 105/105 129/129 130/130
f 105/105 130/130 106/106
f 106/106 130/130 131/131
f 106/106 131/131 107/107
f 107/107 131/131 132/132
f 107/107 132/132 108/108
f 108/108 132/132 133/133
f 108/108 133/133 109/109
f 109/109 133/133 134/134
f 109/109 134/134 110/110
f 110/110 134/134 135/135
f 110/110 135/135 111/111
f 111/111 135/135 136/136
f 111/111 136/136 112/112
f 112/112 136/136 137/137
f 112/112 137/137 113/113
f 113/113 137/137 138/138
f 113/113 138/138 114/114
f 114/114 138/138 139/139
f 114/114 139/139 115/115
f 115/115 139/139 140/140
f 115/115 140/140 116/116
f 116/116 140/140 141/141
f 116/116 141/141 117/117
f 117/117 141/141 142/142
f 117/117 142/142 118/118
f 118/118 142/142 143/143
f 118/118 143/143 119/119
f 119/119 143/143 144/144
f 119/119 144/144 120/120
f 120/120 144/144 145/145
f 120/120 145/145 121/121
f 121/121 145/145 146/146
f 121/121 146/146 122/122
f 122/122 146/146 147/147
f 122/122 147/147 123/123
f 123/123 147/147 148/148
f 123/123 148/148 124/124
f 124/124 148/148 149/149
f 124/124 149/149 125/125
f 125/125 149/149 150/150
f 126/126 151/151 127/127
f 127/127 151/151 152/152
f 127/127 152/152 128/128
f 128/128 152/152 153/153
f 128/128 153/153 129/129
f 129/129 153/153 154/154
f 129/129 154/154 130/130
f 130/130 154/154 155/155
f 130/130 155/155 131/131
f 131/131 155/155 156/156
f 131/131 156/156 132/132
f 132/132 156/156 157/157
f 132/132 157/157 133/133
f 133/133 157/157 158/158
f 133/133 158/158 134/134
f 134/134 158/158 159/159
f 134/134 159/159 135/135
f 135/135 159/159 160/160
f 135/135 160/160 136/136
f 136/136 160/160 161/161
f 136/136 161/161 137/137
f 137/137 161/161 162/162
f 137/137 162/162 138/138
f 138/138 162/162 163/163
f 138/138 163/163 139/139
f 139/139 163/163 164/164
f 139/139 164/164 140/140
f 140/140 164/164 165/165
f 140/140 165/165 141/141
f 141/141 165/165 166/166
f 141/141 166/166 142/142
f 142/142 166/166 167/167
f 142/142 167/167 143/143
f 143/143 167/167 168/168
f 143/143 168/168 144/144
f 144/144 168/168 169/169
f 144/144 169/169 145/145
f 145/145 169/169 170/170
f 145/145 170/170 146/146
f 146/146 170/170 171/171
f 146/146 171/171 147/147
f 147/147 171/171 172/172
f 147/147 172/172 148/148
f 148/148 172/172 173/173
f 148/148 173/173 149/149
f 149/149 173/173 174/174
f 149/149 174/174 150/150
f 150/150 174/174 175/175
f 151/151 176/176 152/152
f 152/152 176/176 177/177
f 152/152 177/177 153/153
f 153/153 177/177 178/178
f 153/153 178/178 154/154
f 154/154 178/178 179/179
f 154/154 179/179 155/155
f 155/155 179/179 180/180
f 155/155 180/180 156/156
f 156/156 180/180 181/181
f 156/156 181/181 157/157
f 157/157 181/181 182/182
f 157/157 182/182 158/158
f 158/158 182/182 183/183
f 158/158 183/183 159/159
f 159/159 183/183 184/184
f 159/159 184/184 160/160
f 160/160 184/184 185/185
f 160/160 185/185 161/161
f 161/161 185/185 186/186
f 161/161 186/186 162/162
f 162/162 186/186 187/187
f 162/162 187/187 163/163
f 163/163 187/187 188/188
f 163/163 188/188 164/164
f 164/164 188/188 189/189
f 164/164 189/189 165/165
f 165/165 189/189 190/190
f 165/165 190/190 166/166
f 166/166 190/190 191/191
f 166/166 191/191 167/167
f 167/167 191/191 192/192
f 167/167 192/192 168/168
f 168/168 192/192 193/193
f 168/168 193/193 169/169
f 169/169 193/193 194/194
f 169/169 194/194 170/170
f 170/170 194/194 195/195
f 170/170 195/195 171/171
f 171/171 195/195 196/196
f 171/171 196/196 172/172
f 172/172 196/196 197/197
f 172/172 197/197 173/173
f 173/173 197/197 198/198
f 173/173 198/198 174/174
f 174/174 198/198 199/199
f 174/174 199/199 175/175
f 175/175 199/199 200/200
f 176/176 201/201 177/177
f 177/177 201/201 202/202
f 177/177 202/202 178/178
f 178/178 202/202 203/203
f 178/178 203/203 179/179
f 179/179 203/203 204/204
f 179/179 204/204 180/180
f 180/180 204/204 205/205
f 180/180 205/205 181/181
f 181/181 205/205 206/206
f 181/181 206/206 182/182
f 182/182 206/206 207/207
f 182/182 207/207 183/183
f 183/183 207/207 208/208
f 183/183 208/208 184/184
f 184/184 208/208 209/209
f 184/184 209/209 185/185
f 185/185 209/209 210/210
f 185/185 210/210 186/186
f 186/186 210/210 211/211
f 186/186 211/211 187/187
f 187/187 211/211 212/212
f 187/187 212/212 188/188
f 188/188 212/212 213/213
f 188/188 213/213 189/189
f 189/189 213/213 214/214
f 189/189 214/214 190/190
f 190/190 214/214 215/215
f 190/190 215/215 191/191
f 191/191 215/215 216/216
f 191/191 216/216 192/192
f 192/192 216/216 217/217
f 192/192 217/217 193/193
f 193/193 217/217 218/218
f 193/193 218/218 194/194
f 194/194 218/218 219/219
f 194/194 219/219 195/195
f 195/195 219/219 220/220
f 195/195 220/220 196/196
f 196/196 220/220 221/221
f 196/196 221/221 197/197
f 197/197 221/221 222/222
f 197/197 222/222 198/198
f 198/198 222/222 223/223
f 198/198 223/223 199/199
f 199/199 223/223 224/224
f 199/199 224/224 200/200
f 200/200 224/224 225/225
f 201/201 226/226 202/202
f 202/202 226/226 227/227
f 202/202 227/227 203/203
f 203/203 227/227 228/228
f 203/203 228/228 204/204
f 204/204 228/228 229/229
f 204/204 229/229 205/205
f 205/205 229/229 230/230
f 205/205 230/230 206/206
f 206/206 230/230 231/231
f 206/206 231/231 207/207
f 207/207 231/231 232/232
f 207/207 232/232 208/208
f 208/208 232/232 233/233
f 208/208 233/233 209/209
f 209/209 233/233 234/234
f 209/209 234/234 210/210
f 210/210 234/234 235/235
f 210/210 235/235 211/211
f 211/211 235/235 236/236
f 211/211 236/236 212/212
f 212/212 236/236 237/237
f 212/212 237/237 213/213
f 213/213 237/237 238/238
f 213/213 238/238 214/214
f 214/214 238/238 239/239
f 214/214 239/239 215/215
f 215/215 239/239 240/240
f 215/215 240/240 216/216
f 216/216 240/240 241/241
f 216/216 241/241 217/217
f 217/217 241/241 242/242
f 217/217 242/242 218/218
f 218/218 242/242 243/243
f 218/218 243/243 219/219
f 219/219 243/243 244/244
f 219/219 244/244 220/220
f 220/220 244/244 245/245
f 220/220 245/245 221/221
f 221/221 245/245 246/246
f 221/221 246/246 222/222
f 222/222 246/246 247/247
f 222/222 247/247 223/223
f 223/223 247/247 248/248
f 223/223 248/248 224/224
f 224/224 248/248 249/249
f 224/224 249/249 225/225
f 225/225 249/249 250/250
f 226/226 251/251 227/227
f 227/227 251/251 252/252
f 227/227 252/252 228/228
f 228/228 252/252 253/253
f 228/228 253/253 229/229
f 229/229 253/253 254/254
f 229/229 254/254 230/230
f 230/230 254/254 255/255
f 230/230 255/255 231/231
f 231/231 255/255 256/256
f 231/231 256/256 232/232
f 232/232 256/256 257/257
f 232/232 257/257 233/233
f 233/233 257/257 258/258
f 233/233 258/258 234/234
f 234/234 258/258 259/259
f 234/234 259/259 235/235
f 235/235 259/259 260/260
f 235/235 260/260 236/236
f 236/236 260/260 261/261
f 236/236 261/261 237/237
f 237/237 261/261 262/262
f 237/237 262/262 238/238
f 238/238 262/262 263/263
f 238/238 263/263 239/239
f 239/239 263/263 264/264
f 239/239 264/264 240/240
f 240/240 264/264 265/265
f 240/240 265/265 241/241
f 241/241 265/265 266/266
f 241/241 266/266 242/242
f 242/242 266/266 267/267
f 242/242 267/267 243/243
f 243/243 267/267 268/268
f 243/243 268/268 244/244
f 244/244 268/268 269/269
f 244/244 269/269 245/245
f 245/245 269/269 270/270
f 245/245 270/270 246/246
f 246/246 270/270 271/271
f 246/246 271/271 247/247
f 247/247 271/271 272/272
f 247/247 272/272 248/248
f 248/248 272/272 273/273
f 248/248 273/273 249/249
f 249/249 273/273 274/274
f 249/249 274/274 250/250
f 250/250 274/274 275/275
f 251/251 276/276 252/252
f 252/252 276/276 277/277
f 252/252 277/277 253/253
f 253/253 277/277 278/278
f 253/253 278/278 254/254
f 254/254 278/278 279/279
f 254/254 279/279 255/255
f 255/255 279/279 280/280
f 255/255 280/280 256/256
f 256/256 280/280 281/281
f 256/256 281/281 257/257
f 257/257 281/281 282/282
f 257/257 282/282 258/258
f 258/258 282/282 283/283
f 258/258 283/283 259/259
f 259/259 283/283 284/284
f 259/259 284/284 260/260
f 260/260 284/284 285/285
f 260/260 285/285 261/261
f 261/261 285/285 286/286
f 261/261 286/286 262/262
f 262/262 286/286 287/287
f 262/262 287/287 263/263
f 263/263 287/287 288/288
f 263/263 288/288 264/264
f 264/264 288/288 289/289
f 264/264 289/289 265/265
f 265/265 289/289 290/290
f 265/265 290/290 266/266
f 266/266 290/290 291/291
f 266/266 291/291 267/267
f 267/267 291/291 292/292
f 267/267 292/292 268/268
f 268/268 292/292 293/293
f 268/268 293/293 269/269
f 269/269 293/293 294/294
f 269/269 294/294 270/270
f 270/270 294/294 295/295
f 270/270 295/295 271/271
f 271/271 295/295 296/296
f 271/271 296/296 272/272
f 272/272 296/296 297/297
f 272/272 297/297 273/273
f 273/273 297/297 298/298
f 273/273 298/298 274/274
f 274/274 298/298 299/299
f 274/274 299/299 275/275
f 275/275 299/299 300/300
f 276/276 301/301 277/277
f 277/277 301/301 302/302
f 277/277 302/302 278/278
f 278/278 302/302 303/303
f 278/278 303/303 279/279
f 279/279 303/303 304/304
f 279/279 304/304 280/280
f 280/280 304/304 305/305
f 280/280 305/305 281/281
f 281/281 305/305 306/306
f 281/281 306/306 282/282
f 282/282 306/306 307/307
f 282/282 307/307 283/283
f 283/283 307/307 308/308
f 283/283 308/308 284/284
f 284/284 308/308 309/309
f 284/284 309/309 285/285
f 285/285 309/309 310/310
f 285/285 310/310 286/286
f 286/286 310/310 311/311
f 286/286 311/311 287/287
f 287/287 311/311 312/312
f 287/287 312/312 288/288
f 288/288 312/312 313/313
f 288/288 313/313 289/289
f 289/289 313/313 314/314
f 289/289 314/314 290/290
f 290/290 314/314 315/315
f 290/290 315/315 291/291
f 291/291 315/315 316/316
f 291/291 316/316 292/292
f 292/292 316/316 317/317
f 292/292 317/317 293/293
f 293/293 317/317 318/318
f 293/293 318/318 294/294
f 294/294 318/318 319/319
f 294/294 319/319 295/295
f 295/295 319/319 320/320
f 295/295 320/320 296/296
f 296/296 320/320 321/321
f 296/296 321/321 297/297
f 297/297 321/321 322/322
f 297/297 322/322 298/298
f 298/298 322/322 323/323
f 298/298 323/323 299/299
f 299/299 323/323 324/324
f 299/299 324/324 300/300
f 300/300 324/324 325/325
f 301/301 326/326 302/302
f 302/302 326/326 327/327
f 302/302 327/327 303/303
f 303/303 327/327 328/328
f 303/303 328/328 304/304
f 304/304 328/328 329/329
f 304/304 329/329 305/305
f 305/305 329/329 330/330
f 305/305 330/330 306/306
f 306/306 330/330 331/331
f 306/306 331/331 307/307
f 307/307 331/331 332/332
f 307/307 332/332 308/308
f 308/308 332/332 333/333
f 308/308 333/333 309/309
f 309/309 333/333 334/334
f 309/309 334/334 310/310
f 310/310 334/334 335/335
f 310/310 335/335 311/311
f 311/311 335/335 336/336
f 311/311 336/336 312/312
f 312/312 336/336 337/337
f 312/312 337/337 313/313
f 313/313 337/337 338/338
f 313/313 338/338 314/314
f 314/314 338/338 339/339
f 314/314 339/339 315/315
f 315/315 339/339 340/340
f 315/315 340/340 316/316
f 316/316 340/340 341/341
f 316/316 341/341 317/317
f 317/317 341/341 342/342
f 317/317 342/342 318/318
f 318/318 342/342 343/343
f 318/318 343/343 319/319
f 319/319 343/343 344/344
f 319/319 344/344 320/320
f 320/320 344/344 345/345
f 320/320 345/345 321/321
f 321/321 345/345 346/346
f 321/321 346/346 322/322
f 322/322 346/346 347/347
f 322/322 347/347 323/323
f 323/323 347/347 348/348
f 323/323 348/348 324/324
f 324/324 348/348 349/349
f 324/324 349/349 325/325
f 325/325 349/349 350/350
f 326/326 351/351 327/327
f 327/327 351/351 352/352
f 327/327 352/352 328/328
f 328/328 352/352 353/353
f 328/328 353/353 329/329
f 329/329 353/353 354/354
f 329/329 354/354 330/330
f 330/330 354/354 355/355
f 330/330 355/355 331/331
f 331/331 355/355 356/356
f 331/331 356/356 332/332
f 332/332 356/356 357/357
f 332/332 357/357 333/333
f 333/333 357/357 358/358
f 333/333 358/358 334/334
f 334/334 358/358 359/359
f 334/334 359/359 335/335
f 335/335 359/359 360/360
f 335/335 360/360 336/336
f 336/336 360/360 361/361
f 336/336 361/361 337/337
f 337/337 361/361 362/362
f 337/337 362/362 338/338
f 338/338 362/362 363/363
f 338/338 363/363 339/339
f 339/339 363/363 364/364
f 339/339 364/364 340/340
f 340/340 364/364 365/365
f 340/340 365/365 341/341
f 341/341 365/365 366/366
f 341/341 366/366 342/342
f 342/342 366/366 367/367
f 342/342 367/367 343/343
f 343/343 367/367 368/368
f 343/343 368/368 344/344
f 344/344 368/368 369/369
f 344/344 369/369 345/345
f 345/345 369/369 370/370
f 345/345 370/370 346/346
f 346/346 370/370 371/371
f 346/346 371/371 347/347
f 347/347 371/371 372/372
f 347/347 372/372 348/348
f 348/348 372/372 373/373
f 348/348 373/373 349/349
f 349/349 373/373 374/374
f 349/349 374/374 350/350
f 350/350 374/374 375/375
f 351/351 376/376 352/352
f 352/352 376/376 377/377
f 352/352 377/377 353/353
f 353/353 377/377 378/378
f 353/353 378/378 354/354
f 354/354 378/378 379/379
f 354/354 379/379 355/355
f 355/355 379/379 380/380
f 355/355 380/380 356/356
f 356/356 380/380 381/381
f 356/356 381/381 357/357
f 357/357 381/381 382/382
f 357/357 382/382 358/358
f 358/358 382/382 383/383
f 358/358 383/383 359/359
f 359/359 383/383 384/384
f 359/359 384/384 360/360
f 360/360 384/384 385/385
f 360/360 385/385 361/361
f 361/361 385/385 386/386
f 361/361 386/386 362/362
f 362/362 386/386 387/387
f 362/362 387/387 363/363
f 363/363 387/387 388/388
f 363/363 388/388 364/364
f 364/364 388/388 389/389
f 364/364 389/389 365/365
f 365/365 389/389 390/390
f 365/365 390/390 366/366
f 366/366 390/390 391/391
f 366/366 391/391 367/367
f 367/367 391/391 392/392
f 367/367 392/392 368/368
f 368/368 392/392 393/393
f 368/368 393/393 369/369
f 369/369 393/393 394/394
f 369/369 394/394 370/370
f 370/370 394/394 395/395
f 370/370 395/395 371/371
f 371/371 395/395 396/396
f 371/371 396/396 372/372
f 372/372 396/396 397/397
f 372/372 397/397 373/373
f 373/373 397/397 398/398
f 373/373 398/398 374/374
f 374/374 398/398 399/399
f 374/374 399/399 375/375
f 375/375 399/399 400/400
f 376/376 401/401 377/377
f 377/377 401/401 402/402
f 377/377 402/402 378/378
f 378/378 402/402 403/403
f 378/378 403/403 379/379
f 379/379 403/403 404/404
f 379/379 404/404 380/380
f 380/380 404/404 405/405
f 380/380 405/405 381/381
f 381/381 405/405 406/406
f 381/381 406/406 382/382
f 382/382 406/406 407/407
f 382/382 407/407 383/383
f 383/383 407/407 408/408
f 383/383 408/408 384/384
f 384/384 408/408 409/409
f 384/384 409/409 385/385
f 385/385 409/409 410/410
f 385/385 410/410 386/386
f 386/386 410/410 411/411
f 386/386 411/411 387/387
f 387/387 411/411 412/412
f 387/387 412/412 388/388
f 388/388 412/412 413/413
f 388/388 413/413 389/389
f 389/389 413/413 414/414
f 389/389 414/414 390/390
f 390/390 414/414 415/415
f 390/390 415/415 391/391
f 391/391 415/415 416/416
f 391/391 416/416 392/392
f 392/392 416/416 417/417
f 392/392 417/417 393/393
f 393/393 417/417 418/418
f 393/393 418/418 394/394
f 394/394 418/418 419/419
f 394/394 419/419 395/395
f 395/395 419/419 420/420
f 395/395 420/420 396/396
f 396/396 420/420 421/421
f 396/396 421/421 397/397
f 397/397 421/421 422/422
f 397/397 422/422 398/398
f 398/398 422/422 423/423
f 398/398 423/423 399/399
f 399/399 423/423 424/424
f 399/399 424/424 400/400
f 400/400 424/424 425/425
f 401/401 426/426 402/402
f 402/402 426/426 427/427
f 402/402 427/427 403/403
f 403/403 427/427 428/428
f 403/403 428/428 404/404
f 404/404 428/428 429/429
f 404/404 429/429 405/405
f 405/405 429/429 430/430
f 405/405 430/430 406/406
f 406/406 430/430 431/431
f 406/406 431/431 407/407
f 407/407 431/431 432/432
f 407/407 432/432 408/408
f 408/408 432/432 433/433
f 408/408 433/433 409/409
f 409/409 433/433 434/434
f 409/409 434/434 410/410
f 410/410 434/434 435/435
f 410/410 435/435 411/411
f 411/411 435/435 436/436
f 411/411 436/436 412/412
f 412/412 436/436 437/437
f 412/412 437/437 413/413
f 413/413 437/437 438/438
f 413/413 438/438 414/414
f 414/414 438/438 439/439
f 414/414 439/439 415/415
f 415/415 439/439 440/440
f 415/415 440/440 416/416
f 416/416 440/440 441/441
f 416/416 441/441 417/417
f 417/417 441/441 442/442
f 417/417 442/442 418/418
f 418/418 442/442 443/443
f 418/418 443/443 419/419
f 419/419 443/443 444/444
f 419/419 444/444 420/420
f 420/420 444/444 445/445
f 420/420 445/445 421/421
f 421/421 445/445 446/446
f 421/421 446/446 422/422
f 422/422 446/446 447/447
f 422/422 447/447 423/423
f 423/423 447/447 448/448
f 423/423 448/448 424/424
f 424/424 448/448 449/449
f 424/424 449/449 425/425
f 425/425 449/449 450/450
f 426/426 451/451 427/427
f 427/427 451/451 452/452
f 427/427 452/452 428/428
f 428/428 452/452 453/453
f 428/428 453/453 429/429
f 429/429 453/453 454/454
f 429/429 454/454 430/430
f 430/430 454/454 455/455
f 430/430 455/455 431/431
f 431/431 455/455 456/456
f 431/431 456/456 432/432
f 432/432 456/456 457/457
f 432/432 457/457 433/433
f 433/433 457/457 458/458
f 433/433 458/458 434/434
f 434/434 458/458 459/459
f 434/434 459/459 435/435
f 435/435 459/459 460/460
f 435/435 460/460 436/436
f 436/436 460/460 461/461
f 436/436 461/461 437/437
f 437/437 461/461 462/462
f 437/437 462/462 438/438
f 438/438 462/462 463/463
f 438/438 463/463 439/439
f 439/439 463/463 464/464
f 439/439 464/464 440/440
f 440/440 464/464 465/465
f 440/440 465/465 441/441
f 441/441 465/465 466/466
f 441/441 466/466 442/442
f 442/442 466/466 467/467
f 442/442 467/467 443/443
f 443/443 467/467 468/468
f 443/443 468/468 444/444
f 444/444 468/468 469/469
f 444/444 469/469 445/445
f 445/445 469/469 470/470
f 445/445 470/470 446/446
f 446/446 470/470 471/471
f 446/446 471/471 447/447
f 447/447 471/471 472/472
f 447/447 472/472 448/448
f 448/448 472/472 473/473
f 448/448 473/473 449/449
f 449/449 473/473 474/474
f 449/449 474/474 450/450
f 450/450 474/474 475/475
f 451/451 476/476 452/452
f 452/452 476/476 477/477
f 452/452 477/477 453/453
f 453/453 477/477 478/478
f 453/453 478/478 454/454
f 454/454 478/478 479/479
f 454/454 479/479 455/455
f 455/455 479/479 480/480
f 455/455 480/480 456/456
f 456/456 480/480 481/481
f 456/456 481/481 457/457
f 457/457 481/481 482/482
f 457/457 482/482 458/458
f 458/458 482/482 483/483
f 458/458 483/483 459/459
f 459/459 483/483 484/484
f 459/459 484/484 460/460
f 460/460 484/484 485/485
f 460/460 485/485 461/461
f 461/461 485/485 486/486
f 461/461 486/486 462/462
f 462/462 486/486 487/487
f 462/462 487/487 463/463
f 463/463 487/487 488/488
f 463/463 488/488 464/464
f 464/464 488/488 489/489
f 464/464 489/489 465/465
f 465/465 489/489 490/490
f 465/465 490/490 466/466
f 466/466 490/490 491/491
f 466/466 491/491 467/467
f 467/467 491/491 492/492
f 467/467 492/492 468/468
f 468/468 492/492 493/493
f 468/468 493/493 469/469
f 469/469 493/493 494/494
f 469/469 494/494 470/470
f 470/470 494/494 495/495
f 470/470 495/495 471/471
f 471/471 495/495 496/496
f 471/471 496/496 472/472
f 472/472 496/496 497/497
f 472/472 497/497 473/473
f 473/473 497/497 498/498
f 473/473 498/498 474/474
f 474/474 498/498 499/499
f 474/474 499/499 475/475
f 475/475 499/499 500/500
f 476/476 501/501 477/477
f 477/477 501/501 502/502
f 477/477 502/502 478/478
f 478/478 502/502 503/503
f 478/478 503/503 479/479
f 479/479 503/503 504/504
f 479/479 504/504 480/480
f 480/480 504/504 505/505
f 480/480 505/505 481/481
f 481/481 505/505 506/506
f 481/481 506/506 482/482
f 482/482 506/506 507/507
f 482/482 507/507 483/483
f 483/483 507/507 508/508
f 483/483 508/508 484/484
f 484/484 508/508 509/509
f 484/484 509/509 485/485
f 485/485 509/509 510/510
f 485/485 510/510 486/486
f 486/486 510/510 511/511
f 486/486 511/511 487/487
f 487/487 511/511 512/512
f 487/487 512/512 488/488
f 488/488 512/512 513/513
f 488/488 513/513 489/489
f 489/489 513/513 514/514
f 489/489 514/514 490/490
f 490/490 514/514 515/515
f 490/490 515/515 491/491
f 491/491 515/515 516/516
f 491/491 516/516 492/492
f 492/492 516/516 517/517
f 492/492 517/517 493/493
f 493/493 517/517 518/518
f 493/493 518/518 494/494
f 494/494 518/518 519/519
f 494/494 519/519 495/495
f 495/495 519/519 520/520
f 495/495 520/520 496/496
f 496/496 520/520 521/521
f 496/496 521/521 497/497
f 497/497 521/521 522/522
f 497/497 522/522 498/498
f 498/498 522/522 523/523
f 498/498 523/523 499/499
f 499/499 523/523 524/524
f 499/499 524/524 500/500
f 500/500 524/524 525/525
f 501/501 526/526 502/502
f 502/502 526/526 527/527
f 502/502 527/527 503/503
f 503/503 527/527 528/528
f 503/503 528/528 504/504
f 504/504 528/528 529/529
f 504/504 529/529 505/505
f 505/505 529/529 530/530
f 505/505 530/530 506/506
f 506/506 530/530 531/531
f 506/506 531/531 507/507
f 507/507 531/531 532/532
f 507/507 532/532 508/508
f 508/508 532/532 533/533
f 508/508 533/533 509/509
f 509/509 533/533 534/534
f 509/509 534/534 510/510
f 510/510 534/534 535/535
f 510/510 535/535 511/511
f 511/511 535/535 536/536
f 511/511 536/536 512/512
f 512/512 536/536 537/537
f 512/512 537/537 513/513
f 513/513 537/537 538/538
f 513/513 538/538 514/514
f 514/514 538/538 539/539
f 514/514 539/539 515/515
f 515/515 539/539 540/540
f 515/515 540/540 516/516
f 516/516 540/540 541/541
f 516/516 541/541 517/517
f 517/517 541/541 542/542
f 517/517 542/542 518/518
f 518/518 542/542 543/543
f 518/518 543/543 519/519
f 519/519 543/543 544/544
f 519/519 544/544 520/520
f 520/520 544/544 545/545
f 520/520 545/545 521/521
f 521/521 545/545 546/546
f 521/521 546/546 522/522
f 522/522 546/546 547/547
f 522/522 547/547 523/523
f 523/523 547/547 548/548
f 523/523 548/548 524/524
f 524/524 548/548 549/549
f 524/524 549/549 525/525
f 525/525 549/549 550/550
f 526/526 551/551 527/527
f 527/527 551/551 552/552
f 527/527 552/552 528/528
f 528/528 552/552 553/553
f 528/528 553/553 529/529
f 529/529 553/553 554/554
f 529/529 554/554 530/530
f 530/530 554/554 555/555
f 530/530 555/555 531/531
f 531/531 555/555 556/556
f 531/531 556/556 532/532
f 532/532 556/556 557/557
f 532/532 557/557 533/533
f 533/533 557/557 558/558
f 533/533 558/558 534/534
f 534/534 558/558 559/559
f 534/534 559/559 535/535
f 535/535 559/559 560/560
f 535/535 560/560 536/536
f 536/536 560/560 561/561
f 536/536 561/561 537/537
f 537/537 561/561 562/562
f 537/537 562/562 538/538
f 538/538 562/562 563/563
f 538/538 563/563 539/539
f 539/539 563/563 564/564
f 539/539 564/564 540/540
f 540/540 564/564 565/565
f 540/540 565/565 541/541
f 541/541 565/565 566/566
f 541/541 566/566 542/542
f 542/542 566/566 567/567
f 542/542 567/567 543/543
f 543/543 567/567 568/568
f 543/543 568/568 544/544
f 544/544 568/568 569/569
f 544/544 569/569 545/545
f 545/545 569/569 570/570
f 545/545 570/570 546/546
f 546/546 570/570 571/571
f 546/546 571/571 547/547
f 547/547 571/571 572/572
f 547/547 572/572 548/548
f 548/548 572/572 573/573
f 548/548 573/573 549/549
f 549/549 573/573 574/574
f 549/549 574/574 550/550
f 550/550 574/574 575/575
f 551/551 576/576 552/552
f 552/552 576/576 577/577
f 552/552 577/577 553/553
f 553/553 577/577 578/578
f 553/553 578/578 554/554
f 554/554 578/578 579/579
f 554/554 579/579 555/555
f 555/555 579/579 580/580
f 555/555 580/580 556/556
f 556/556 580/580 581/581
f 556/556 581/581 557/557
f 557/557 581/581 582/582
f 557/557 582/582 558/558
f 558/558 582/582 583/583
f 558/558 583/583 559/559
f 559/559 583/583 584/584
f 559/559 584/584 560/560
f 560/560 584/584 585/585
f 560/560 585/585 561/561
f 561/561 585/585 586/586
f 561/561 586/586 562/562
f 562/562 586/586 587/587
f 562/562 587/587 563/563
f 563/563 587/587 588/588
f 563/563 588/588 564/564
f 564/564 588/588 589/589
f 564/564 589/589 565/565
f 565/565 589/589 590/590
f 565/565 590/590 566/566
f 566/566 590/590 591/591
f 566/566 591/591 567/567
f 567/567 591/591 592/592
f 567/567 592/592 568/568
f 568/568 592/592 593/593
f 568/568 593/593 569/569
f 569/569 593/593 594/594
f 569/569 594/594 570/570
f 570/570 594/594 595/595
f 570/570 595/595 571/571
f 571/571 595/595 596/596
f 571/571 596/596 572/572
f 572/572 596/596 597/597
f 572/572 597/597 573/573
f 573/573 597/597 598/598
f 573/573 598/598 574/574
f 574/574 598/598 599/599
f 574/574 599/599 575/575
f 575/575 599/599 600/600
f 576/576 601/601 577/577
f 577/577 601/601 602/602
f 577/577 602/602 578/578
f 578/578 602/602 603/603
f 578/578 603/603 579/579
f 579/579 603/603 604/604
f 579/579 604/604 580/580
f 580/580 604/604 605/605
f 580/580 605/605 581/581
f 581/581 605/605 606/606
f 581/581 606/606 582/582
f 582/582 606/606 607/607
f 582/582 607/607 583/583
f 583/583 607/607 608/608
f 583/583 608/608 584/584
f 584/584 608/608 609/609
f 584/584 609/609 585/585
f 585/585 609/609 610/610
f 585/585 610/610 586/586
f 586/586 610/610 611/611
f 586/586 611/611 587/587
f 587/587 611/611 612/612
f 587/587 612/612 588/588
f 588/588 612/612 613/613
f 588/588 613/613 589/589
f 589/589 613/613 614/614
f 589/589 614/614 590/590
f 590/590 614/614 615/615
f 590/590 615/615 591/591
f 591/591 615/615 616/616
f 591/591 616/616 592/592
f 592/592 616/616 617/617
f 592/592 617/617 593/593
f 593/593 617/617 618/618
f 593/593 618/618 594/594
f 594/594 618/618 619/619
f 594/594 619/619 595/595
f 595/595 619/619 620/620
f 595/595 620/620 596/596
f 596/596 620/620 621/621
f 596/596 621/621 597/597
f 597/597 621/621 622/622
f 597/597 622/622 598/598
f 598/598 622/622 623/623
f 598/598 623/623 599/599
f 599/599 623/623 624/624
f 599/599 624/624 600/600
f 600/600 624/624 625/625
o BallBig
usemtl Stripe
v 0.000000 2.000000 0.000000
v 0.000000 2.000000 0.000000
v 0.000000 2.000000 0.000000
v 0.000000 2.000000 0.000000
v 0.000000 2.000000 0.000000
v 0.000000 2.000000 0.000000
v 0.000000 2.000000 0.000000
v 0.000000 2.000000 0.000000
v 0.000000 2.000000 0.000000
v 0.000000 2.000000 0.000000
v 0.000000 2.000000 0.000000
v 0.000000 2.000000 0.000000
v 0.000000 2.000000 0.000000
v 0.000000 2.000000 0.000000
v 0.000000 2.000000 0.000000
v 0.000000 2.000000 0.000000
v 0.000000 2.000000 0.000000
v 0.000000 2.000000 0.000000
v 0.000000 2.000000 0.000000
v 0.000000 2.000000 0.000000
v 0.000000 2.000000 0.000000
v 0.000000 2.000000 0.000000
v 0.000000 2.000000 0.000000
v 0.000000 2.000000 0.000000
v 0.000000 2.000000 0.000000
v 0.000000 2.000000 0.000000
v 0.000000 2.000000 0.000000
v 0.000000 2.000000 0.000000
v 0.000000 2.000000 0.000000
v 0.000000 2.000000 0.000000
v 0.000000 2.000000 0.000000
v 0.000000 2.000000 0.000000
v 0.000000 2.000000 0.000000
v 0.000000 2.000000 0.000000
v 0.000000 2.000000 0.000000
v 0.000000 2.000000 0.000000
v 0.000000 2.000000 0.000000
v 0.000000 2.000000 0.000000
v 0.000000 2.000000 0.000000
v 0.000000 2.000000 0.000000
v 0.000000 2.000000 0.000000
v 0.000000 2.000000 0.000000
v 0.000000 2.000000 0.000000
v 0.000000 2.000000 0.000000
v 0.000000 2.000000 0.000000
v 0.000000 2.000000 0.000000
v 0.000000 2.000000 0.000000
v 0.000000 2.000000 0.000000
v 0.000000 2.000000 0.000000
v 0.130526 1.991445 0.000000
v 0.129410 1.991445 0.017037
v 0.126079 1.991445 0.033783
v 0.120590 1.991445 0.049950
v 0.113039 1.991445 0.065263
v 0.103553 1.991445 0.079459
v 0.092296 1.991445 0.092296
v 0.079459 1.991445 0.103553
v 0.065263 1.991445 0.113039
v 0.049950 1.991445 0.120590
v 0.033783 1.991445 0.126079
v 0.017037 1.991445 0.129410
v 0.000000 1.991445 0.130526
v -0.017037 1.991445 0.129410
v -0.033783 1.991445 0.126079
v -0.049950 1.991445 0.120590
v -0.065263 1.991445 0.113039
v -0.079459 1.991445 0.103553
v -0.092296 1.991445 0.092296
v -0.103553 1.991445 0.079459
v -0.113039 1.991445 0.065263
v -0.120590 1.991445 0.049950
v -0.126079 1.991445 0.033783
v -0.129410 1.991445 0.017037
v -0.130526 1.991445 0.000000
v -0.129410 1.991445 -0.017037
v -0.126079 1.991445 -0.033783
v -0.120590 1.991445 -0.049950
v -0.113039 1.991445 -0.065263
v -0.103553 1.991445 -0.079459
v -0.092296 1.991445 -0.092296
v -0.079459 1.991445 -0.103553
v -0.065263 1.991445 -0.113039
v -0.049950 1.991445 -0.120590
v -0.033783 1.991445 -0.126079
v -0.017037 1.991445 -0.129410
v -0.000000 1.991445 -0.130526
v 0.017037 1.991445 -0.129410
v 0.033783 1.991445 -0.126079
v 0.049950 1.991445 -0.120590
v 0.065263 1.991445 -0.113039
v 0.079459 1.991445 -0.103553
v 0.092296 1.991445 -0.092296
v 0.103553 1.991445 -0.079459
v 0.113039 1.991445 -0.065263
v 0.120590 1.991445 -0.049950
v 0.126079 1.991445 -0.033783
v 0.129410 1.991445 -0.017037
v 0.130526 1.991445 -0.000000
v 0.258819 1.965926 0.000000
v 0.256605 1.965926 0.033783
v 0.250000 1.965926 0.066987
v 0.239118 1.965926 0.099046
v 0.224144 1.965926 0.129410
v 0.205335 1.965926 0.157559
v 0.183013 1.965926 0.183013
v 0.157559 1.965926 0.205335
v 0.129410 1.965926 0.224144
v 0.099046 1.965926 0.239118
v 0.066987 1.965926 0.250000
v 0.033783 1.965926 0.256605
v 0.000000 1.965926 0.258819
v -0.033783 1.965926 0.256605
v -0.066987 1.965926 0.250000
v -0.099046 1.965926 0.239118
v -0.129410 1.965926 0.224144
v -0.157559 1.965926 0.205335
v -0.183013 1.965926 0.183013
v -0.205335 1.965926 0.157559
v -0.224144 1.965926 0.129410
v -0.239118 1.965926 0.099046
v -0.250000 1.965926 0.066987
v -0.256605 1.965926 0.033783
v -0.258819 1.965926 0.000000
v -0.256605 1.965926 -0.033783
v -0.250000 1.965926 -0.066987
v -0.239118 1.965926 -0.099046
v -0.224144 1.965926 -0.129410
v -0.205335 1.965926 -0.157559
v -0.183013 1.965926 -0.183013
v -0.157559 1.965926 -0.205335
v -0.129410 1.965926 -0.224144
v -0.099046 1.965926 -0.239118
v -0.066987 1.965926 -0.250000
v -0.033783 1.965926 -0.256605
v -0.000000 1.965926 -0.258819
v 0.033783 1.965926 -0.256605
v 0.066987 1.965926 -0.250000
v 0.099046 1.965926 -0.239118
v 0.129410 1.965926 -0.224144
v 0.157559 1.965926 -0.205335
v 0.183013 1.965926 -0.183013
v 0.205335 1.965926 -0.157559
v 0.224144 1.965926 -0.129410
v 0.239118 1.965926 -0.099046
v 0.250000 1.965926 -0.066987
v 0.256605 1.965926 -0.033783
v 0.258819 1.965926 -0.000000
v 0.382683 1.923880 0.000000
v 0.379410 1.923880 0.049950
v 0.369644 1.923880 0.099046
v 0.353553 1.923880 0.146447
v 0.331414 1.923880 0.191342
v 0.303603 1.923880 0.232963
v 0.270598 1.923880 0.270598
v 0.232963 1.923880 0.303603
v 0.191342 1.923880 0.331414
v 0.146447 1.923880 0.353553
v 0.099046 1.923880 0.369644
v 0.049950 1.923880 0.379410
v 0.000000 1.923880 0.382683
v -0.049950 1.923880 0.379410
v -0.099046 1.923880 0.369644
v -0.146447 1.923880 0.353553
v -0.191342 1.923880 0.331414
v -0.232963 1.923880 0.303603
v -0.270598 1.923880 0.270598
v -0.303603 1.923880 0.232963
v -0.331414 1.923880 0.191342
v -0.353553 1.923880 0.146447
v -0.369644 1.923880 0.099046
v -0.379410 1.923880 0.049950
v -0.382683 1.923880 0.000000
v -0.379410 1.923880 -0.049950
v -0.369644 1.923880 -0.099046
v -0.353553 1.923880 -0.146447
v -0.331414 1.923880 -0.191342
v -0.303603 1.923880 -0.232963
v -0.270598 1.923880 -0.270598
v -0.232963 1.923880 -0.303603
v -0.191342 1.923880 -0.331414
v -0.146447 1.923880 -0.353553
v -0.099046 1.923880 -0.369644
v -0.049950 1.923880 -0.379410
v -0.000000 1.923880 -0.382683
v 0.049950 1.923880 -0.379410
v 0.099046 1.923880 -0.369644
v 0.146447 1.923880 -0.353553
v 0.191342 1.923880 -0.331414
v 0.232963 1.923880 -0.303603
v 0.270598 1.923880 -0.270598
v 0.303603 1.923880 -0.232963
v 0.331414 1.923880 -0.191342
v 0.353553 1.923880 -0.146447
v 0.369644 1.923880 -0.099046
v 0.379410 1.923880 -0.049950
v 0.382683 1.923880 -0.000000
v 0.500000 1.866025 0.000000
v 0.495722 1.866025 0.065263
v 0.482963 1.866025 0.129410
v 0.461940 1.866025 0.191342
v 0.433013 1.866025 0.250000
v 0.396677 1.866025 0.304381
v 0.353553 1.866025 0.353553
v 0.304381 1.866025 0.396677
v 0.250000 1.866025 0.433013
v 0.191342 1.866025 0.461940
v 0.129410 1.866025 0.482963
v 0.065263 1.866025 0.495722
v 0.000000 1.866025 0.500000
v -0.065263 1.866025 0.495722
v -0.129410 1.866025 0.482963
v -0.191342 1.866025 0.461940
v -0.250000 1.866025 0.433013
v -0.304381 1.866025 0.396677
v -0.353553 1.866025 0.353553
v -0.396677 1.866025 0.304381
v -0.433013 1.866025 0.250000
v -0.461940 1.866025 0.191342
v -0.482963 1.866025 0.129410
v -0.495722 1.866025 0.065263
v -0.500000 1.866025 0.000000
v -0.495722 1.866025 -0.065263
v -0.482963 1.866025 -0.129410
v -0.461940 1.866025 -0.191342
v -0.433013 1.866025 -0.250000
v -0.396677 1.866025 -0.304381
v -0.353553 1.866025 -0.353553
v -0.304381 1.866025 -0.396677
v -0.250000 1.866025 -0.433013
v -0.191342 1.866025 -0.461940
v -0.129410 1.866025 -0.482963
v -0.065263 1.866025 -0.495722
v -0.000000 1.866025 -0.500000
v 0.065263 1.866025 -0.495722
v 0.129410 1.866025 -0.482963
v 0.191342 1.866025 -0.461940
v 0.250000 1.866025 -0.433013
v 0.304381 1.866025 -0.396677
v 0.353553 1.866025 -0.353553
v 0.396677 1.866025 -0.304381
v 0.433013 1.866025 -0.250000
v 0.461940 1.866025 -0.191342
v 0.482963 1.866025 -0.129410
v 0.495722 1.866025 -0.065263
v 0.500000 1.866025 -0.000000
v 0.608761 1.793353 0.000000
v 0.603553 1.793353 0.079459
v 0.588018 1.793353 0.157559
v 0.562422 1.793353 0.232963
v 0.527203 1.793353 0.304381
v 0.482963 1.793353 0.370590
v 0.430459 1.793353 0.430459
v 0.370590 1.793353 0.482963
v 0.304381 1.793353 0.527203
v 0.232963 1.793353 0.562422
v 0.157559 1.793353 0.588018
v 0.079459 1.793353 0.603553
v 0.000000 1.793353 0.608761
v -0.079459 1.793353 0.603553
v -0.157559 1.793353 0.588018
v -0.232963 1.793353 0.562422
v -0.304381 1.793353 0.527203
v -0.370590 1.793353 0.482963
v -0.430459 1.793353 0.430459
v -0.482963 1.793353 0.370590
v -0.527203 1.793353 0.304381
v -0.562422 1.793353 0.232963
v -0.588018 1.793353 0.157559
v -0.603553 1.793353 0.079459
v -0.608761 1.793353 0.000000
v -0.603553 1.793353 -0.079459
v -0.588018 1.793353 -0.157559
v -0.562422 1.793353 -0.232963
v -0.527203 1.793353 -0.304381
v -0.482963 1.793353 -0.370590
v -0.430459 1.793353 -0.430459
v -0.370590 1.793353 -0.482963
v -0.304381 1.793353 -0.527203
v -0.232963 1.793353 -0.562422
v -0.157559 1.793353 -0.588018
v -0.079459 1.793353 -0.603553
v -0.000000 1.793353 -0.608761
v 0.079459 1.793353 -0.603553
v 0.157559 1.793353 -0.588018
v 0.232963 1.793353 -0.562422
v 0.304381 1.793353 -0.527203
v 0.370590 1.793353 -0.482963
v 0.430459 1.793353 -0.430459
v 0.482963 1.793353 -0.370590
v 0.527203 1.793353 -0.304381
v 0.562422 1.793353 -0.232963
v 0.588018 1.793353 -0.157559
v 0.603553 1.793353 -0.079459
v 0.608761 1.793353 -0.000000
v 0.707107 1.707107 0.000000
v 0.701057 1.707107 0.092296
v 0.683013 1.707107 0.183013
v 0.653281 1.707107 0.270598
v 0.612372 1.707107 0.353553
v 0.560986 1.707107 0.430459
v 0.500000 1.707107 0.500000
v 0.430459 1.707107 0.560986
v 0.353553 1.707107 0.612372
v 0.270598 1.707107 0.653281
v 0.183013 1.707107 0.683013
v 0.092296 1.707107 0.701057
v 0.000000 1.707107 0.707107
v -0.092296 1.707107 0.701057
v -0.183013 1.707107 0.683013
v -0.270598 1.707107 0.653281
v -0.353553 1.707107 0.612372
v -0.430459 1.707107 0.560986
v -0.500000 1.707107 0.500000
v -0.560986 1.707107 0.430459
v -0.612372 1.707107 0.353553
v -0.653281 1.707107 0.270598
v -0.683013 1.707107 0.183013
v -0.701057 1.707107 0.092296
v -0.707107 1.707107 0.000000
v -0.701057 1.707107 -0.092296
v -0.683013 1.707107 -0.183013
v -0.653281 1.707107 -0.270598
v -0.612372 1.707107 -0.353553
v -0.560986 1.707107 -0.430459
v -0.500000 1.707107 -0.500000
v -0.430459 1.707107 -0.560986
v -0.353553 1.707107 -0.612372
v -0.270598 1.707107 -0.653281
v -0.183013 1.707107 -0.683013
v -0.092296 1.707107 -0.701057
v -0.000000 1.707107 -0.707107
v 0.092296 1.707107 -0.701057
v 0.183013 1.707107 -0.683013
v 0.270598 1.707107 -0.653281
v 0.353553 1.707107 -0.612372
v 0.430459 1.707107 -0.560986
v 0.500000 1.707107 -0.500000
v 0.560986 1.707107 -0.430459
v 0.612372 1.707107 -0.353553
v 0.653281 1.707107 -0.270598
v 0.683013 1.707107 -0.183013
v 0.701057 1.707107 -0.092296
v 0.707107 1.707107 -0.000000
v 0.793353 1.608761 0.000000
v 0.786566 1.608761 0.103553
v 0.766320 1.608761 0.205335
v 0.732963 1.608761 0.303603
v 0.687064 1.608761 0.396677
v 0.629410 1.608761 0.482963
v 0.560986 1.608761 0.560986
v 0.482963 1.608761 0.629410
v 0.396677 1.608761 0.687064
v 0.303603 1.608761 0.732963
v 0.205335 1.608761 0.766320
v 0.103553 1.608761 0.786566
v 0.000000 1.608761 0.793353
v -0.103553 1.608761 0.786566
v -0.205335 1.608761 0.766320
v -0.303603 1.608761 0.732963
v -0.396677 1.608761 0.687064
v -0.482963 1.608761 0.629410
v -0.560986 1.608761 0.560986
v -0.629410 1.608761 0.482963
v -0.687064 1.608761 0.396677
v -0.732963 1.608761 0.303603
v -0.766320 1.608761 0.205335
v -0.786566 1.608761 0.103553
v -0.793353 1.608761 0.000000
v -0.786566 1.608761 -0.103553
v -0.766320 1.608761 -0.205335
v -0.732963 1.608761 -0.303603
v -0.687064 1.608761 -0.396677
v -0.629410 1.608761 -0.482963
v -0.560986 1.608761 -0.560986
v -0.482963 1.608761 -0.629410
v -0.396677 1.608761 -0.687064
v -0.303603 1.608761 -0.732963
v -0.205335 1.608761 -0.766320
v -0.103553 1.608761 -0.786566
v -0.000000 1.608761 -0.793353
v 0.103553 1.608761 -0.786566
v 0.205335 1.608761 -0.766320
v 0.303603 1.608761 -0.732963
v 0.396677 1.608761 -0.687064
v 0.482963 1.608761 -0.629410
v 0.560986 1.608761 -0.560986
v 0.629410 1.608761 -0.482963
v 0.687064 1.608761 -0.396677
v 0.732963 1.608761 -0.303603
v 0.766320 1.608761 -0.205335
v 0.786566 1.608761 -0.103553
v 0.793353 1.608761 -0.000000
v 0.866025 1.500000 0.000000
v 0.858616 1.500000 0.113039
v 0.836516 1.500000 0.224144
v 0.800103 1.500000 0.331414
v 0.750000 1.500000 0.433013
v 0.687064 1.500000 0.527203
v 0.612372 1.500000 0.612372
v 0.527203 1.500000 0.687064
v 0.433013 1.500000 0.750000
v 0.331414 1.500000 0.800103
v 0.224144 1.500000 0.836516
v 0.113039 1.500000 0.858616
v 0.000000 1.500000 0.866025
v -0.113039 1.500000 0.858616
v -0.224144 1.500000 0.836516
v -0.331414 1.500000 0.800103
v -0.433013 1.500000 0.750000
v -0.527203 1.500000 0.687064
v -0.612372 1.500000 0.612372
v -0.687064 1.500000 0.527203
v -0.750000 1.500000 0.433013
v -0.800103 1.500000 0.331414
v -0.836516 1.500000 0.224144
v -0.858616 1.500000 0.113039
v -0.866025 1.500000 0.000000
v -0.858616 1.500000 -0.113039
v -0.836516 1.500000 -0.224144
v -0.800103 1.500000 -0.331414
v -0.750000 1.500000 -0.433013
v -0.687064 1.500000 -0.527203
v -0.612372 1.500000 -0.612372
v -0.527203 1.500000 -0.687064
v -0.433013 1.500000 -0.750000
v -0.331414 1.500000 -0.800103
v -0.224144 1.500000 -0.836516
v -0.113039 1.500000 -0.858616
v -0.000000 1.500000 -0.866025
v 0.113039 1.500000 -0.858616
v 0.224144 1.500000 -0.836516
v 0.331414 1.500000 -0.800103
v 0.433013 1.500000 -0.750000
v 0.527203 1.500000 -0.687064
v 0.612372 1.500000 -0.612372
v 0.687064 1.500000 -0.527203
v 0.750000 1.500000 -0.433013
v 0.800103 1.500000 -0.331414
v 0.836516 1.500000 -0.224144
v 0.858616 1.500000 -0.113039
v 0.866025 1.500000 -0.000000
v 0.923880 1.382683 0.000000
v 0.915976 1.382683 0.120590
v 0.892399 1.382683 0.239118
v 0.853553 1.382683 0.353553
v 0.800103 1.382683 0.461940
v 0.732963 1.382683 0.562422
v 0.653281 1.382683 0.653281
v 0.562422 1.382683 0.732963
v 0.461940 1.382683 0.800103
v 0.353553 1.382683 0.853553
v 0.239118 1.382683 0.892399
v 0.120590 1.382683 0.915976
v 0.000000 1.382683 0.923880
v -0.120590 1.382683 0.915976
v -0.239118 1.382683 0.892399
v -0.353553 1.382683 0.853553
v -0.461940 1.382683 0.800103
v -0.562422 1.382683 0.732963
v -0.653281 1.382683 0.653281
v -0.732963 1.382683 0.562422
v -0.800103 1.382683 0.461940
v -0.853553 1.382683 0.353553
v -0.892399 1.382683 0.239118
v -0.915976 1.382683 0.120590
v -0.923880 1.382683 0.000000
v -0.915976 1.382683 -0.120590
v -0.892399 1.382683 -0.239118
v -0.853553 1.382683 -0.353553
v -0.800103 1.382683 -0.461940
v -0.732963 1.382683 -0.562422
v -0.653281 1.382683 -0.653281
v -0.562422 1.382683 -0.732963
v -0.461940 1.382683 -0.800103
v -0.353553 1.382683 -0.853553
v -0.239118 1.382683 -0.892399
v -0.120590 1.382683 -0.915976
v -0.000000 1.382683 -0.923880
v 0.120590 1.382683 -0.915976
v 0.239118 1.382683 -0.892399
v 0.353553 1.382683 -0.853553
v 0.461940 1.382683 -0.800103
v 0.562422 1.382683 -0.732963
v 0.653281 1.382683 -0.653281
v 0.732963 1.382683 -0.562422
v 0.800103 1.382683 -0.461940
v 0.853553 1.382683 -0.353553
v 0.892399 1.382683 -0.239118
v 0.915976 1.382683 -0.120590
v 0.923880 1.382683 -0.000000
v 0.965926 1.258819 0.000000
v 0.957662 1.258819 0.126079
v 0.933013 1.258819 0.250000
v 0.892399 1.258819 0.369644
v 0.836516 1.258819 0.482963
v 0.766320 1.258819 0.588018
v 0.683013 1.258819 0.683013
v 0.588018 1.258819 0.766320
v 0.482963 1.258819 0.836516
v 0.369644 1.258819 0.892399
v 0.250000 1.258819 0.933013
v 0.126079 1.258819 0.957662
v 0.000000 1.258819 0.965926
v -0.126079 1.258819 0.957662
v -0.250000 1.258819 0.933013
v -0.369644 1.258819 0.892399
v -0.482963 1.258819 0.836516
v -0.588018 1.258819 0.766320
v -0.683013 1.258819 0.683013
v -0.766320 1.258819 0.588018
v -0.836516 1.258819 0.482963
v -0.892399 1.258819 0.369644
v -0.933013 1.258819 0.250000
v -0.957662 1.258819 0.126079
v -0.965926 1.258819 0.000000
v -0.957662 1.258819 -0.126079
v -0.933013 1.258819 -0.250000
v -0.892399 1.258819 -0.369644
v -0.836516 1.258819 -0.482963
v -0.766320 1.258819 -0.588018
v -0.683013 1.258819 -0.683013
v -0.588018 1.258819 -0.766320
v -0.482963 1.258819 -0.836516
v -0.369644 1.258819 -0.892399
v -0.250000 1.258819 -0.933013
v -0.126079 1.258819 -0.957662
v -0.000000 1.258819 -0.965926
v 0.126079 1.258819 -0.957662
v 0.250000 1.258819 -0.933013
v 0.369644 1.258819 -0.892399
v 0.482963 1.258819 -0.836516
v 0.588018 1.258819 -0.766320
v 0.683013 1.258819 -0.683013
v 0.766320 1.258819 -0.588018
v 0.836516 1.258819 -0.482963
v 0.892399 1.258819 -0.369644
v 0.933013 1.258819 -0.250000
v 0.957662 1.258819 -0.126079
v 0.965926 1.258819 -0.000000
v 0.991445 1.130526 0.000000
v 0.982963 1.130526 0.129410
v 0.957662 1.130526 0.256605
v 0.915976 1.130526 0.379410
v 0.858616 1.130526 0.495722
v 0.786566 1.130526 0.603553
v 0.701057 1.130526 0.701057
v 0.603553 1.130526 0.786566
v 0.495722 1.130526 0.858616
v 0.379410 1.130526 0.915976
v 0.256605 1.130526 0.957662
v 0.129410 1.130526 0.982963
v 0.000000 1.130526 0.991445
v -0.129410 1.130526 0.982963
v -0.256605 1.130526 0.957662
v -0.379410 1.130526 0.915976
v -0.495722 1.130526 0.858616
v -0.603553 1.130526 0.786566
v -0.701057 1.130526 0.701057
v -0.786566 1.130526 0.603553
v -0.858616 1.130526 0.495722
v -0.915976 1.130526 0.379410
v -0.957662 1.130526 0.256605
v -0.982963 1.130526 0.129410
v -0.991445 1.130526 0.000000
v -0.982963 1.130526 -0.129410
v -0.957662 1.130526 -0.256605
v -0.915976 1.130526 -0.379410
v -0.858616 1.130526 -0.495722
v -0.786566 1.130526 -0.603553
v -0.701057 1.130526 -0.701057
v -0.603553 1.130526 -0.786566
v -0.495722 1.130526 -0.858616
v -0.379410 1.130526 -0.915976
v -0.256605 1.130526 -0.957662
v -0.129410 1.130526 -0.982963
v -0.000000 1.130526 -0.991445
v 0.129410 1.130526 -0.982963
v 0.256605 1.130526 -0.957662
v 0.379410 1.130526 -0.915976
v 0.495722 1.130526 -0.858616
v 0.603553 1.130526 -0.786566
v 0.701057 1.130526 -0.701057
v 0.786566 1.130526 -0.603553
v 0.858616 1.130526 -0.495722
v 0.915976 1.130526 -0.379410
v 0.957662 1.130526 -0.256605
v 0.982963 1.130526 -0.129410
v 0.991445 1.130526 -0.000000
v 1.000000 1.000000 0.000000
v 0.991445 1.000000 0.130526
v 0.965926 1.000000 0.258819
v 0.923880 1.000000 0.382683
v 0.866025 1.000000 0.500000
v 0.793353 1.000000 0.608761
v 0.707107 1.000000 0.707107
v 0.608761 1.000000 0.793353
v 0.500000 1.000000 0.866025
v 0.382683 1.000000 0.923880
v 0.258819 1.000000 0.965926
v 0.130526 1.000000 0.991445
v 0.000000 1.000000 1.000000
v -0.130526 1.000000 0.991445
v -0.258819 1.000000 0.965926
v -0.382683 1.000000 0.923880
v -0.500000 1.000000 0.866025
v -0.608761 1.000000 0.793353
v -0.707107 1.000000 0.707107
v -0.793353 1.000000 0.608761
v -0.866025 1.000000 0.500000
v -0.923880 1.000000 0.382683
v -0.965926 1.000000 0.258819
v -0.991445 1.000000 0.130526
v -1.000000 1.000000 0.000000
v -0.991445 1.000000 -0.130526
v -0.965926 1.000000 -0.258819
v -0.923880 1.000000 -0.382683
v -0.866025 1.000000 -0.500000
v -0.793353 1.000000 -0.608761
v -0.707107 1.000000 -0.707107
v -0.608761 1.000000 -0.793353
v -0.500000 1.000000 -0.866025
v -0.382683 1.000000 -0.923880
v -0.258819 1.000000 -0.965926
v -0.130526 1.000000 -0.991445
v -0.000000 1.000000 -1.000000
v 0.130526 1.000000 -0.991445
v 0.258819 1.000000 -0.965926
v 0.382683 1.000000 -0.923880
v 0.500000 1.000000 -0.866025
v 0.608761 1.000000 -0.793353
v 0.707107 1.000000 -0.707107
v 0.793353 1.000000 -0.608761
v 0.866025 1.000000 -0.500000
v 0.923880 1.000000 -0.382683
v 0.965926 1.000000 -0.258819
v 0.991445 1.000000 -0.130526
v 1.000000 1.000000 -0.000000
v 0.991445 0.869474 0.000000
v 0.982963 0.869474 0.129410
v 0.957662 0.869474 0.256605
v 0.915976 0.869474 0.379410
v 0.858616 0.869474 0.495722
v 0.786566 0.869474 0.603553
v 0.701057 0.869474 0.701057
v 0.603553 0.869474 0.786566
v 0.495722 0.869474 0.858616
v 0.379410 0.869474 0.915976
v 0.256605 0.869474 0.957662
v 0.129410 0.869474 0.982963
v 0.000000 0.869474 0.991445
v -0.129410 0.869474 0.982963
v -0.256605 0.869474 0.957662
v -0.379410 0.869474 0.915976
v -0.495722 0.869474 0.858616
v -0.603553 0.869474 0.786566
v -0.701057 0.869474 0.701057
v -0.786566 0.869474 0.603553
v -0.858616 0.869474 0.495722
v -0.915976 0.869474 0.379410
v -0.957662 0.869474 0.256605
v -0.982963 0.869474 0.129410
v -0.991445 0.869474 0.000000
v -0.982963 0.869474 -0.129410
v -0.957662 0.869474 -0.256605
v -0.915976 0.869474 -0.379410
v -0.858616 0.869474 -0.495722
v -0.786566 0.869474 -0.603553
v -0.701057 0.869474 -0.701057
v -0.603553 0.869474 -0.786566
v -0.495722 0.869474 -0.858616
v -0.379410 0.869474 -0.915976
v -0.256605 0.869474 -0.957662
v -0.129410 0.869474 -0.982963
v -0.000000 0.869474 -0.991445
v 0.129410 0.869474 -0.982963
v 0.256605 0.869474 -0.957662
v 0.379410 0.869474 -0.915976
v 0.495722 0.869474 -0.858616
v 0.603553 0.869474 -0.786566
v 0.701057 0.869474 -0.701057
v 0.786566 0.869474 -0.603553
v 0.858616 0.869474 -0.495722
v 0.915976 0.869474 -0.379410
v 0.957662 0.869474 -0.256605
v 0.982963 0.869474 -0.129410
v 0.991445 0.869474 -0.000000
v 0.965926 0.741181 0.000000
v 0.957662 0.741181 0.126079
v 0.933013 0.741181 0.250000
v 0.892399 0.741181 0.369644
v 0.836516 0.741181 0.482963
v 0.766320 0.741181 0.588018
v 0.683013 0.741181 0.683013
v 0.588018 0.741181 0.766320
v 0.482963 0.741181 0.836516
v 0.369644 0.741181 0.892399
v 0.250000 0.741181 0.933013
v 0.126079 0.741181 0.957662
v 0.000000 0.741181 0.965926
v -0.126079 0.741181 0.957662
v -0.250000 0.741181 0.933013
v -0.369644 0.741181 0.892399
v -0.482963 0.741181 0.836516
v -0.588018 0.741181 0.766320
v -0.683013 0.741181 0.683013
v -0.766320 0.741181 0.588018
v -0.836516 0.741181 0.482963
v -0.892399 0.741181 0.369644
v -0.933013 0.741181 0.250000
v -0.957662 0.741181 0.126079
v -0.965926 0.741181 0.000000
v -0.957662 0.741181 -0.126079
v -0.933013 0.741181 -0.250000
v -0.892399 0.741181 -0.369644
v -0.836516 0.741181 -0.482963
v -0.766320 0.741181 -0.588018
v -0.683013 0.741181 -0.683013
v -0.588018 0.741181 -0.766320
v -0.482963 0.741181 -0.836516
v -0.369644 0.741181 -0.892399
v -0.250000 0.741181 -0.933013
v -0.126079 0.741181 -0.957662
v -0.000000 0.741181 -0.965926
v 0.126079 0.741181 -0.957662
v 0.250000 0.741181 -0.933013
v 0.369644 0.741181 -0.892399
v 0.482963 0.741181 -0.836516
v 0.588018 0.741181 -0.766320
v 0.683013 0.741181 -0.683013
v 0.766320 0.741181 -0.588018
v 0.836516 0.741181 -0.482963
v 0.892399 0.741181 -0.369644
v 0.933013 0.741181 -0.250000
v 0.957662 0.741181 -0.126079
v 0.965926 0.741181 -0.000000
v 0.923880 0.617317 0.000000
v 0.915976 0.617317 0.120590
v 0.892399 0.617317 0.239118
v 0.853553 0.617317 0.353553
v 0.800103 0.617317 0.461940
v 0.732963 0.617317 0.562422
v 0.653281 0.617317 0.653281
v 0.562422 0.617317 0.732963
v 0.461940 0.617317 0.800103
v 0.353553 0.617317 0.853553
v 0.239118 0.617317 0.892399
v 0.120590 0.617317 0.915976
v 0.000000 0.617317 0.923880
v -0.120590 0.617317 0.915976
v -0.239118 0.617317 0.892399
v -0.353553 0.617317 0.853553
v -0.461940 0.617317 0.800103
v -0.562422 0.617317 0.732963
v -0.653281 0.617317 0.653281
v -0.732963 0.617317 0.562422
v -0.800103 0.617317 0.461940
v -0.853553 0.617317 0.353553
v -0.892399 0.617317 0.239118
v -0.915976 0.617317 0.120590
v -0.923880 0.617317 0.000000
v -0.915976 0.617317 -0.120590
v -0.892399 0.617317 -0.239118
v -0.853553 0.617317 -0.353553
v -0.800103 0.617317 -0.461940
v -0.732963 0.617317 -0.562422
v -0.653281 0.617317 -0.653281
v -0.562422 0.617317 -0.732963
v -0.461940 0.617317 -0.800103
v -0.353553 0.617317 -0.853553
v -0.239118 0.617317 -0.892399
v -0.120590 0.617317 -0.915976
v -0.000000 0.617317 -0.923880
v 0.120590 0.617317 -0.915976
v 0.239118 0.617317 -0.892399
v 0.353553 0.617317 -0.853553
v 0.461940 0.617317 -0.800103
v 0.562422 0.617317 -0.732963
v 0.653281 0.617317 -0.653281
v 0.732963 0.617317 -0.562422
v 0.800103 0.617317 -0.461940
v 0.853553 0.617317 -0.353553
v 0.892399 0.617317 -0.239118
v 0.915976 0.617317 -0.120590
v 0.923880 0.617317 -0.000000
v 0.866025 0.500000 0.000000
v 0.858616 0.500000 0.113039
v 0.836516 0.500000 0.224144
v 0.800103 0.500000 0.331414
v 0.750000 0.500000 0.433013
v 0.687064 0.500000 0.527203
v 0.612372 0.500000 0.612372
v 0.527203 0.500000 0.687064
v 0.433013 0.500000 0.750000
v 0.331414 0.500000 0.800103
v 0.224144 0.500000 0.836516
v 0.113039 0.500000 0.858616
v 0.000000 0.500000 0.866025
v -0.113039 0.500000 0.858616
v -0.224144 0.500000 0.836516
v -0.331414 0.500000 0.800103
v -0.433013 0.500000 0.750000
v -0.527203 0.500000 0.687064
v -0.612372 0.500000 0.612372
v -0.687064 0.500000 0.527203
v -0.750000 0.500000 0.433013
v -0.800103 0.500000 0.331414
v -0.836516 0.500000 0.224144
v -0.858616 0.500000 0.113039
v -0.866025 0.500000 0.000000
v -0.858616 0.500000 -0.113039
v -0.836516 0.500000 -0.224144
v -0.800103 0.500000 -0.331414
v -0.750000 0.500000 -0.433013
v -0.687064 0.500000 -0.527203
v -0.612372 0.500000 -0.612372
v -0.527203 0.500000 -0.687064
v -0.433013 0.500000 -0.750000
v -0.331414 0.500000 -0.800103
v -0.224144 0.500000 -0.836516
v -0.113039 0.500000 -0.858616
v -0.000000 0.500000 -0.866025
v 0.113039 0.500000 -0.858616
v 0.224144 0.500000 -0.836516
v 0.331414 0.500000 -0.800103
v 0.433013 0.500000 -0.750000
v 0.527203 0.500000 -0.687064
v 0.612372 0.500000 -0.612372
v 0.687064 0.500000 -0.527203
v 0.750000 0.500000 -0.433013
v 0.800103 0.500000 -0.331414
v 0.836516 0.500000 -0.224144
v 0.858616 0.500000 -0.113039
v 0.866025 0.500000 -0.000000
v 0.793353 0.391239 0.000000
v 0.786566 0.391239 0.103553
v 0.766320 0.391239 0.205335
v 0.732963 0.391239 0.303603
v 0.687064 0.391239 0.396677
v 0.629410 0.391239 0.482963
v 0.560986 0.391239 0.560986
v 0.482963 0.391239 0.629410
v 0.396677 0.391239 0.687064
v 0.303603 0.391239 0.732963
v 0.205335 0.391239 0.766320
v 0.103553 0.391239 0.786566
v 0.000000 0.391239 0.793353
v -0.103553 0.391239 0.786566
v -0.205335 0.391239 0.766320
v -0.303603 0.391239 0.732963
v -0.396677 0.391239 0.687064
v -0.482963 0.391239 0.629410
v -0.560986 0.391239 0.560986
v -0.629410 0.391239 0.482963
v -0.687064 0.391239 0.396677
v -0.732963 0.391239 0.303603
v -0.766320 0.391239 0.205335
v -0.786566 0.391239 0.103553
v -0.793353 0.391239 0.000000
v -0.786566 0.391239 -0.103553
v -0.766320 0.391239 -0.205335
v -0.732963 0.391239 -0.303603
v -0.687064 0.391239 -0.396677
v -0.629410 0.391239 -0.482963
v -0.560986 0.391239 -0.560986
v -0.482963 0.391239 -0.629410
v -0.396677 0.391239 -0.687064
v -0.303603 0.391239 -0.732963
v -0.205335 0.391239 -0.766320
v -0.103553 0.391239 -0.786566
v -0.000000 0.391239 -0.793353
v 0.103553 0.391239 -0.786566
v 0.205335 0.391239 -0.766320
v 0.303603 0.391239 -0.732963
v 0.396677 0.391239 -0.687064
v 0.482963 0.391239 -0.629410
v 0.560986 0.391239 -0.560986
v 0.629410 0.391239 -0.482963
v 0.687064 0.391239 -0.396677
v 0.732963 0.391239 -0.303603
v 0.766320 0.391239 -0.205335
v 0.786566 0.391239 -0.103553
v 0.793353 0.391239 -0.000000
v 0.707107 0.292893 0.000000
v 0.701057 0.292893 0.092296
v 0.683013 0.292893 0.183013
v 0.653281 0.292893 0.270598
v 0.612372 0.292893 0.353553
v 0.560986 0.292893 0.430459
v 0.500000 0.292893 0.500000
v 0.430459 0.292893 0.560986
v 0.353553 0.292893 0.612372
v 0.270598 0.292893 0.653281
v 0.183013 0.292893 0.683013
v 0.092296 0.292893 0.701057
v 0.000000 0.292893 0.707107
v -0.092296 0.292893 0.701057
v -0.183013 0.292893 0.683013
v -0.270598 0.292893 0.653281
v -0.353553 0.292893 0.612372
v -0.430459 0.292893 0.560986
v -0.500000 0.292893 0.500000
v -0.560986 0.292893 0.430459
v -0.612372 0.292893 0.353553
v -0.653281 0.292893 0.270598
v -0.683013 0.292893 0.183013
v -0.701057 0.292893 0.092296
v -0.707107 0.292893 0.000000
v -0.701057 0.292893 -0.092296
v -0.683013 0.292893 -0.183013
v -0.653281 0.292893 -0.270598
v -0.612372 0.292893 -0.353553
v -0.560986 0.292893 -0.430459
v -0.500000 0.292893 -0.500000
v -0.430459 0.292893 -0.560986
v -0.353553 0.292893 -0.612372
v -0.270598 0.292893 -0.653281
v -0.183013 0.292893 -0.683013
v -0.092296 0.292893 -0.701057
v -0.000000 0.292893 -0.707107
v 0.092296 0.292893 -0.701057
v 0.183013 0.292893 -0.683013
v 0.270598 0.292893 -0.653281
v 0.353553 0.292893 -0.612372
v 0.430459 0.292893 -0.560986
v 0.500000 0.292893 -0.500000
v 0.560986 0.292893 -0.430459
v 0.612372 0.292893 -0.353553
v 0.653281 0.292893 -0.270598
v 0.683013 0.292893 -0.183013
v 0.701057 0.292893 -0.092296
v 0.707107 0.292893 -0.000000
v 0.608761 0.206647 0.000000
v 0.603553 0.206647 0.079459
v 0.588018 0.206647 0.157559
v 0.562422 0.206647 0.232963
v 0.527203 0.206647 0.304381
v 0.482963 0.206647 0.370590
v 0.430459 0.206647 0.430459
v 0.370590 0.206647 0.482963
v 0.304381 0.206647 0.527203
v 0.232963 0.206647 0.562422
v 0.157559 0.206647 0.588018
v 0.079459 0.206647 0.603553
v 0.000000 0.206647 0.608761
v -0.079459 0.206647 0.603553
v -0.157559 0.206647 0.588018
v -0.232963 0.206647 0.562422
v -0.304381 0.206647 0.527203
v -0.370590 0.206647 0.482963
v -0.430459 0.206647 0.430459
v -0.482963 0.206647 0.370590
v -0.527203 0.206647 0.304381
v -0.562422 0.206647 0.232963
v -0.588018 0.206647 0.157559
v -0.603553 0.206647 0.079459
v -0.608761 0.206647 0.000000
v -0.603553 0.206647 -0.079459
v -0.588018 0.206647 -0.157559
v -0.562422 0.206647 -0.232963
v -0.527203 0.206647 -0.304381
v -0.482963 0.206647 -0.370590
v -0.430459 0.206647 -0.430459
v -0.370590 0.206647 -0.482963
v -0.304381 0.206647 -0.527203
v -0.232963 0.206647 -0.562422
v -0.157559 0.206647 -0.588018
v -0.079459 0.206647 -0.603553
v -0.000000 0.206647 -0.608761
v 0.079459 0.206647 -0.603553
v 0.157559 0.206647 -0.588018
v 0.232963 0.206647 -0.562422
v 0.304381 0.206647 -0.527203
v 0.370590 0.206647 -0.482963
v 0.430459 0.206647 -0.430459
v 0.482963 0.206647 -0.370590
v 0.527203 0.206647 -0.304381
v 0.562422 0.206647 -0.232963
v 0.588018 0.206647 -0.157559
v 0.603553 0.206647 -0.079459
v 0.608761 0.206647 -0.000000
v 0.500000 0.133975 0.000000
v 0.495722 0.133975 0.065263
v 0.482963 0.133975 0.129410
v 0.461940 0.133975 0.191342
v 0.433013 0.133975 0.250000
v 0.396677 0.133975 0.304381
v 0.353553 0.133975 0.353553
v 0.304381 0.133975 0.396677
v 0.250000 0.133975 0.433013
v 0.191342 0.133975 0.461940
v 0.129410 0.133975 0.482963
v 0.065263 0.133975 0.495722
v 0.000000 0.133975 0.500000
v -0.065263 0.133975 0.495722
v -0.129410 0.133975 0.482963
v -0.191342 0.133975 0.461940
v -0.250000 0.133975 0.433013
v -0.304381 0.133975 0.396677
v -0.353553 0.133975 0.353553
v -0.396677 0.133975 0.304381
v -0.433013 0.133975 0.250000
v -0.461940 0.133975 0.191342
v -0.482963 0.133975 0.129410
v -0.495722 0.133975 0.065263
v -0.500000 0.133975 0.000000
v -0.495722 0.133975 -0.065263
v -0.482963 0.133975 -0.129410
v -0.461940 0.133975 -0.191342
v -0.433013 0.133975 -0.250000
v -0.396677 0.133975 -0.304381
v -0.353553 0.133975 -0.353553
v -0.304381 0.133975 -0.396677
v -0.250000 0.133975 -0.433013
v -0.191342 0.133975 -0.461940
v -0.129410 0.133975 -0.482963
v -0.065263 0.133975 -0.495722
v -0.000000 0.133975 -0.500000
v 0.065263 0.133975 -0.495722
v 0.129410 0.133975 -0.482963
v 0.191342 0.133975 -0.461940
v 0.250000 0.133975 -0.433013
v 0.304381 0.133975 -0.396677
v 0.353553 0.133975 -0.353553
v 0.396677 0.133975 -0.304381
v 0.433013 0.133975 -0.250000
v 0.461940 0.133975 -0.191342
v 0.482963 0.133975 -0.129410
v 0.495722 0.133975 -0.065263
v 0.500000 0.133975 -0.000000
v 0.382683 0.076120 0.000000
v 0.379410 0.076120 0.049950
v 0.369644 0.076120 0.099046
v 0.353553 0.076120 0.146447
v 0.331414 0.076120 0.191342
v 0.303603 0.076120 0.232963
v 0.270598 0.076120 0.270598
v 0.232963 0.076120 0.303603
v 0.191342 0.076120 0.331414
v 0.146447 0.076120 0.353553
v 0.099046 0.076120 0.369644
v 0.049950 0.076120 0.379410
v 0.000000 0.076120 0.382683
v -0.049950 0.076120 0.379410
v -0.099046 0.076120 0.369644
v -0.146447 0.076120 0.353553
v -0.191342 0.076120 0.331414
v -0.232963 0.076120 0.303603
v -0.270598 0.076120 0.270598
v -0.303603 0.076120 0.232963
v -0.331414 0.076120 0.191342
v -0.353553 0.076120 0.146447
v -0.369644 0.076120 0.099046
v -0.379410 0.076120 0.049950
v -0.382683 0.076120 0.000000
v -0.379410 0.076120 -0.049950
v -0.369644 0.076120 -0.099046
v -0.353553 0.076120 -0.146447
v -0.331414 0.076120 -0.191342
v -0.303603 0.076120 -0.232963
v -0.270598 0.076120 -0.270598
v -0.232963 0.076120 -0.303603
v -0.191342 0.076120 -0.331414
v -0.146447 0.076120 -0.353553
v -0.099046 0.076120 -0.369644
v -0.049950 0.076120 -0.379410
v -0.000000 0.076120 -0.382683
v 0.049950 0.076120 -0.379410
v 0.099046 0.076120 -0.369644
v 0.146447 0.076120 -0.353553
v 0.191342 0.076120 -0.331414
v 0.232963 0.076120 -0.303603
v 0.270598 0.076120 -0.270598
v 0.303603 0.076120 -0.232963
v 0.331414 0.076120 -0.191342
v 0.353553 0.076120 -0.146447
v 0.369644 0.076120 -0.099046
v 0.379410 0.076120 -0.049950
v 0.382683 0.076120 -0.000000
v 0.258819 0.034074 0.000000
v 0.256605 0.034074 0.033783
v 0.250000 0.034074 0.066987
v 0.239118 0.034074 0.099046
v 0.224144 0.034074 0.129410
v 0.205335 0.034074 0.157559
v 0.183013 0.034074 0.183013
v 0.157559 0.034074 0.205335
v 0.129410 0.034074 0.224144
v 0.099046 0.034074 0.239118
v 0.066987 0.034074 0.250000
v 0.033783 0.034074 0.256605
v 0.000000 0.034074 0.258819
v -0.033783 0.034074 0.256605
v -0.066987 0.034074 0.250000
v -0.099046 0.034074 0.239118
v -0.129410 0.034074 0.224144
v -0.157559 0.034074 0.205335
v -0.183013 0.034074 0.183013
v -0.205335 0.034074 0.157559
v -0.224144 0.034074 0.129410
v -0.239118 0.034074 0.099046
v -0.250000 0.034074 0.066987
v -0.256605 0.034074 0.033783
v -0.258819 0.034074 0.000000
v -0.256605 0.034074 -0.033783
v -0.250000 0.034074 -0.066987
v -0.239118 0.034074 -0.099046
v -0.224144 0.034074 -0.129410
v -0.205335 0.034074 -0.157559
v -0.183013 0.034074 -0.183013
v -0.157559 0.034074 -0.205335
v -0.129410 0.034074 -0.224144
v -0.099046 0.034074 -0.239118
v -0.066987 0.034074 -0.250000
v -0.033783 0.034074 -0.256605
v -0.000000 0.034074 -0.258819
v 0.033783 0.034074 -0.256605
v 0.066987 0.034074 -0.250000
v 0.099046 0.034074 -0.239118
v 0.129410 0.034074 -0.224144
v 0.157559 0.034074 -0.205335
v 0.183013 0.034074 -0.183013
v 0.205335 0.034074 -0.157559
v 0.224144 0.034074 -0.129410
v 0.239118 0.034074 -0.099046
v 0.250000 0.034074 -0.066987
v 0.256605 0.034074 -0.033783
v 0.258819 0.034074 -0.000000
v 0.130526 0.008555 0.000000
v 0.129410 0.008555 0.017037
v 0.126079 0.008555 0.033783
v 0.120590 0.008555 0.049950
v 0.113039 0.008555 0.065263
v 0.103553 0.008555 0.079459
v 0.092296 0.008555 0.092296
v 0.079459 0.008555 0.103553
v 0.065263 0.008555 0.113039
v 0.049950 0.008555 0.120590
v 0.033783 0.008555 0.126079
v 0.017037 0.008555 0.129410
v 0.000000 0.008555 0.130526
v -0.017037 0.008555 0.129410
v -0.033783 0.008555 0.126079
v -0.049950 0.008555 0.120590
v -0.065263 0.008555 0.113039
v -0.079459 0.008555 0.103553
v -0.092296 0.008555 0.092296
v -0.103553 0.008555 0.079459
v -0.113039 0.008555 0.065263
v -0.120590 0.008555 0.049950
v -0.126079 0.008555 0.033783
v -0.129410 0.008555 0.017037
v -0.130526 0.008555 0.000000
v -0.129410 0.008555 -0.017037
v -0.126079 0.008555 -0.033783
v -0.120590 0.008555 -0.049950
v -0.113039 0.008555 -0.065263
v -0.103553 0.008555 -0.079459
v -0.092296 0.008555 -0.092296
v -0.079459 0.008555 -0.103553
v -0.065263 0.008555 -0.113039
v -0.049950 0.008555 -0.120590
v -0.033783 0.008555 -0.126079
v -0.017037 0.008555 -0.129410
v -0.000000 0.008555 -0.130526
v 0.017037 0.008555 -0.129410
v 0.033783 0.008555 -0.126079
v 0.049950 0.008555 -0.120590
v 0.065263 0.008555 -0.113039
v 0.079459 0.008555 -0.103553
v 0.092296 0.008555 -0.092296
v 0.103553 0.008555 -0.079459
v 0.113039 0.008555 -0.065263
v 0.120590 0.008555 -0.049950
v 0.126079 0.008555 -0.033783
v 0.129410 0.008555 -0.017037
v 0.130526 0.008555 -0.000000
v 0.000000 0.000000 0.000000
v 0.000000 0.000000 0.000000
v 0.000000 0.000000 0.000000
v 0.000000 0.000000 0.000000
v 0.000000 0.000000 0.000000
v 0.000000 0.000000 0.000000
v 0.000000 0.000000 0.000000
v 0.000000 0.000000 0.000000
v 0.000000 0.000000 0.000000
v 0.000000 0.000000 0.000000
v 0.000000 0.000000 0.000000
v 0.000000 0.000000 0.000000
v 0.000000 0.000000 0.000000
v -0.000000 0.000000 0.000000
v -0.000000 0.000000 0.000000
v -0.000000 0.000000 0.000000
v -0.000000 0.000000 0.000000
v -0.000000 0.000000 0.000000
v -0.000000 0.000000 0.000000
v -0.000000 0.000000 0.000000
v -0.000000 0.000000 0.000000
v -0.000000 0.000000 0.000000
v -0.000000 0.000000 0.000000
v -0.000000 0.000000 0.000000
v -0.000000 0.000000 0.000000
v -0.000000 0.000000 -0.000000
v -0.000000 0.000000 -0.000000
v -0.000000 0.000000 -0.000000
v -0.000000 0.000000 -0.000000
v -0.000000 0.000000 -0.000000
v -0.000000 0.000000 -0.000000
v -0.000000 0.000000 -0.000000
v -0.000000 0.000000 -0.000000
v -0.000000 0.000000 -0.000000
v -0.000000 0.000000 -0.000000
v -0.000000 0.000000 -0.000000
v -0.000000 0.000000 -0.000000
v 0.000000 0.000000 -0.000000
v 0.000000 0.000000 -0.000000
v 0.000000 0.000000 -0.000000
v 0.000000 0.000000 -0.000000
v 0.000000 0.000000 -0.000000
v 0.000000 0.000000 -0.000000
v 0.000000 0.000000 -0.000000
v 0.000000 0.000000 -0.000000
v 0.000000 0.000000 -0.000000
v 0.000000 0.000000 -0.000000
v 0.000000 0.000000 -0.000000
v 0.000000 0.000000 -0.000000
vt 0.000000 0.000000
vt 0.020833 0.000000
vt 0.041667 0.000000
vt 0.062500 0.000000
vt 0.083333 0.000000
vt 0.104167 0.000000
vt 0.125000 0.000000
vt 0.145833 0.000000
vt 0.166667 0.000000
vt 0.187500 0.000000
vt 0.208333 0.000000
vt 0.229167 0.000000
vt 0.250000 0.000000
vt 0.270833 0.000000
vt 0.291667 0.000000
vt 0.312500 0.000000
vt 0.333333 0.000000
vt 0.354167 0.000000
vt 0.375000 0.000000
vt 0.395833 0.000000
vt 0.416667 0.000000
vt 0.437500 0.000000
vt 0.458333 0.000000
vt 0.479167 0.000000
vt 0.500000 0.000000
vt 0.520833 0.000000
vt 0.541667 0.000000
vt 0.562500 0.000000
vt 0.583333 0.000000
vt 0.604167 0.000000
vt 0.625000 0.000000
vt 0.645833 0.000000
vt 0.666667 0.000000
vt 0.687500 0.000000
vt 0.708333 0.000000
vt 0.729167 0.000000
vt 0.750000 0.000000
vt 0.770833 0.000000
vt 0.791667 0.000000
vt 0.812500 0.000000
vt 0.833333 0.000000
vt 0.854167 0.000000
vt 0.875000 0.000000
vt 0.895833 0.000000
vt 0.916667 0.000000
vt 0.937500 0.000000
vt 0.958333 0.000000
vt 0.979167 0.000000
vt 1.000000 0.000000
vt 0.000000 0.041667
vt 0.020833 0.041667
vt 0.041667 0.041667
vt 0.062500 0.041667
vt 0.083333 0.041667
vt 0.104167 0.041667
vt 0.125000 0.041667
vt 0.145833 0.041667
vt 0.166667 0.041667
vt 0.187500 0.041667
vt 0.208333 0.041667
vt 0.229167 0.041667
vt 0.250000 0.041667
vt 0.270833 0.041667
vt 0.291667 0.041667
vt 0.312500 0.041667
vt 0.333333 0.041667
vt 0.354167 0.041667
vt 0.375000 0.041667
vt 0.395833 0.041667
vt 0.416667 0.041667
vt 0.437500 0.041667
vt 0.458333 0.041667
vt 0.479167 0.041667
vt 0.500000 0.041667
vt 0.520833 0.041667
vt 0.541667 0.041667
vt 0.562500 0.041667
vt 0.583333 0.041667
vt 0.604167 0.041667
vt 0.625000 0.041667
vt 0.645833 0.041667
vt 0.666667 0.041667
vt 0.687500 0.041667
vt 0.708333 0.041667
vt 0.729167 0.041667
vt 0.750000 0.041667
vt 0.770833 0.041667
vt 0.791667 0.041667
vt 0.812500 0.041667
vt 0.833333 0.041667
vt 0.854167 0.041667
vt 0.875000 0.041667
vt 0.895833 0.041667
vt 0.916667 0.041667
vt 0.937500 0.041667
vt 0.958333 0.041667
vt 0.979167 0.041667
vt 1.000000 0.041667
vt 0.000000 0.083333
vt 0.020833 0.083333
vt 0.041667 0.083333
vt 0.062500 0.083333
vt 0.083333 0.083333
vt 0.104167 0.083333
vt 0.125000 0.083333
vt 0.145833 0.083333
vt 0.166667 0.083333
vt 0.187500 0.083333
vt 0.208333 0.083333
vt 0.229167 0.083333
vt 0.250000 0.083333
vt 0.270833 0.083333
vt 0.291667 0.083333
vt 0.312500 0.083333
vt 0.333333 0.083333
vt 0.354167 0.083333
vt 0.375000 0.083333
vt 0.395833 0.083333
vt 0.416667 0.083333
vt 0.437500 0.083333
vt 0.458333 0.083333
vt 0.479167 0.083333
vt 0.500000 0.083333
vt 0.520833 0.083333
vt 0.541667 0.083333
vt 0.562500 0.083333
vt 0.583333 0.083333
vt 0.604167 0.083333
vt 0.625000 0.083333
vt 0.645833 0.083333
vt 0.666667 0.083333
vt 0.687500 0.083333
vt 0.708333 0.083333
vt 0.729167 0.083333
vt 0.750000 0.083333
vt 0.770833 0.083333
vt 0.791667 0.083333
vt 0.812500 0.083333
vt 0.833333 0.083333
vt 0.854167 0.083333
vt 0.875000 0.083333
vt 0.895833 0.083333
vt 0.916667 0.083333
vt 0.937500 0.083333
vt 0.958333 0.083333
vt 0.979167 0.083333
vt 1.000000 0.083333
vt 0.000000 0.125000
vt 0.020833 0.125000
vt 0.041667 0.125000
vt 0.062500 0.125000
vt 0.083333 0.125000
vt 0.104167 0.125000
vt 0.125000 0.125000
vt 0.145833 0.125000
vt 0.166667 0.125000
vt 0.187500 0.125000
vt 0.208333 0.125000
vt 0.229167 0.125000
vt 0.250000 0.125000
vt 0.270833 0.125000
vt 0.291667 0.125000
vt 0.312500 0.125000
vt 0.333333 0.125000
vt 0.354167 0.125000
vt 0.375000 0.125000
vt 0.395833 0.125000
vt 0.416667 0.125000
vt 0.437500 0.125000
vt 0.458333 0.125000
vt 0.479167 0.125000
vt 0.500000 0.125000
vt 0.520833 0.125000
vt 0.541667 0.125000
vt 0.562500 0.125000
vt 0.583333 0.125000
vt 0.604167 0.125000
vt 0.625000 0.125000
vt 0.645833 0.125000
vt 0.666667 0.125000
vt 0.687500 0.125000
vt 0.708333 0.125000
vt 0.729167 0.125000
vt 0.750000 0.125000
vt 0.770833 0.125000
vt 0.791667 0.125000
vt 0.812500 0.125000
vt 0.833333 0.125000
vt 0.854167 0.125000
vt 0.875000 0.125000
vt 0.895833 0.125000
vt 0.916667 0.125000
vt 0.937500 0.125000
vt 0.958333 0.125000
vt 0.979167 0.125000
vt 1.000000 0.125000
vt 0.000000 0.166667
vt 0.020833 0.166667
vt 0.041667 0.166667
vt 0.062500 0.166667
vt 0.083333 0.166667
vt 0.104167 0.166667
vt 0.125000 0.166667
vt 0.145833 0.166667
vt 0.166667 0.166667
vt 0.187500 0.166667
vt 0.208333 0.166667
vt 0.229167 0.166667
vt 0.250000 0.166667
vt 0.270833 0.166667
vt 0.291667 0.166667
vt 0.312500 0.166667
vt 0.333333 0.166667
vt 0.354167 0.166667
vt 0.375000 0.166667
vt 0.395833 0.166667
vt 0.416667 0.166667
vt 0.437500 0.166667
vt 0.458333 0.166667
vt 0.479167 0.166667
vt 0.500000 0.166667
vt 0.520833 0.166667
vt 0.541667 0.166667
vt 0.562500 0.166667
vt 0.583333 0.166667
vt 0.604167 0.166667
vt 0.625000 0.166667
vt 0.645833 0.166667
vt 0.666667 0.166667
vt 0.687500 0.166667
vt 0.708333 0.166667
vt 0.729167 0.166667
vt 0.750000 0.166667
vt 0.770833 0.166667
vt 0.791667 0.166667
vt 0.812500 0.166667
vt 0.833333 0.166667
vt 0.854167 0.166667
vt 0.875000 0.166667
vt 0.895833 0.166667
vt 0.916667 0.166667
vt 0.937500 0.166667
vt 0.958333 0.166667
vt 0.979167 0.166667
vt 1.000000 0.166667
vt 0.000000 0.208333
vt 0.020833 0.208333
vt 0.041667 0.208333
vt 0.062500 0.208333
vt 0.083333 0.208333
vt 0.104167 0.208333
vt 0.125000 0.208333
vt 0.145833 0.208333
vt 0.166667 0.208333
vt 0.187500 0.208333
vt 0.208333 0.208333
vt 0.229167 0.208333
vt 0.250000 0.208333
vt 0.270833 0.208333
vt 0.291667 0.208333
vt 0.312500 0.208333
vt 0.333333 0.208333
vt 0.354167 0.208333
vt 0.375000 0.208333
vt 0.395833 0.208333
vt 0.416667 0.208333
vt 0.437500 0.208333
vt 0.458333 0.208333
vt 0.479167 0.208333
vt 0.500000 0.208333
vt 0.520833 0.208333
vt 0.541667 0.208333
vt 0.562500 0.208333
vt 0.583333 0.208333
vt 0.604167 0.208333
vt 0.625000 0.208333
vt 0.645833 0.208333
vt 0.666667 0.208333
vt 0.687500 0.208333
vt 0.708333 0.208333
vt 0.729167 0.208333
vt 0.750000 0.208333
vt 0.770833 0.208333
vt 0.791667 0.208333
vt 0.812500 0.208333
vt 0.833333 0.208333
vt 0.854167 0.208333
vt 0.875000 0.208333
vt 0.895833 0.208333
vt 0.916667 0.208333
vt 0.937500 0.208333
vt 0.958333 0.208333
vt 0.979167 0.208333
vt 1.000000 0.208333
vt 0.000000 0.250000
vt 0.020833 0.250000
vt 0.041667 0.250000
vt 0.062500 0.250000
vt 0.083333 0.250000
vt 0.104167 0.250000
vt 0.125000 0.250000
vt 0.145833 0.250000
vt 0.166667 0.250000
vt 0.187500 0.250000
vt 0.208333 0.250000
vt 0.229167 0.250000
vt 0.250000 0.250000
vt 0.270833 0.250000
vt 0.291667 0.250000
vt 0.312500 0.250000
vt 0.333333 0.250000
vt 0.354167 0.250000
vt 0.375000 0.250000
vt 0.395833 0.250000
vt 0.416667 0.250000
vt 0.437500 0.250000
vt 0.458333 0.250000
vt 0.479167 0.250000
vt 0.500000 0.250000
vt 0.520833 0.250000
vt 0.541667 0.250000
vt 0.562500 0.250000
vt 0.583333 0.250000
vt 0.604167 0.250000
vt 0.625000 0.250000
vt 0.645833 0.250000
vt 0.666667 0.250000
vt 0.687500 0.250000
vt 0.708333 0.250000
vt 0.729167 0.250000
vt 0.750000 0.250000
vt 0.770833 0.250000
vt 0.791667 0.250000
vt 0.812500 0.250000
vt 0.833333 0.250000
vt 0.854167 0.250000
vt 0.875000 0.250000
vt 0.895833 0.250000
vt 0.916667 0.250000
vt 0.937500 0.250000
vt 0.958333 0.250000
vt 0.979167 0.250000
vt 1.000000 0.250000
vt 0.000000 0.291667
vt 0.020833 0.291667
vt 0.041667 0.291667
vt 0.062500 0.291667
vt 0.083333 0.291667
vt 0.104167 0.291667
vt 0.125000 0.291667
vt 0.145833 0.291667
vt 0.166667 0.291667
vt 0.187500 0.291667
vt 0.208333 0.291667
vt 0.229167 0.291667
vt 0.250000 0.291667
vt 0.270833 0.291667
vt 0.291667 0.291667
vt 0.312500 0.291667
vt 0.333333 0.291667
vt 0.354167 0.291667
vt 0.375000 0.291667
vt 0.395833 0.291667
vt 0.416667 0.291667
vt 0.437500 0.291667
vt 0.458333 0.291667
vt 0.479167 0.291667
vt 0.500000 0.291667
vt 0.520833 0.291667
vt 0.541667 0.291667
vt 0.562500 0.291667
vt 0.583333 0.291667
vt 0.604167 0.291667
vt 0.625000 0.291667
vt 0.645833 0.291667
vt 0.666667 0.291667
vt 0.687500 0.291667
vt 0.708333 0.291667
vt 0.729167 0.291667
vt 0.750000 0.291667
vt 0.770833 0.291667
vt 0.791667 0.291667
vt 0.812500 0.291667
vt 0.833333 0.291667
vt 0.854167 0.291667
vt 0.875000 0.291667
vt 0.895833 0.291667
vt 0.916667 0.291667
vt 0.937500 0.291667
vt 0.958333 0.291667
vt 0.979167 0.291667
vt 1.000000 0.291667
vt 0.000000 0.333333
vt 0.020833 0.333333
vt 0.041667 0.333333
vt 0.062500 0.333333
vt 0.083333 0.333333
vt 0.104167 0.333333
vt 0.125000 0.333333
vt 0.145833 0.333333
vt 0.166667 0.333333
vt 0.187500 0.333333
vt 0.208333 0.333333
vt 0.229167 0.333333
vt 0.250000 0.333333
vt 0.270833 0.333333
vt 0.291667 0.333333
vt 0.312500 0.333333
vt 0.333333 0.333333
vt 0.354167 0.333333
vt 0.375000 0.333333
vt 0.395833 0.333333
vt 0.416667 0.333333
vt 0.437500 0.333333
vt 0.458333 0.333333
vt 0.479167 0.333333
vt 0.500000 0.333333
vt 0.520833 0.333333
vt 0.541667 0.333333
vt 0.562500 0.333333
vt 0.583333 0.333333
vt 0.604167 0.333333
vt 0.625000 0.333333
vt 0.645833 0.333333
vt 0.666667 0.333333
vt 0.687500 0.333333
vt 0.708333 0.333333
vt 0.729167 0.333333
vt 0.750000 0.333333
vt 0.770833 0.333333
vt 0.791667 0.333333
vt 0.812500 0.333333
vt 0.833333 0.333333
vt 0.854167 0.333333
vt 0.875000 0.333333
vt 0.895833 0.333333
vt 0.916667 0.333333
vt 0.937500 0.333333
vt 0.958333 0.333333
vt 0.979167 0.333333
vt 1.000000 0.333333
vt 0.000000 0.375000
vt 0.020833 0.375000
vt 0.041667 0.375000
vt 0.062500 0.375000
vt 0.083333 0.375000
vt 0.104167 0.375000
vt 0.125000 0.375000
vt 0.145833 0.375000
vt 0.166667 0.375000
vt 0.187500 0.375000
vt 0.208333 0.375000
vt 0.229167 0.375000
vt 0.250000 0.375000
vt 0.270833 0.375000
vt 0.291667 0.375000
vt 0.312500 0.375000
vt 0.333333 0.375000
vt 0.354167 0.375000
vt 0.375000 0.375000
vt 0.395833 0.375000
vt 0.416667 0.375000
vt 0.437500 0.375000
vt 0.458333 0.375000
vt 0.479167 0.375000
vt 0.500000 0.375000
vt 0.520833 0.375000
vt 0.541667 0.375000
vt 0.562500 0.375000
vt 0.583333 0.375000
vt 0.604167 0.375000
vt 0.625000 0.375000
vt 0.645833 0.375000
vt 0.666667 0.375000
vt 0.687500 0.375000
vt 0.708333 0.375000
vt 0.729167 0.375000
vt 0.750000 0.375000
vt 0.770833 0.375000
vt 0.791667 0.375000
vt 0.812500 0.375000
vt 0.833333 0.375000
vt 0.854167 0.375000
vt 0.875000 0.375000
vt 0.895833 0.375000
vt 0.916667 0.375000
vt 0.937500 0.375000
vt 0.958333 0.375000
vt 0.979167 0.375000
vt 1.000000 0.375000
vt 0.000000 0.416667
vt 0.020833 0.416667
vt 0.041667 0.416667
vt 0.062500 0.416667
vt 0.083333 0.416667
vt 0.104167 0.416667
vt 0.125000 0.416667
vt 0.145833 0.416667
vt 0.166667 0.416667
vt 0.187500 0.416667
vt 0.208333 0.416667
vt 0.229167 0.416667
vt 0.250000 0.416667
vt 0.270833 0.416667
vt 0.291667 0.416667
vt 0.312500 0.416667
vt 0.333333 0.416667
vt 0.354167 0.416667
vt 0.375000 0.416667
vt 0.395833 0.416667
vt 0.416667 0.416667
vt 0.437500 0.416667
vt 0.458333 0.416667
vt 0.479167 0.416667
vt 0.500000 0.416667
vt 0.520833 0.416667
vt 0.541667 0.416667
vt 0.562500 0.416667
vt 0.583333 0.416667
vt 0.604167 0.416667
vt 0.625000 0.416667
vt 0.645833 0.416667
vt 0.666667 0.416667
vt 0.687500 0.416667
vt 0.708333 0.416667
vt 0.729167 0.416667
vt 0.750000 0.416667
vt 0.770833 0.416667
vt 0.791667 0.416667
vt 0.812500 0.416667
vt 0.833333 0.416667
vt 0.854167 0.416667
vt 0.875000 0.416667
vt 0.895833 0.416667
vt 0.916667 0.416667
vt 0.937500 0.416667
vt 0.958333 0.416667
vt 0.979167 0.416667
vt 1.000000 0.416667
vt 0.000000 0.458333
vt 0.020833 0.458333
vt 0.041667 0.458333
vt 0.062500 0.458333
vt 0.083333 0.458333
vt 0.104167 0.458333
vt 0.125000 0.458333
vt 0.145833 0.458333
vt 0.166667 0.458333
vt 0.187500 0.458333
vt 0.208333 0.458333
vt 0.229167 0.458333
vt 0.250000 0.458333
vt 0.270833 0.458333
vt 0.291667 0.458333
vt 0.312500 0.458333
vt 0.333333 0.458333
vt 0.354167 0.458333
vt 0.375000 0.458333
vt 0.395833 0.458333
vt 0.416667 0.458333
vt 0.437500 0.458333
vt 0.458333 0.458333
vt 0.479167 0.458333
vt 0.500000 0.458333
vt 0.520833 0.458333
vt 0.541667 0.458333
vt 0.562500 0.458333
vt 0.583333 0.458333
vt 0.604167 0.458333
vt 0.625000 0.458333
vt 0.645833 0.458333
vt 0.666667 0.458333
vt 0.687500 0.458333
vt 0.708333 0.458333
vt 0.729167 0.458333
vt 0.750000 0.458333
vt 0.770833 0.458333
vt 0.791667 0.458333
vt 0.812500 0.458333
vt 0.833333 0.458333
vt 0.854167 0.458333
vt 0.875000 0.458333
vt 0.895833 0.458333
vt 0.916667 0.458333
vt 0.937500 0.458333
vt 0.958333 0.458333
vt 0.979167 0.458333
vt 1.000000 0.458333
vt 0.000000 0.500000
vt 0.020833 0.500000
vt 0.041667 0.500000
vt 0.062500 0.500000
vt 0.083333 0.500000
vt 0.104167 0.500000
vt 0.125000 0.500000
vt 0.145833 0.500000
vt 0.166667 0.500000
vt 0.187500 0.500000
vt 0.208333 0.500000
vt 0.229167 0.500000
vt 0.250000 0.500000
vt 0.270833 0.500000
vt 0.291667 0.500000
vt 0.312500 0.500000
vt 0.333333 0.500000
vt 0.354167 0.500000
vt 0.375000 0.500000
vt 0.395833 0.500000
vt 0.416667 0.500000
vt 0.437500 0.500000
vt 0.458333 0.500000
vt 0.479167 0.500000
vt 0.500000 0.500000
vt 0.520833 0.500000
vt 0.541667 0.500000
vt 0.562500 0.500000
vt 0.583333 0.500000
vt 0.604167 0.500000
vt 0.625000 0.500000
vt 0.645833 0.500000
vt 0.666667 0.500000
vt 0.687500 0.500000
vt 0.708333 0.500000
vt 0.729167 0.500000
vt 0.750000 0.500000
vt 0.770833 0.500000
vt 0.791667 0.500000
vt 0.812500 0.500000
vt 0.833333 0.500000
vt 0.854167 0.500000
vt 0.875000 0.500000
vt 0.895833 0.500000
vt 0.916667 0.500000
vt 0.937500 0.500000
vt 0.958333 0.500000
vt 0.979167 0.500000
vt 1.000000 0.500000
vt 0.000000 0.541667
vt 0.020833 0.541667
vt 0.041667 0.541667
vt 0.062500 0.541667
vt 0.083333 0.541667
vt 0.104167 0.541667
vt 0.125000 0.541667
vt 0.145833 0.541667
vt 0.166667 0.541667
vt 0.187500 0.541667
vt 0.208333 0.541667
vt 0.229167 0.541667
vt 0.250000 0.541667
vt 0.270833 0.541667
vt 0.291667 0.541667
vt 0.312500 0.541667
vt 0.333333 0.541667
vt 0.354167 0.541667
vt 0.375000 0.541667
vt 0.395833 0.541667
vt 0.416667 0.541667
vt 0.437500 0.541667
vt 0.458333 0.541667
vt 0.479167 0.541667
vt 0.500000 0.541667
vt 0.520833 0.541667
vt 0.541667 0.541667
vt 0.562500 0.541667
vt 0.583333 0.541667
vt 0.604167 0.541667
vt 0.625000 0.541667
vt 0.645833 0.541667
vt 0.666667 0.541667
vt 0.687500 0.541667
vt 0.708333 0.541667
vt 0.729167 0.541667
vt 0.750000 0.541667
vt 0.770833 0.541667
vt 0.791667 0.541667
vt 0.812500 0.541667
vt 0.833333 0.541667
vt 0.854167 0.541667
vt 0.875000 0.541667
vt 0.895833 0.541667
vt 0.916667 0.541667
vt 0.937500 0.541667
vt 0.958333 0.541667
vt 0.979167 0.541667
vt 1.000000 0.541667
vt 0.000000 0.583333
vt 0.020833 0.583333
vt 0.041667 0.583333
vt 0.062500 0.583333
vt 0.083333 0.583333
vt 0.104167 0.583333
vt 0.125000 0.583333
vt 0.145833 0.583333
vt 0.166667 0.583333
vt 0.187500 0.583333
vt 0.208333 0.583333
vt 0.229167 0.583333
vt 0.250000 0.583333
vt 0.270833 0.583333
vt 0.291667 0.583333
vt 0.312500 0.583333
vt 0.333333 0.583333
vt 0.354167 0.583333
vt 0.375000 0.583333
vt 0.395833 0.583333
vt 0.416667 0.583333
vt 0.437500 0.583333
vt 0.458333 0.583333
vt 0.479167 0.583333
vt 0.500000 0.583333
vt 0.520833 0.583333
vt 0.541667 0.583333
vt 0.562500 0.583333
vt 0.583333 0.583333
vt 0.604167 0.583333
vt 0.625000 0.583333
vt 0.645833 0.583333
vt 0.666667 0.583333
vt 0.687500 0.583333
vt 0.708333 0.583333
vt 0.729167 0.583333
vt 0.750000 0.583333
vt 0.770833 0.583333
vt 0.791667 0.583333
vt 0.812500 0.583333
vt 0.833333 0.583333
vt 0.854167 0.583333
vt 0.875000 0.583333
vt 0.895833 0.583333
vt 0.916667 0.583333
vt 0.937500 0.583333
vt 0.958333 0.583333
vt 0.979167 0.583333
vt 1.000000 0.583333
vt 0.000000 0.625000
vt 0.020833 0.625000
vt 0.041667 0.625000
vt 0.062500 0.625000
vt 0.083333 0.625000
vt 0.104167 0.625000
vt 0.125000 0.625000
vt 0.145833 0.625000
vt 0.166667 0.625000
vt 0.187500 0.625000
vt 0.208333 0.625000
vt 0.229167 0.625000
vt 0.250000 0.625000
vt 0.270833 0.625000
vt 0.291667 0.625000
vt 0.312500 0.625000
vt 0.333333 0.625000
vt 0.354167 0.625000
vt 0.375000 0.625000
vt 0.395833 0.625000
vt 0.416667 0.625000
vt 0.437500 0.625000
vt 0.458333 0.625000
vt 0.479167 0.625000
vt 0.500000 0.625000
vt 0.520833 0.625000
vt 0.541667 0.625000
vt 0.562500 0.625000
vt 0.583333 0.625000
vt 0.604167 0.625000
vt 0.625000 0.625000
vt 0.645833 0.625000
vt 0.666667 0.625000
vt 0.687500 0.625000
vt 0.708333 0.625000
vt 0.729167 0.625000
vt 0.750000 0.625000
vt 0.770833 0.625000
vt 0.791667 0.625000
vt 0.812500 0.625000
vt 0.833333 0.625000
vt 0.854167 0.625000
vt 0.875000 0.625000
vt 0.895833 0.625000
vt 0.916667 0.625000
vt 0.937500 0.625000
vt 0.958333 0.625000
vt 0.979167 0.625000
vt 1.000000 0.625000
vt 0.000000 0.666667
vt 0.020833 0.666667
vt 0.041667 0.666667
vt 0.062500 0.666667
vt 0.083333 0.666667
vt 0.104167 0.666667
vt 0.125000 0.666667
vt 0.145833 0.666667
vt 0.166667 0.666667
vt 0.187500 0.666667
vt 0.208333 0.666667
vt 0.229167 0.666667
vt 0.250000 0.666667
vt 0.270833 0.666667
vt 0.291667 0.666667
vt 0.312500 0.666667
vt 0.333333 0.666667
vt 0.354167 0.666667
vt 0.375000 0.666667
vt 0.395833 0.666667
vt 0.416667 0.666667
vt 0.437500 0.666667
vt 0.458333 0.666667
vt 0.479167 0.666667
vt 0.500000 0.666667
vt 0.520833 0.666667
vt 0.541667 0.666667
vt 0.562500 0.666667
vt 0.583333 0.666667
vt 0.604167 0.666667
vt 0.625000 0.666667
vt 0.645833 0.666667
vt 0.666667 0.666667
vt 0.687500 0.666667
vt 0.708333 0.666667
vt 0.729167 0.666667
vt 0.750000 0.666667
vt 0.770833 0.666667
vt 0.791667 0.666667
vt 0.812500 0.666667
vt 0.833333 0.666667
vt 0.854167 0.666667
vt 0.875000 0.666667
vt 0.895833 0.666667
vt 0.916667 0.666667
vt 0.937500 0.666667
vt 0.958333 0.666667
vt 0.979167 0.666667
vt 1.000000 0.666667
vt 0.000000 0.708333
vt 0.020833 0.708333
vt 0.041667 0.708333
vt 0.062500 0.708333
vt 0.083333 0.708333
vt 0.104167 0.708333
vt 0.125000 0.708333
vt 0.145833 0.708333
vt 0.166667 0.708333
vt 0.187500 0.708333
vt 0.208333 0.708333
vt 0.229167 0.708333
vt 0.250000 0.708333
vt 0.270833 0.708333
vt 0.291667 0.708333
vt 0.312500 0.708333
vt 0.333333 0.708333
vt 0.354167 0.708333
vt 0.375000 0.708333
vt 0.395833 0.708333
vt 0.416667 0.708333
vt 0.437500 0.708333
vt 0.458333 0.708333
vt 0.479167 0.708333
vt 0.500000 0.708333
vt 0.520833 0.708333
vt 0.541667 0.708333
vt 0.562500 0.708333
vt 0.583333 0.708333
vt 0.604167 0.708333
vt 0.625000 0.708333
vt 0.645833 0.708333
vt 0.666667 0.708333
vt 0.687500 0.708333
vt 0.708333 0.708333
vt 0.729167 0.708333
vt 0.750000 0.708333
vt 0.770833 0.708333
vt 0.791667 0.708333
vt 0.812500 0.708333
vt 0.833333 0.708333
vt 0.854167 0.708333
vt 0.875000 0.708333
vt 0.895833 0.708333
vt 0.916667 0.708333
vt 0.937500 0.708333
vt 0.958333 0.708333
vt 0.979167 0.708333
vt 1.000000 0.708333
vt 0.000000 0.750000
vt 0.020833 0.750000
vt 0.041667 0.750000
vt 0.062500 0.750000
vt 0.083333 0.750000
vt 0.104167 0.750000
vt 0.125000 0.750000
vt 0.145833 0.750000
vt 0.166667 0.750000
vt 0.187500 0.750000
vt 0.208333 0.750000
vt 0.229167 0.750000
vt 0.250000 0.750000
vt 0.270833 0.750000
vt 0.291667 0.750000
vt 0.312500 0.750000
vt 0.333333 0.750000
vt 0.354167 0.750000
vt 0.375000 0.750000
vt 0.395833 0.750000
vt 0.416667 0.750000
vt 0.437500 0.750000
vt 0.458333 0.750000
vt 0.479167 0.750000
vt 0.500000 0.750000
vt 0.520833 0.750000
vt 0.541667 0.750000
vt 0.562500 0.750000
vt 0.583333 0.750000
vt 0.604167 0.750000
vt 0.625000 0.750000
vt 0.645833 0.750000
vt 0.666667 0.750000
vt 0.687500 0.750000
vt 0.708333 0.750000
vt 0.729167 0.750000
vt 0.750000 0.750000
vt 0.770833 0.750000
vt 0.791667 0.750000
vt 0.812500 0.750000
vt 0.833333 0.750000
vt 0.854167 0.750000
vt 0.875000 0.750000
vt 0.895833 0.750000
vt 0.916667 0.750000
vt 0.937500 0.750000
vt 0.958333 0.750000
vt 0.979167 0.750000
vt 1.000000 0.750000
vt 0.000000 0.791667
vt 0.020833 0.791667
vt 0.041667 0.791667
vt 0.062500 0.791667
vt 0.083333 0.791667
vt 0.104167 0.791667
vt 0.125000 0.791667
vt 0.145833 0.791667
vt 0.166667 0.791667
vt 0.187500 0.791667
vt 0.208333 0.791667
vt 0.229167 0.791667
vt 0.250000 0.791667
vt 0.270833 0.791667
vt 0.291667 0.791667
vt 0.312500 0.791667
vt 0.333333 0.791667
vt 0.354167 0.791667
vt 0.375000 0.791667
vt 0.395833 0.791667
vt 0.416667 0.791667
vt 0.437500 0.791667
vt 0.458333 0.791667
vt 0.479167 0.791667
vt 0.500000 0.791667
vt 0.520833 0.791667
vt 0.541667 0.791667
vt 0.562500 0.791667
vt 0.583333 0.791667
vt 0.604167 0.791667
vt 0.625000 0.791667
vt 0.645833 0.791667
vt 0.666667 0.791667
vt 0.687500 0.791667
vt 0.708333 0.791667
vt 0.729167 0.791667
vt 0.750000 0.791667
vt 0.770833 0.791667
vt 0.791667 0.791667
vt 0.812500 0.791667
vt 0.833333 0.791667
vt 0.854167 0.791667
vt 0.875000 0.791667
vt 0.895833 0.791667
vt 0.916667 0.791667
vt 0.937500 0.791667
vt 0.958333 0.791667
vt 0.979167 0.791667
vt 1.000000 0.791667
vt 0.000000 0.833333
vt 0.020833 0.833333
vt 0.041667 0.833333
vt 0.062500 0.833333
vt 0.083333 0.833333
vt 0.104167 0.833333
vt 0.125000 0.833333
vt 0.145833 0.833333
vt 0.166667 0.833333
vt 0.187500 0.833333
vt 0.208333 0.833333
vt 0.229167 0.833333
vt 0.250000 0.833333
vt 0.270833 0.833333
vt 0.291667 0.833333
vt 0.312500 0.833333
vt 0.333333 0.833333
vt 0.354167 0.833333
vt 0.375000 0.833333
vt 0.395833 0.833333
vt 0.416667 0.833333
vt 0.437500 0.833333
vt 0.458333 0.833333
vt 0.479167 0.833333
vt 0.500000 0.833333
vt 0.520833 0.833333
vt 0.541667 0.833333
vt 0.562500 0.833333
vt 0.583333 0.833333
vt 0.604167 0.833333
vt 0.625000 0.833333
vt 0.645833 0.833333
vt 0.666667 0.833333
vt 0.687500 0.833333
vt 0.708333 0.833333
vt 0.729167 0.833333
vt 0.750000 0.833333
vt 0.770833 0.833333
vt 0.791667 0.833333
vt 0.812500 0.833333
vt 0.833333 0.833333
vt 0.854167 0.833333
vt 0.875000 0.833333
vt 0.895833 0.833333
vt 0.916667 0.833333
vt 0.937500 0.833333
vt 0.958333 0.833333
vt 0.979167 0.833333
vt 1.000000 0.833333
vt 0.000000 0.875000
vt 0.020833 0.875000
vt 0.041667 0.875000
vt 0.062500 0.875000
vt 0.083333 0.875000
vt 0.104167 0.875000
vt 0.125000 0.875000
vt 0.145833 0.875000
vt 0.166667 0.875000
vt 0.187500 0.875000
vt 0.208333 0.875000
vt 0.229167 0.875000
vt 0.250000 0.875000
vt 0.270833 0.875000
vt 0.291667 0.875000
vt 0.312500 0.875000
vt 0.333333 0.875000
vt 0.354167 0.875000
vt 0.375000 0.875000
vt 0.395833 0.875000
vt 0.416667 0.875000
vt 0.437500 0.875000
vt 0.458333 0.875000
vt 0.479167 0.875000
vt 0.500000 0.875000
vt 0.520833 0.875000
vt 0.541667 0.875000
vt 0.562500 0.875000
vt 0.583333 0.875000
vt 0.604167 0.875000
vt 0.625000 0.875000
vt 0.645833 0.875000
vt 0.666667 0.875000
vt 0.687500 0.875000
vt 0.708333 0.875000
vt 0.729167 0.875000
vt 0.750000 0.875000
vt 0.770833 0.875000
vt 0.791667 0.875000
vt 0.812500 0.875000
vt 0.833333 0.875000
vt 0.854167 0.875000
vt 0.875000 0.875000
vt 0.895833 0.875000
vt 0.916667 0.875000
vt 0.937500 0.875000
vt 0.958333 0.875000
vt 0.979167 0.875000
vt 1.000000 0.875000
vt 0.000000 0.916667
vt 0.020833 0.916667
vt 0.041667 0.916667
vt 0.062500 0.916667
vt 0.083333 0.916667
vt 0.104167 0.916667
vt 0.125000 0.916667
vt 0.145833 0.916667
vt 0.166667 0.916667
vt 0.187500 0.916667
vt 0.208333 0.916667
vt 0.229167 0.916667
vt 0.250000 0.916667
vt 0.270833 0.916667
vt 0.291667 0.916667
vt 0.312500 0.916667
vt 0.333333 0.916667
vt 0.354167 0.916667
vt 0.375000 0.916667
vt 0.395833 0.916667
vt 0.416667 0.916667
vt 0.437500 0.916667
vt 0.458333 0.916667
vt 0.479167 0.916667
vt 0.500000 0.916667
vt 0.520833 0.916667
vt 0.541667 0.916667
vt 0.562500 0.916667
vt 0.583333 0.916667
vt 0.604167 0.916667
vt 0.625000 0.916667
vt 0.645833 0.916667
vt 0.666667 0.916667
vt 0.687500 0.916667
vt 0.708333 0.916667
vt 0.729167 0.916667
vt 0.750000 0.916667
vt 0.770833 0.916667
vt 0.791667 0.916667
vt 0.812500 0.916667
vt 0.833333 0.916667
vt 0.854167 0.916667
vt 0.875000 0.916667
vt 0.895833 0.916667
vt 0.916667 0.916667
vt 0.937500 0.916667
vt 0.958333 0.916667
vt 0.979167 0.916667
vt 1.000000 0.916667
vt 0.000000 0.958333
vt 0.020833 0.958333
vt 0.041667 0.958333
vt 0.062500 0.958333
vt 0.083333 0.958333
vt 0.104167 0.958333
vt 0.125000 0.958333
vt 0.145833 0.958333
vt 0.166667 0.958333
vt 0.187500 0.958333
vt 0.208333 0.958333
vt 0.229167 0.958333
vt 0.250000 0.958333
vt 0.270833 0.958333
vt 0.291667 0.958333
vt 0.312500 0.958333
vt 0.333333 0.958333
vt 0.354167 0.958333
vt 0.375000 0.958333
vt 0.395833 0.958333
vt 0.416667 0.958333
vt 0.437500 0.958333
vt 0.458333 0.958333
vt 0.479167 0.958333
vt 0.500000 0.958333
vt 0.520833 0.958333
vt 0.541667 0.958333
vt 0.562500 0.958333
vt 0.583333 0.958333
vt 0.604167 0.958333
vt 0.625000 0.958333
vt 0.645833 0.958333
vt 0.666667 0.958333
vt 0.687500 0.958333
vt 0.708333 0.958333
vt 0.729167 0.958333
vt 0.750000 0.958333
vt 0.770833 0.958333
vt 0.791667 0.958333
vt 0.812500 0.958333
vt 0.833333 0.958333
vt 0.854167 0.958333
vt 0.875000 0.958333
vt 0.895833 0.958333
vt 0.916667 0.958333
vt 0.937500 0.958333
vt 0.958333 0.958333
vt 0.979167 0.958333
vt 1.000000 0.958333
vt 0.000000 1.000000
vt 0.020833 1.000000
vt 0.041667 1.000000
vt 0.062500 1.000000
vt 0.083333 1.000000
vt 0.104167 1.000000
vt 0.125000 1.000000
vt 0.145833 1.000000
vt 0.166667 1.000000
vt 0.187500 1.000000
vt 0.208333 1.000000
vt 0.229167 1.000000
vt 0.250000 1.000000
vt 0.270833 1.000000
vt 0.291667 1.000000
vt 0.312500 1.000000
vt 0.333333 1.000000
vt 0.354167 1.000000
vt 0.375000 1.000000
vt 0.395833 1.000000
vt 0.416667 1.000000
vt 0.437500 1.000000
vt 0.458333 1.000000
vt 0.479167 1.000000
vt 0.500000 1.000000
vt 0.520833 1.000000
vt 0.541667 1.000000
vt 0.562500 1.000000
vt 0.583333 1.000000
vt 0.604167 1.000000
vt 0.625000 1.000000
vt 0.645833 1.000000
vt 0.666667 1.000000
vt 0.687500 1.000000
vt 0.708333 1.000000
vt 0.729167 1.000000
vt 0.750000 1.000000
vt 0.770833 1.000000
vt 0.791667 1.000000
vt 0.812500 1.000000
vt 0.833333 1.000000
vt 0.854167 1.000000
vt 0.875000 1.000000
vt 0.895833 1.000000
vt 0.916667 1.000000
vt 0.937500 1.000000
vt 0.958333 1.000000
vt 0.979167 1.000000
vt 1.000000 1.000000
f 626/626 675/675 627/627
f 627/627 675/675 676/676
f 627/627 676/676 628/628
f 628/628 676/676 677/677
f 628/628 677/677 629/629
f 629/629 677/677 678/678
f 629/629 678/678 630/630
f 630/630 678/678 679/679
f 630/630 679/679 631/631
f 631/631 679/679 680/680
f 631/631 680/680 632/632
f 632/632 680/680 681/681
f 632/632 681/681 633/633
f 633/633 681/681 682/682
f 633/633 682/682 634/634
f 634/634 682/682 683/683
f 634/634 683/683 635/635
f 635/635 683/683 684/684
f 635/635 684/684 636/636
f 636/636 684/684 685/685
f 636/636 685/685 637/637
f 637/637 685/685 686/686
f 637/637 686/686 638/638
f 638/638 686/686 687/687
f 638/638 687/687 639/639
f 639/639 687/687 688/688
f 639/639 688/688 640/640
f 640/640 688/688 689/689
f 640/640 689/689 641/641
f 641/641 689/689 690/690
f 641/641 690/690 642/642
f 642/642 690/690 691/691
f 642/642 691/691 643/643
f 643/643 691/691 692/692
f 643/643 692/692 644/644
f 644/644 692/692 693/693
f 644/644 693/693 645/645
f 645/645 693/693 694/694
f 645/645 694/694 646/646
f 646/646 694/694 695/695
f 646/646 695/695 647/647
f 647/647 695/695 696/696
f 647/647 696/696 648/648
f 648/648 696/696 697/697
f 648/648 697/697 649/649
f 649/649 697/697 698/698
f 649/649 698/698 650/650
f 650/650 698/698 699/699
f 650/650 699/699 651/651
f 651/651 699/699 700/700
f 651/651 700/700 652/652
f 652/652 700/700 701/701
f 652/652 701/701 653/653
f 653/653 701/701 702/702
f 653/653 702/702 654/654
f 654/654 702/702 703/703
f 654/654 703/703 655/655
f 655/655 703/703 704/704
f 655/655 704/704 656/656
f 656/656 704/704 705/705
f 656/656 705/705 657/657
f 657/657 705/705 706/706
f 657/657 706/706 658/658
f 658/658 706/706 707/707
f 658/658 707/707 659/659
f 659/659 707/707 708/708
f 659/659 708/708 660/660
f 660/660 708/708 709/709
f 660/660 709/709 661/661
f 661/661 709/709 710/710
f 661/661 710/710 662/662
f 662/662 710/710 711/711
f 662/662 711/711 663/663
f 663/663 711/711 712/712
f 663/663 712/712 664/664
f 664/664 712/712 713/713
f 664/664 713/713 665/665
f 665/665 713/713 714/714
f 665/665 714/714 666/666
f 666/666 714/714 715/715
f 666/666 715/715 667/667
f 667/667 715/715 716/716
f 667/667 716/716 668/668
f 668/668 716/716 717/717
f 668/668 717/717 669/669
f 669/669 717/717 718/718
f 669/669 718/718 670/670
f 670/670 718/718 719/719
f 670/670 719/719 671/671
f 671/671 719/719 720/720
f 671/671 720/720 672/672
f 672/672 720/720 721/721
f 672/672 721/721 673/673
f 673/673 721/721 722/722
f 673/673 722/722 674/674
f 674/674 722/722 723/723
f 675/675 724/724 676/676
f 676/676 724/724 725/725
f 676/676 725/725 677/677
f 677/677 725/725 726/726
f 677/677 726/726 678/678
f 678/678 726/726 727/727
f 678/678 727/727 679/679
f 679/679 727/727 728/728
f 679/679 728/728 680/680
f 680/680 728/728 729/729
f 680/680 729/729 681/681
f 681/681 729/729 730/730
f 681/681 730/730 682/682
f 682/682 730/730 731/731
f 682/682 731/731 683/683
f 683/683 731/731 732/732
f 683/683 732/732 684/684
f 684/684 732/732 733/733
f 684/684 733/733 685/685
f 685/685 733/733 734/734
f 685/685 734/734 686/686
f 686/686 734/734 735/735
f 686/686 735/735 687/687
f 687/687 735/735 736/736
f 687/687 736/736 688/688
f 688/688 736/736 737/737
f 688/688 737/737 689/689
f 689/689 737/737 738/738
f 689/689 738/738 690/690
f 690/690 738/738 739/739
f 690/690 739/739 691/691
f 691/691 739/739 740/740
f 691/691 740/740 692/692
f 692/692 740/740 741/741
f 692/692 741/741 693/693
f 693/693 741/741 742/742
f 693/693 742/742 694/694
f 694/694 742/742 743/743
f 694/694 743/743 695/695
f 695/695 743/743 744/744
f 695/695 744/744 696/696
f 696/696 744/744 745/745
f 696/696 745/745 697/697
f 697/697 745/745 746/746
f 697/697 746/746 698/698
f 698/698 746/746 747/747
f 698/698 747/747 699/699
f 699/699 747/747 748/748
f 699/699 748/748 700/700
f 700/700 748/748 749/749
f 700/700 749/749 701/701
f 701/701 749/749 750/750
f 701/701 750/750 702/702
f 702/702 750/750 751/751
f 702/702 751/751 703/703
f 703/703 751/751 752/752
f 703/703 752/752 704/704
f 704/704 752/752 753/753
f 704/704 753/753 705/705
f 705/705 753/753 754/754
f 705/705 754/754 706/706
f 706/706 754/754 755/755
f 706/706 755/755 707/707
f 707/707 755/755 756/756
f 707/707 756/756 708/708
f 708/708 756/756 757/757
f 708/708 757/757 709/709
f 709/709 757/757 758/758
f 709/709 758/758 710/710
f 710/710 758/758 759/759
f 710/710 759/759 711/711
f 711/711 759/759 760/760
f 711/711 760/760 712/712
f 712/712 760/760 761/761
f 712/712 761/761 713/713
f 713/713 761/761 762/762
f 713/713 762/762 714/714
f 714/714 762/762 763/763
f 714/714 763/763 715/715
f 715/715 763/763 764/764
f 715/715 764/764 716/716
f 716/716 764/764 765/765
f 716/716 765/765 717/717
f 717/717 765/765 766/766
f 717/717 766/766 718/718
f 718/718 766/766 767/767
f 718/718 767/767 719/719
f 719/719 767/767 768/768
f 719/719 768/768 720/720
f 720/720 768/768 769/769
f 720/720 769/769 721/721
f 721/721 769/769 770/770
f 721/721 770/770 722/722
f 722/722 770/770 771/771
f 722/722 771/771 723/723
f 723/723 771/771 772/772
f 724/724 773/773 725/725
f 725/725 773/773 774/774
f 725/725 774/774 726/726
f 726/726 774/774 775/775
f 726/726 775/775 727/727
f 727/727 775/775 776/776
f 727/727 776/776 728/728
f 728/728 776/776 777/777
f 728/728 777/777 729/729
f 729/729 777/777 778/778
f 729/729 778/778 730/730
f 730/730 778/778 779/779
f 730/730 779/779 731/731
f 731/731 779/779 780/780
f 731/731 780/780 732/732
f 732/732 780/780 781/781
f 732/732 781/781 733/733
f 733/733 781/781 782/782
f 733/733 782/782 734/734
f 734/734 782/782 783/783
f 734/734 783/783 735/735
f 735/735 783/783 784/784
f 735/735 784/784 736/736
f 736/736 784/784 785/785
f 736/736 785/785 737/737
f 737/737 785/785 786/786
f 737/737 786/786 738/738
f 738/738 786/786 787/787
f 738/738 787/787 739/739
f 739/739 787/787 788/788
f 739/739 788/788 740/740
f 740/740 788/788 789/789
f 740/740 789/789 741/741
f 741/741 789/789 790/790
f 741/741 790/790 742/742
f 742/742 790/790 791/791
f 742/742 791/791 743/743
f 743/743 791/791 792/792
f 743/743 792/792 744/744
f 744/744 792/792 793/793
f 744/744 793/793 745/745
f 745/745 793/793 794/794
f 745/745 794/794 746/746
f 746/746 794/794 795/795
f 746/746 795/795 747/747
f 747/747 795/795 796/796
f 747/747 796/796 748/748
f 748/748 796/796 797/797
f 748/748 797/797 749/749
f 749/749 797/797 798/798
f 749/749 798/798 750/750
f 750/750 798/798 799/799
f 750/750 799/799 751/751
f 751/751 799/799 800/800
f 751/751 800/800 752/752
f 752/752 800/800 801/801
f 752/752 801/801 753/753
f 753/753 801/801 802/802
f 753/753 802/802 754/754
f 754/754 802/802 803/803
f 754/754 803/803 755/755
f 755/755 803/803 804/804
f 755/755 804/804 756/756
f 756/756 804/804 805/805
f 756/756 805/805 757/757
f 757/757 805/805 806/806
f 757/757 806/806 758/758
f 758/758 806/806 807/807
f 758/758 807/807 759/759
f 759/759 807/807 808/808
f 759/759 808/808 760/760
f 760/760 808/808 809/809
f 760/760 809/809 761/761
f 761/761 809/809 810/810
f 761/761 810/810 762/762
f 762/762 810/810 811/811
f 762/762 811/811 763/763
f 763/763 811/811 812/812
f 763/763 812/812 764/764
f 764/764 812/812 813/813
f 764/764 813/813 765/765
f 765/765 813/813 814/814
f 765/765 814/814 766/766
f 766/766 814/814 815/815
f 766/766 815/815 767/767
f 767/767 815/815 816/816
f 767/767 816/816 768/768
f 768/768 816/816 817/817
f 768/768 817/817 769/769
f 769/769 817/817 818/818
f 769/769 818/818 770/770
f 770/770 818/818 819/819
f 770/770 819/819 771/771
f 771/771 819/819 820/820
f 771/771 820/820 772/772
f 772/772 820/820 821/821
f 773/773 822/822 774/774
f 774/774 822/822 823/823
f 774/774 823/823 775/775
f 775/775 823/823 824/824
f 775/775 824/824 776/776
f 776/776 824/824 825/825
f 776/776 825/825 777/777
f 777/777 825/825 826/826
f 777/777 826/826 778/778
f 778/778 826/826 827/827
f 778/778 827/827 779/779
f 779/779 827/827 828/828
f 779/779 828/828 780/780
f 780/780 828/828 829/829
f 780/780 829/829 781/781
f 781/781 829/829 830/830
f 781/781 830/830 782/782
f 782/782 830/830 831/831
f 782/782 831/831 783/783
f 783/783 831/831 832/832
f 783/783 832/832 784/784
f 784/784 832/832 833/833
f 784/784 833/833 785/785
f 785/785 833/833 834/834
f 785/785 834/834 786/786
f 786/786 834/834 835/835
f 786/786 835/835 787/787
f 787/787 835/835 836/836
f 787/787 836/836 788/788
f 788/788 836/836 837/837
f 788/788 837/837 789/789
f 789/789 837/837 838/838
f 789/789 838/838 790/790
f 790/790 838/838 839/839
f 790/790 839/839 791/791
f 791/791 839/839 840/840
f 791/791 840/840 792/792
f 792/792 840/840 841/841
f 792/792 841/841 793/793
f 793/793 841/841 842/842
f 793/793 842/842 794/794
f 794/794 842/842 843/843
f 794/794 843/843 795/795
f 795/795 843/843 844/844
f 795/795 844/844 796/796
f 796/796 844/844 845/845
f 796/796 845/845 797/797
f 797/797 845/845 846/846
f 797/797 846/846 798/798
f 798/798 846/846 847/847
f 798/798 847/847 799/799
f 799/799 847/847 848/848
f 799/799 848/848 800/800
f 800/800 848/848 849/849
f 800/800 849/849 801/801
f 801/801 849/849 850/850
f 801/801 850/850 802/802
f 802/802 850/850 851/851
f 802/802 851/851 803/803
f 803/803 851/851 852/852
f 803/803 852/852 804/804
f 804/804 852/852 853/853
f 804/804 853/853 805/805
f 805/805 853/853 854/854
f 805/805 854/854 806/806
f 806/806 854/854 855/855
f 806/806 855/855 807/807
f 807/807 855/855 856/856
f 807/807 856/856 808/808
f 808/808 856/856 857/857
f 808/808 857/857 809/809
f 809/809 857/857 858/858
f 809/809 858/858 810/810
f 810/810 858/858 859/859
f 810/810 859/859 811/811
f 811/811 859/859 860/860
f 811/811 860/860 812/812
f 812/812 860/860 861/861
f 812/812 861/861 813/813
f 813/813 861/861 862/862
f 813/813 862/862 814/814
f 814/814 862/862 863/863
f 814/814 863/863 815/815
f 815/815 863/863 864/864
f 815/815 864/864 816/816
f 816/816 864/864 865/865
f 816/816 865/865 817/817
f 817/817 865/865 866/866
f 817/817 866/866 818/818
f 818/818 866/866 867/867
f 818/818 867/867 819/819
f 819/819 867/867 868/868
f 819/819 868/868 820/820
f 820/820 868/868 869/869
f 820/820 869/869 821/821
f 821/821 869/869 870/870
f 822/822 871/871 823/823
f 823/823 871/871 872/872
f 823/823 872/872 824/824
f 824/824 872/872 873/873
f 824/824 873/873 825/825
f 825/825 873/873 874/874
f 825/825 874/874 826/826
f 826/826 874/874 875/875
f 826/826 875/875 827/827
f 827/827 875/875 876/876
f 827/827 876/876 828/828
f 828/828 876/876 877/877
f 828/828 877/877 829/829
f 829/829 877/877 878/878
f 829/829 878/878 830/830
f 830/830 878/878 879/879
f 830/830 879/879 831/831
f 831/831 879/879 880/880
f 831/831 880/880 832/832
f 832/832 880/880 881/881
f 832/832 881/881 833/833
f 833/833 881/881 882/882
f 833/833 882/882 834/834
f 834/834 882/882 883/883
f 834/834 883/883 835/835
f 835/835 883/883 884/884
f 835/835 884/884 836/836
f 836/836 884/884 885/885
f 836/836 885/885 837/837
f 837/837 885/885 886/886
f 837/837 886/886 838/838
f 838/838 886/886 887/887
f 838/838 887/887 839/839
f 839/839 887/887 888/888
f 839/839 888/888 840/840
f 840/840 888/888 889/889
f 840/840 889/889 841/841
f 841/841 889/889 890/890
f 841/841 890/890 842/842
f 842/842 890/890 891/891
f 842/842 891/891 843/843
f 843/843 891/891 892/892
f 843/843 892/892 844/844
f 844/844 892/892 893/893
f 844/844 893/893 845/845
f 845/845 893/893 894/894
f 845/845 894/894 846/846
f 846/846 894/894 895/895
f 846/846 895/895 847/847
f 847/847 895/895 896/896
f 847/847 896/896 848/848
f 848/848 896/896 897/897
f 848/848 897/897 849/849
f 849/849 897/897 898/898
f 849/849 898/898 850/850
f 850/850 898/898 899/899
f 850/850 899/899 851/851
f 851/851 899/899 900/900
f 851/851 900/900 852/852
f 852/852 900/900 901/901
f 852/852 901/901 853/853
f 853/853 901/901 902/902
f 853/853 902/902 854/854
f 854/854 902/902 903/903
f 854/854 903/903 855/855
f 855/855 903/903 904/904
f 855/855 904/904 856/856
f 856/856 904/904 905/905
f 856/856 905/905 857/857
f 857/857 905/905 906/906
f 857/857 906/906 858/858
f 858/858 906/906 907/907
f 858/858 907/907 859/859
f 859/859 907/907 908/908
f 859/859 908/908 860/860
f 860/860 908/908 909/909
f 860/860 909/909 861/861
f 861/861 909/909 910/910
f 861/861 910/910 862/862
f 862/862 910/910 911/911
f 862/862 911/911 863/863
f 863/863 911/911 912/912
f 863/863 912/912 864/864
f 864/864 912/912 913/913
f 864/864 913/913 865/865
f 865/865 913/913 914/914
f 865/865 914/914 866/866
f 866/866 914/914 915/915
f 866/866 915/915 867/867
f 867/867 915/915 916/916
f 867/867 916/916 868/868
f 868/868 916/916 917/917
f 868/868 917/917 869/869
f 869/869 917/917 918/918
f 869/869 918/918 870/870
f 870/870 918/918 919/919
f 871/871 920/920 872/872
f 872/872 920/920 921/921
f 872/872 921/921 873/873
f 873/873 921/921 922/922
f 873/873 922/922 874/874
f 874/874 922/922 923/923
f 874/874 923/923 875/875
f 875/875 923/923 924/924
f 875/875 924/924 876/876
f 876/876 924/924 925/925
f 876/876 925/925 877/877
f 877/877 925/925 926/926
f 877/877 926/926 878/878
f 878/878 926/926 927/927
f 878/878 927/927 879/879
f 879/879 927/927 928/928
f 879/879 928/928 880/880
f 880/880 928/928 929/929
f 880/880 929/929 881/881
f 881/881 929/929 930/930
f 881/881 930/930 882/882
f 882/882 930/930 931/931
f 882/882 931/931 883/883
f 883/883 931/931 932/932
f 883/883 932/932 884/884
f 884/884 932/932 933/933
f 884/884 933/933 885/885
f 885/885 933/933 934/934
f 885/885 934/934 886/886
f 886/886 934/934 935/935
f 886/886 935/935 887/887
f 887/887 935/935 936/936
f 887/887 936/936 888/888
f 888/888 936/936 937/937
f 888/888 937/937 889/889
f 889/889 937/937 938/938
f 889/889 938/938 890/890
f 890/890 938/938 939/939
f 890/890 939/939 891/891
f 891/891 939/939 940/940
f 891/891 940/940 892/892
f 892/892 940/940 941/941
f 892/892 941/941 893/893
f 893/893 941/941 942/942
f 893/893 942/942 894/894
f 894/894 942/942 943/943
f 894/894 943/943 895/895
f 895/895 943/943 944/944
f 895/895 944/944 896/896
f 896/896 944/944 945/945
f 896/896 945/945 897/897
f 897/897 945/945 946/946
f 897/897 946/946 898/898
f 898/898 946/946 947/947
f 898/898 947/947 899/899
f 899/899 947/947 948/948
f 899/899 948/948 900/900
f 900/900 948/948 949/949
f 900/900 949/949 901/901
f 901/901 949/949 950/950
f 901/901 950/950 902/902
f 902/902 950/950 951/951
f 902/902 951/951 903/903
f 903/903 951/951 952/952
f 903/903 952/952 904/904
f 904/904 952/952 953/953
f 904/904 953/953 905/905
f 905/905 953/953 954/954
f 905/905 954/954 906/906
f 906/906 954/954 955/955
f 906/906 955/955 907/907
f 907/907 955/955 956/956
f 907/907 956/956 908/908
f 908/908 956/956 957/957
f 908/908 957/957 909/909
f 909/909 957/957 958/958
f 909/909 958/958 910/910
f 910/910 958/958 959/959
f 910/910 959/959 911/911
f 911/911 959/959 960/960
f 911/911 960/960 912/912
f 912/912 960/960 961/961
f 912/912 961/961 913/913
f 913/913 961/961 962/962
f 913/913 962/962 914/914
f 914/914 962/962 963/963
f 914/914 963/963 915/915
f 915/915 963/963 964/964
f 915/915 964/964 916/916
f 916/916 964/964 965/965
f 916/916 965/965 917/917
f 917/917 965/965 966/966
f 917/917 966/966 918/918
f 918/918 966/966 967/967
f 918/918 967/967 919/919
f 919/919 967/967 968/968
f 920/920 969/969 921/921
f 921/921 969/969 970/970
f 921/921 970/970 922/922
f 922/922 970/970 971/971
f 922/922 971/971 923/923
f 923/923 971/971 972/972
f 923/923 972/972 924/924
f 924/924 972/972 973/973
f 924/924 973/973 925/925
f 925/925 973/973 974/974
f 925/925 974/974 926/926
f 926/926 974/974 975/975
f 926/926 975/975 927/927
f 927/927 975/975 976/976
f 927/927 976/976 928/928
f 928/928 976/976 977/977
f 928/928 977/977 929/929
f 929/929 977/977 978/978
f 929/929 978/978 930/930
f 930/930 978/978 979/979
f 930/930 979/979 931/931
f 931/931 979/979 980/980
f 931/931 980/980 932/932
f 932/932 980/980 981/981
f 932/932 981/981 933/933
f 933/933 981/981 982/982
f 933/933 982/982 934/934
f 934/934 982/982 983/983
f 934/934 983/983 935/935
f 935/935 983/983 984/984
f 935/935 984/984 936/936
f 936/936 984/984 985/985
f 936/936 985/985 937/937
f 937/937 985/985 986/986
f 937/937 986/986 938/938
f 938/938 986/986 987/987
f 938/938 987/987 939/939
f 939/939 987/987 988/988
f 939/939 988/988 940/940
f 940/940 988/988 989/989
f 940/940 989/989 941/941
f 941/941 989/989 990/990
f 941/941 990/990 942/942
f 942/942 990/990 991/991
f 942/942 991/991 943/943
f 943/943 991/991 992/992
f 943/943 992/992 944/944
f 944/944 992/992 993/993
f 944/944 993/993 945/945
f 945/945 993/993 994/994
f 945/945 994/994 946/946
f 946/946 994/994 995/995
f 946/946 995/995 947/947
f 947/947 995/995 996/996
f 947/947 996/996 948/948
f 948/948 996/996 997/997
f 948/948 997/997 949/949
f 949/949 997/997 998/998
f 949/949 998/998 950/950
f 950/950 998/998 999/999
f 950/950 999/999 951/951
f 951/951 999/999 1000/1000
f 951/951 1000/1000 952/952
f 952/952 1000/1000 1001/1001
f 952/952 1001/1001 953/953
f 953/953 1001/1001 1002/1002
f 953/953 1002/1002 954/954
f 954/954 1002/1002 1003/1003
f 954/954 1003/1003 955/955
f 955/955 1003/1003 1004/1004
f 955/955 1004/1004 956/956
f 956/956 1004/1004 1005/1005
f 956/956 1005/1005 957/957
f 957/957 1005/1005 1006/1006
f 957/957 1006/1006 958/958
f 958/958 1006/1006 1007/1007
f 958/958 1007/1007 959/959
f 959/959 1007/1007 1008/1008
f 959/959 1008/1008 960/960
f 960/960 1008/1008 1009/1009
f 960/960 1009/1009 961/961
f 961/961 1009/1009 1010/1010
f 961/961 1010/1010 962/962
f 962/962 1010/1010 1011/1011
f 962/962 1011/1011 963/963
f 963/963 1011/1011 1012/1012
f 963/963 1012/1012 964/964
f 964/964 1012/1012 1013/1013
f 964/964 1013/1013 965/965
f 965/965 1013/1013 1014/1014
f 965/965 1014/1014 966/966
f 966/966 1014/1014 1015/1015
f 966/966 1015/1015 967/967
f 967/967 1015/1015 1016/1016
f 967/967 1016/1016 968/968
f 968/968 1016/1016 1017/1017
f 969/969 1018/1018 970/970
f 970/970 1018/1018 1019/1019
f 970/970 1019/1019 971/971
f 971/971 1019/1019 1020/1020
f 971/971 1020/1020 972/972
f 972/972 1020/1020 1021/1021
f 972/972 1021/1021 973/973
f 973/973 1021/1021 1022/1022
f 973/973 1022/1022 974/974
f 974/974 1022/1022 1023/1023
f 974/974 1023/1023 975/975
f 975/975 1023/1023 1024/1024
f 975/975 1024/1024 976/976
f 976/976 1024/1024 1025/1025
f 976/976 1025/1025 977/977
f 977/977 1025/1025 1026/1026
f 977/977 1026/1026 978/978
f 978/978 1026/1026 1027/1027
f 978/978 1027/1027 979/979
f 979/979 1027/1027 1028/1028
f 979/979 1028/1028 980/980
f 980/980 1028/1028 1029/1029
f 980/980 1029/1029 981/981
f 981/981 1029/1029 1030/1030
f 981/981 1030/1030 982/982
f 982/982 1030/1030 1031/1031
f 982/982 1031/1031 983/983
f 983/983 1031/1031 1032/1032
f 983/983 1032/1032 984/984
f 984/984 1032/1032 1033/1033
f 984/984 1033/1033 985/985
f 985/985 1033/1033 1034/1034
f 985/985 1034/1034 986/986
f 986/986 1034/1034 1035/1035
f 986/986 1035/1035 987/987
f 987/987 1035/1035 1036/1036
f 987/987 1036/1036 988/988
f 988/988 1036/1036 1037/1037
f 988/988 1037/1037 989/989
f 989/989 1037/1037 1038/1038
f 989/989 1038/1038 990/990
f 990/990 1038/1038 1039/1039
f 990/990 1039/1039 991/991
f 991/991 1039/1039 1040/1040
f 991/991 1040/1040 992/992
f 992/992 1040/1040 1041/1041
f 992/992 1041/1041 993/993
f 993/993 1041/1041 1042/1042
f 993/993 1042/1042 994/994
f 994/994 1042/1042 1043/1043
f 994/994 1043/1043 995/995
f 995/995 1043/1043 1044/1044
f 995/995 1044/1044 996/996
f 996/996 1044/1044 1045/1045
f 996/996 1045/1045 997/997
f 997/997 1045/1045 1046/1046
f 997/997 1046/1046 998/998
f 998/998 1046/1046 1047/1047
f 998/998 1047/1047 999/999
f 999/999 1047/1047 1048/1048
f 999/999 1048/1048 1000/1000
f 1000/1000 1048/1048 1049/1049
f 1000/1000 1049/1049 1001/1001
f 1001/1001 1049/1049 1050/1050
f 1001/1001 1050/1050 1002/1002
f 1002/1002 1050/1050 1051/1051
f 1002/1002 1051/1051 1003/1003
f 1003/1003 1051/1051 1052/1052
f 1003/1003 1052/1052 1004/1004
f 1004/1004 1052/1052 1053/1053
f 1004/1004 1053/1053 1005/1005
f 1005/1005 1053/1053 1054/1054
f 1005/1005 1054/1054 1006/1006
f 1006/1006 1054/1054 1055/1055
f 1006/1006 1055/1055 1007/1007
f 1007/1007 1055/1055 1056/1056
f 1007/1007 1056/1056 1008/1008
f 1008/1008 1056/1056 1057/1057
f 1008/1008 1057/1057 1009/1009
f 1009/1009 1057/1057 1058/1058
f 1009/1009 1058/1058 1010/1010
f 1010/1010 1058/1058 1059/1059
f 1010/1010 1059/1059 1011/1011
f 1011/1011 1059/1059 1060/1060
f 1011/1011 1060/1060 1012/1012
f 1012/1012 1060/1060 1061/1061
f 1012/1012 1061/1061 1013/1013
f 1013/1013 1061/1061 1062/1062
f 1013/1013 1062/1062 1014/1014
f 1014/1014 1062/1062 1063/1063
f 1014/1014 1063/1063 1015/1015
f 1015/1015 1063/1063 1064/1064
f 1015/1015 1064/1064 1016/1016
f 1016/1016 1064/1064 1065/1065
f 1016/1016 1065/1065 1017/1017
f 1017/1017 1065/1065 1066/1066
f 1018/1018 1067/1067 1019/1019
f 1019/1019 1067/1067 1068/1068
f 1019/1019 1068/1068 1020/1020
f 1020/1020 1068/1068 1069/1069
f 1020/1020 1069/1069 1021/1021
f 1021/1021 1069/1069 1070/1070
f 1021/1021 1070/1070 1022/1022
f 1022/1022 1070/1070 1071/1071
f 1022/1022 1071/1071 1023/1023
f 1023/1023 1071/1071 1072/1072
f 1023/1023 1072/1072 1024/1024
f 1024/1024 1072/1072 1073/1073
f 1024/1024 1073/1073 1025/1025
f 1025/1025 1073/1073 1074/1074
f 1025/1025 1074/1074 1026/1026
f 1026/1026 1074/1074 1075/1075
f 1026/1026 1075/1075 1027/1027
f 1027/1027 1075/1075 1076/1076
f 1027/1027 1076/1076 1028/1028
f 1028/1028 1076/1076 1077/1077
f 1028/1028 1077/1077 1029/1029
f 1029/1029 1077/1077 1078/1078
f 1029/1029 1078/1078 1030/1030
f 1030/1030 1078/1078 1079/1079
f 1030/1030 1079/1079 1031/1031
f 1031/1031 1079/1079 1080/1080
f 1031/1031 1080/1080 1032/1032
f 1032/1032 1080/1080 1081/1081
f 1032/1032 1081/1081 1033/1033
f 1033/1033 1081/1081 1082/1082
f 1033/1033 1082/1082 1034/1034
f 1034/1034 1082/1082 1083/1083
f 1034/1034 1083/1083 1035/1035
f 1035/1035 1083/1083 1084/1084
f 1035/1035 1084/1084 1036/1036
f 1036/1036 1084/1084 1085/1085
f 1036/1036 1085/1085 1037/1037
f 1037/1037 1085/1085 1086/1086
f 1037/1037 1086/1086 1038/1038
f 1038/1038 1086/1086 1087/1087
f 1038/1038 1087/1087 1039/1039
f 1039/1039 1087/1087 1088/1088
f 1039/1039 1088/1088 1040/1040
f 1040/1040 1088/1088 1089/1089
f 1040/1040 1089/1089 1041/1041
f 1041/1041 1089/1089 1090/1090
f 1041/1041 1090/1090 1042/1042
f 1042/1042 1090/1090 1091/1091
f 1042/1042 1091/1091 1043/1043
f 1043/1043 1091/1091 1092/1092
f 1043/1043 1092/1092 1044/1044
f 1044/1044 1092/1092 1093/1093
f 1044/1044 1093/1093 1045/1045
f 1045/1045 1093/1093 1094/1094
f 1045/1045 1094/1094 1046/1046
f 1046/1046 1094/1094 1095/1095
f 1046/1046 1095/1095 1047/1047
f 1047/1047 1095/1095 1096/1096
f 1047/1047 1096/1096 1048/1048
f 1048/1048 1096/1096 1097/1097
f 1048/1048 1097/1097 1049/1049
f 1049/1049 1097/1097 1098/1098
f 1049/1049 1098/1098 1050/1050
f 1050/1050 1098/1098 1099/1099
f 1050/1050 1099/1099 1051/1051
f 1051/1051 1099/1099 1100/1100
f 1051/1051 1100/1100 1052/1052
f 1052/1052 1100/1100 1101/1101
f 1052/1052 1101/1101 1053/1053
f 1053/1053 1101/1101 1102/1102
f 1053/1053 1102/1102 1054/1054
f 1054/1054 1102/1102 1103/1103
f 1054/1054 1103/1103 1055/1055
f 1055/1055 1103/1103 1104/1104
f 1055/1055 1104/1104 1056/1056
f 1056/1056 1104/1104 1105/1105
f 1056/1056 1105/1105 1057/1057
f 1057/1057 1105/1105 1106/1106
f 1057/1057 1106/1106 1058/1058
f 1058/1058 1106/1106 1107/1107
f 1058/1058 1107/1107 1059/1059
f 1059/1059 1107/1107 1108/1108
f 1059/1059 1108/1108 1060/1060
f 1060/1060 1108/1108 1109/1109
f 1060/1060 1109/1109 1061/1061
f 1061/1061 1109/1109 1110/1110
f 1061/1061 1110/1110 1062/1062
f 1062/1062 1110/1110 1111/1111
f 1062/1062 1111/1111 1063/1063
f 1063/1063 1111/1111 1112/1112
f 1063/1063 1112/1112 1064/1064
f 1064/1064 1112/1112 1113/1113
f 1064/1064 1113/1113 1065/1065
f 1065/1065 1113/1113 1114/1114
f 1065/1065 1114/1114 1066/1066
f 1066/1066 1114/1114 1115/1115
f 1067/1067 1116/1116 1068/1068
f 1068/1068 1116/1116 1117/1117
f 1068/1068 1117/1117 1069/1069
f 1069/1069 1117/1117 1118/1118
f 1069/1069 1118/1118 1070/1070
f 1070/1070 1118/1118 1119/1119
f 1070/1070 1119/1119 1071/1071
f 1071/1071 1119/1119 1120/1120
f 1071/1071 1120/1120 1072/1072
f 1072/1072 1120/1120 1121/1121
f 1072/1072 1121/1121 1073/1073
f 1073/1073 1121/1121 1122/1122
f 1073/1073 1122/1122 1074/1074
f 1074/1074 1122/1122 1123/1123
f 1074/1074 1123/1123 1075/1075
f 1075/1075 1123/1123 1124/1124
f 1075/1075 1124/1124 1076/1076
f 1076/1076 1124/1124 1125/1125
f 1076/1076 1125/1125 1077/1077
f 1077/1077 1125/1125 1126/1126
f 1077/1077 1126/1126 1078/1078
f 1078/1078 1126/1126 1127/1127
f 1078/1078 1127/1127 1079/1079
f 1079/1079 1127/1127 1128/1128
f 1079/1079 1128/1128 1080/1080
f 1080/1080 1128/1128 1129/1129
f 1080/1080 1129/1129 1081/1081
f 1081/1081 1129/1129 1130/1130
f 1081/1081 1130/1130 1082/1082
f 1082/1082 1130/1130 1131/1131
f 1082/1082 1131/1131 1083/1083
f 1083/1083 1131/1131 1132/1132
f 1083/1083 1132/1132 1084/1084
f 1084/1084 1132/1132 1133/1133
f 1084/1084 1133/1133 1085/1085
f 1085/1085 1133/1133 1134/1134
f 1085/1085 1134/1134 1086/1086
f 1086/1086 1134/1134 1135/1135
f 1086/1086 1135/1135 1087/1087
f 1087/1087 1135/1135 1136/1136
f 1087/1087 1136/1136 1088/1088
f 1088/1088 1136/1136 1137/1137
f 1088/1088 1137/1137 1089/1089
f 1089/1089 1137/1137 1138/1138
f 1089/1089 1138/1138 1090/1090
f 1090/1090 1138/1138 1139/1139
f 1090/1090 1139/1139 1091/1091
f 1091/1091 1139/1139 1140/1140
f 1091/1091 1140/1140 1092/1092
f 1092/1092 1140/1140 1141/1141
f 1092/1092 1141/1141 1093/1093
f 1093/1093 1141/1141 1142/1142
f 1093/1093 1142/1142 1094/1094
f 1094/1094 1142/1142 1143/1143
f 1094/1094 1143/1143 1095/1095
f 1095/1095 1143/1143 1144/1144
f 1095/1095 1144/1144 1096/1096
f 1096/1096 1144/1144 1145/1145
f 1096/1096 1145/1145 1097/1097
f 1097/1097 1145/1145 1146/1146
f 1097/1097 1146/1146 1098/1098
f 1098/1098 1146/1146 1147/1147
f 1098/1098 1147/1147 1099/1099
f 1099/1099 1147/1147 1148/1148
f 1099/1099 1148/1148 1100/1100
f 1100/1100 1148/1148 1149/1149
f 1100/1100 1149/1149 1101/1101
f 1101/1101 1149/1149 1150/1150
f 1101/1101 1150/1150 1102/1102
f 1102/1102 1150/1150 1151/1151
f 1102/1102 1151/1151 1103/1103
f 1103/1103 1151/1151 1152/1152
f 1103/1103 1152/1152 1104/1104
f 1104/1104 1152/1152 1153/1153
f 1104/1104 1153/1153 1105/1105
f 1105/1105 1153/1153 1154/1154
f 1105/1105 1154/1154 1106/1106
f 1106/1106 1154/1154 1155/1155
f 1106/1106 1155/1155 1107/1107
f 1107/1107 1155/1155 1156/1156
f 1107/1107 1156/1156 1108/1108
f 1108/1108 1156/1156 1157/1157
f 1108/1108 1157/1157 1109/1109
f 1109/1109 1157/1157 1158/1158
f 1109/1109 1158/1158 1110/1110
f 1110/1110 1158/1158 1159/1159
f 1110/1110 1159/1159 1111/1111
f 1111/1111 1159/1159 1160/1160
f 1111/1111 1160/1160 1112/1112
f 1112/1112 1160/1160 1161/1161
f 1112/1112 1161/1161 1113/1113
f 1113/1113 1161/1161 1162/1162
f 1113/1113 1162/1162 1114/1114
f 1114/1114 1162/1162 1163/1163
f 1114/1114 1163/1163 1115/1115
f 1115/1115 1163/1163 1164/1164
f 1116/1116 1165/1165 1117/1117
f 1117/1117 1165/1165 1166/1166
f 1117/1117 1166/1166 1118/1118
f 1118/1118 1166/1166 1167/1167
f 1118/1118 1167/1167 1119/1119
f 1119/1119 1167/1167 1168/1168
f 1119/1119 1168/1168 1120/1120
f 1120/1120 1168/1168 1169/1169
f 1120/1120 1169/1169 1121/1121
f 1121/1121 1169/1169 1170/1170
f 1121/1121 1170/1170 1122/1122
f 1122/1122 1170/1170 1171/1171
f 1122/1122 1171/1171 1123/1123
f 1123/1123 1171/1171 1172/1172
f 1123/1123 1172/1172 1124/1124
f 1124/1124 1172/1172 1173/1173
f 1124/1124 1173/1173 1125/1125
f 1125/1125 1173/1173 1174/1174
f 1125/1125 1174/1174 1126/1126
f 1126/1126 1174/1174 1175/1175
f 1126/1126 1175/1175 1127/1127
f 1127/1127 1175/1175 1176/1176
f 1127/1127 1176/1176 1128/1128
f 1128/1128 1176/1176 1177/1177
f 1128/1128 1177/1177 1129/1129
f 1129/1129 1177/1177 1178/1178
f 1129/1129 1178/1178 1130/1130
f 1130/1130 1178/1178 1179/1179
f 1130/1130 1179/1179 1131/1131
f 1131/1131 1179/1179 1180/1180
f 1131/1131 1180/1180 1132/1132
f 1132/1132 1180/1180 1181/1181
f 1132/1132 1181/1181 1133/1133
f 1133/1133 1181/1181 1182/1182
f 1133/1133 1182/1182 1134/1134
f 1134/1134 1182/1182 1183/1183
f 1134/1134 1183/1183 1135/1135
f 1135/1135 1183/1183 1184/1184
f 1135/1135 1184/1184 1136/1136
f 1136/1136 1184/1184 1185/1185
f 1136/1136 1185/1185 1137/1137
f 1137/1137 1185/1185 1186/1186
f 1137/1137 1186/1186 1138/1138
f 1138/1138 1186/1186 1187/1187
f 1138/1138 1187/1187 1139/1139
f 1139/1139 1187/1187 1188/1188
f 1139/1139 1188/1188 1140/1140
f 1140/1140 1188/1188 1189/1189
f 1140/1140 1189/1189 1141/1141
f 1141/1141 1189/1189 1190/1190
f 1141/1141 1190/1190 1142/1142
f 1142/1142 1190/1190 1191/1191
f 1142/1142 1191/1191 1143/1143
f 1143/1143 1191/1191 1192/1192
f 1143/1143 1192/1192 1144/1144
f 1144/1144 1192/1192 1193/1193
f 1144/1144 1193/1193 1145/1145
f 1145/1145 1193/1193 1194/1194
f 1145/1145 1194/1194 1146/1146
f 1146/1146 1194/1194 1195/1195
f 1146/1146 1195/1195 1147/1147
f 1147/1147 1195/1195 1196/1196
f 1147/1147 1196/1196 1148/1148
f 1148/1148 1196/1196 1197/1197
f 1148/1148 1197/1197 1149/1149
f 1149/1149 1197/1197 1198/1198
f 1149/1149 1198/1198 1150/1150
f 1150/1150 1198/1198 1199/1199
f 1150/1150 1199/1199 1151/1151
f 1151/1151 1199/1199 1200/1200
f 1151/1151 1200/1200 1152/1152
f 1152/1152 1200/1200 1201/1201
f 1152/1152 1201/1201 1153/1153
f 1153/1153 1201/1201 1202/1202
f 1153/1153 1202/1202 1154/1154
f 1154/1154 1202/1202 1203/1203
f 1154/1154 1203/1203 1155/1155
f 1155/1155 1203/1203 1204/1204
f 1155/1155 1204/1204 1156/1156
f 1156/1156 1204/1204 1205/1205
f 1156/1156 1205/1205 1157/1157
f 1157/1157 1205/1205 1206/1206
f 1157/1157 1206/1206 1158/1158
f 1158/1158 1206/1206 1207/1207
f 1158/1158 1207/1207 1159/1159
f 1159/1159 1207/1207 1208/1208
f 1159/1159 1208/1208 1160/1160
f 1160/1160 1208/1208 1209/1209
f 1160/1160 1209/1209 1161/1161
f 1161/1161 1209/1209 1210/1210
f 1161/1161 1210/1210 1162/1162
f 1162/1162 1210/1210 1211/1211
f 1162/1162 1211/1211 1163/1163
f 1163/1163 1211/1211 1212/1212
f 1163/1163 1212/1212 1164/1164
f 1164/1164 1212/1212 1213/1213
f 1165/1165 1214/1214 1166/1166
f 1166/1166 1214/1214 1215/1215
f 1166/1166 1215/1215 1167/1167
f 1167/1167 1215/1215 1216/1216
f 1167/1167 1216/1216 1168/1168
f 1168/1168 1216/1216 1217/1217
f 1168/1168 1217/1217 1169/1169
f 1169/1169 1217/1217 1218/1218
f 1169/1169 1218/1218 1170/1170
f 1170/1170 1218/1218 1219/1219
f 1170/1170 1219/1219 1171/1171
f 1171/1171 1219/1219 1220/1220
f 1171/1171 1220/1220 1172/1172
f 1172/1172 1220/1220 1221/1221
f 1172/1172 1221/1221 1173/1173
f 1173/1173 1221/1221 1222/1222
f 1173/1173 1222/1222 1174/1174
f 1174/1174 1222/1222 1223/1223
f 1174/1174 1223/1223 1175/1175
f 1175/1175 1223/1223 1224/1224
f 1175/1175 1224/1224 1176/1176
f 1176/1176 1224/1224 1225/1225
f 1176/1176 1225/1225 1177/1177
f 1177/1177 1225/1225 1226/1226
f 1177/1177 1226/1226 1178/1178
f 1178/1178 1226/1226 1227/1227
f 1178/1178 1227/1227 1179/1179
f 1179/1179 1227/1227 1228/1228
f 1179/1179 1228/1228 1180/1180
f 1180/1180 1228/1228 1229/1229
f 1180/1180 1229/1229 1181/1181
f 1181/1181 1229/1229 1230/1230
f 1181/1181 1230/1230 1182/1182
f 1182/1182 1230/1230 1231/1231
f 1182/1182 1231/1231 1183/1183
f 1183/1183 1231/1231 1232/1232
f 1183/1183 1232/1232 1184/1184
f 1184/1184 1232/1232 1233/1233
f 1184/1184 1233/1233 1185/1185
f 1185/1185 1233/1233 1234/1234
f 1185/1185 1234/1234 1186/1186
f 1186/1186 1234/1234 1235/1235
f 1186/1186 1235/1235 1187/1187
f 1187/1187 1235/1235 1236/1236
f 1187/1187 1236/1236 1188/1188
f 1188/1188 1236/1236 1237/1237
f 1188/1188 1237/1237 1189/1189
f 1189/1189 1237/1237 1238/1238
f 1189/1189 1238/1238 1190/1190
f 1190/1190 1238/1238 1239/1239
f 1190/1190 1239/1239 1191/1191
f 1191/1191 1239/1239 1240/1240
f 1191/1191 1240/1240 1192/1192
f 1192/1192 1240/1240 1241/1241
f 1192/1192 1241/1241 1193/1193
f 1193/1193 1241/1241 1242/1242
f 1193/1193 1242/1242 1194/1194
f 1194/1194 1242/1242 1243/1243
f 1194/1194 1243/1243 1195/1195
f 1195/1195 1243/1243 1244/1244
f 1195/1195 1244/1244 1196/1196
f 1196/1196 1244/1244 1245/1245
f 1196/1196 1245/1245 1197/1197
f 1197/1197 1245/1245 1246/1246
f 1197/1197 1246/1246 1198/1198
f 1198/1198 1246/1246 1247/1247
f 1198/1198 1247/1247 1199/1199
f 1199/1199 1247/1247 1248/1248
f 1199/1199 1248/1248 1200/1200
f 1200/1200 1248/1248 1249/1249
f 1200/1200 1249/1249 1201/1201
f 1201/1201 1249/1249 1250/1250
f 1201/1201 1250/1250 1202/1202
f 1202/1202 1250/1250 1251/1251
f 1202/1202 1251/1251 1203/1203
f 1203/1203 1251/1251 1252/1252
f 1203/1203 1252/1252 1204/1204
f 1204/1204 1252/1252 1253/1253
f 1204/1204 1253/1253 1205/1205
f 1205/1205 1253/1253 1254/1254
f 1205/1205 1254/1254 1206/1206
f 1206/1206 1254/1254 1255/1255
f 1206/1206 1255/1255 1207/1207
f 1207/1207 1255/1255 1256/1256
f 1207/1207 1256/1256 1208/1208
f 1208/1208 1256/1256 1257/1257
f 1208/1208 1257/1257 1209/1209
f 1209/1209 1257/1257 1258/1258
f 1209/1209 1258/1258 1210/1210
f 1210/1210 1258/1258 1259/1259
f 1210/1210 1259/1259 1211/1211
f 1211/1211 1259/1259 1260/1260
f 1211/1211 1260/1260 1212/1212
f 1212/1212 1260/1260 1261/1261
f 1212/1212 1261/1261 1213/1213
f 1213/1213 1261/1261 1262/1262
f 1214/1214 1263/1263 1215/1215
f 1215/1215 1263/1263 1264/1264
f 1215/1215 1264/1264 1216/1216
f 1216/1216 1264/1264 1265/1265
f 1216/1216 1265/1265 1217/1217
f 1217/1217 1265/1265 1266/1266
f 1217/1217 1266/1266 1218/1218
f 1218/1218 1266/1266 1267/1267
f 1218/1218 1267/1267 1219/1219
f 1219/1219 1267/1267 1268/1268
f 1219/1219 1268/1268 1220/1220
f 1220/1220 1268/1268 1269/1269
f 1220/1220 1269/1269 1221/1221
f 1221/1221 1269/1269 1270/1270
f 1221/1221 1270/1270 1222/1222
f 1222/1222 1270/1270 1271/1271
f 1222/1222 1271/1271 1223/1223
f 1223/1223 1271/1271 1272/1272
f 1223/1223 1272/1272 1224/1224
f 1224/1224 1272/1272 1273/1273
f 1224/1224 1273/1273 1225/1225
f 1225/1225 1273/1273 1274/1274
f 1225/1225 1274/1274 1226/1226
f 1226/1226 1274/1274 1275/1275
f 1226/1226 1275/1275 1227/1227
f 1227/1227 1275/1275 1276/1276
f 1227/1227 1276/1276 1228/1228
f 1228/1228 1276/1276 1277/1277
f 1228/1228 1277/1277 1229/1229
f 1229/1229 1277/1277 1278/1278
f 1229/1229 1278/1278 1230/1230
f 1230/1230 1278/1278 1279/1279
f 1230/1230 1279/1279 1231/1231
f 1231/1231 1279/1279 1280/1280
f 1231/1231 1280/1280 1232/1232
f 1232/1232 1280/1280 1281/1281
f 1232/1232 1281/1281 1233/1233
f 1233/1233 1281/1281 1282/1282
f 1233/1233 1282/1282 1234/1234
f 1234/1234 1282/1282 1283/1283
f 1234/1234 1283/1283 1235/1235
f 1235/1235 1283/1283 1284/1284
f 1235/1235 1284/1284 1236/1236
f 1236/1236 1284/1284 1285/1285
f 1236/1236 1285/1285 1237/1237
f 1237/1237 1285/1285 1286/1286
f 1237/1237 1286/1286 1238/1238
f 1238/1238 1286/1286 1287/1287
f 1238/1238 1287/1287 1239/1239
f 1239/1239 1287/1287 1288/1288
f 1239/1239 1288/1288 1240/1240
f 1240/1240 1288/1288 1289/1289
f 1240/1240 1289/1289 1241/1241
f 1241/1241 1289/1289 1290/1290
f 1241/1241 1290/1290 1242/1242
f 1242/1242 1290/1290 1291/1291
f 1242/1242 1291/1291 1243/1243
f 1243/1243 1291/1291 1292/1292
f 1243/1243 1292/1292 1244/1244
f 1244/1244 1292/1292 1293/1293
f 1244/1244 1293/1293 1245/1245
f 1245/1245 1293/1293 1294/1294
f 1245/1245 1294/1294 1246/1246
f 1246/1246 1294/1294 1295/1295
f 1246/1246 1295/1295 1247/1247
f 1247/1247 1295/1295 1296/1296
f 1247/1247 1296/1296 1248/1248
f 1248/1248 1296/1296 1297/1297
f 1248/1248 1297/1297 1249/1249
f 1249/1249 1297/1297 1298/1298
f 1249/1249 1298/1298 1250/1250
f 1250/1250 1298/1298 1299/1299
f 1250/1250 1299/1299 1251/1251
f 1251/1251 1299/1299 1300/1300
f 1251/1251 1300/1300 1252/1252
f 1252/1252 1300/1300 1301/1301
f 1252/1252 1301/1301 1253/1253
f 1253/1253 1301/1301 1302/1302
f 1253/1253 1302/1302 1254/1254
f 1254/1254 1302/1302 1303/1303
f 1254/1254 1303/1303 1255/1255
f 1255/1255 1303/1303 1304/1304
f 1255/1255 1304/1304 1256/1256
f 1256/1256 1304/1304 1305/1305
f 1256/1256 1305/1305 1257/1257
f 1257/1257 1305/1305 1306/1306
f 1257/1257 1306/1306 1258/1258
f 1258/1258 1306/1306 1307/1307
f 1258/1258 1307/1307 1259/1259
f 1259/1259 1307/1307 1308/1308
f 1259/1259 1308/1308 1260/1260
f 1260/1260 1308/1308 1309/1309
f 1260/1260 1309/1309 1261/1261
f 1261/1261 1309/1309 1310/1310
f 1261/1261 1310/1310 1262/1262
f 1262/1262 1310/1310 1311/1311
f 1263/1263 1312/1312 1264/1264
f 1264/1264 1312/1312 1313/1313
f 1264/1264 1313/1313 1265/1265
f 1265/1265 1313/1313 1314/1314
f 1265/1265 1314/1314 1266/1266
f 1266/1266 1314/1314 1315/1315
f 1266/1266 1315/1315 1267/1267
f 1267/1267 1315/1315 1316/1316
f 1267/1267 1316/1316 1268/1268
f 1268/1268 1316/1316 1317/1317
f 1268/1268 1317/1317 1269/1269
f 1269/1269 1317/1317 1318/1318
f 1269/1269 1318/1318 1270/1270
f 1270/1270 1318/1318 1319/1319
f 1270/1270 1319/1319 1271/1271
f 1271/1271 1319/1319 1320/1320
f 1271/1271 1320/1320 1272/1272
f 1272/1272 1320/1320 1321/1321
f 1272/1272 1321/1321 1273/1273
f 1273/1273 1321/1321 1322/1322
f 1273/1273 1322/1322 1274/1274
f 1274/1274 1322/1322 1323/1323
f 1274/1274 1323/1323 1275/1275
f 1275/1275 1323/1323 1324/1324
f 1275/1275 1324/1324 1276/1276
f 1276/1276 1324/1324 1325/1325
f 1276/1276 1325/1325 1277/1277
f 1277/1277 1325/1325 1326/1326
f 1277/1277 1326/1326 1278/1278
f 1278/1278 1326/1326 1327/1327
f 1278/1278 1327/1327 1279/1279
f 1279/1279 1327/1327 1328/1328
f 1279/1279 1328/1328 1280/1280
f 1280/1280 1328/1328 1329/1329
f 1280/1280 1329/1329 1281/1281
f 1281/1281 1329/1329 1330/1330
f 1281/1281 1330/1330 1282/1282
f 1282/1282 1330/1330 1331/1331
f 1282/1282 1331/1331 1283/1283
f 1283/1283 1331/1331 1332/1332
f 1283/1283 1332/1332 1284/1284
f 1284/1284 1332/1332 1333/1333
f 1284/1284 1333/1333 1285/1285
f 1285/1285 1333/1333 1334/1334
f 1285/1285 1334/1334 1286/1286
f 1286/1286 1334/1334 1335/1335
f 1286/1286 1335/1335 1287/1287
f 1287/1287 1335/1335 1336/1336
f 1287/1287 1336/1336 1288/1288
f 1288/1288 1336/1336 1337/1337
f 1288/1288 1337/1337 1289/1289
f 1289/1289 1337/1337 1338/1338
f 1289/1289 1338/1338 1290/1290
f 1290/1290 1338/1338 1339/1339
f 1290/1290 1339/1339 1291/1291
f 1291/1291 1339/1339 1340/1340
f 1291/1291 1340/1340 1292/1292
f 1292/1292 1340/1340 1341/1341
f 1292/1292 1341/1341 1293/1293
f 1293/1293 1341/1341 1342/1342
f 1293/1293 1342/1342 1294/1294
f 1294/1294 1342/1342 1343/1343
f 1294/1294 1343/1343 1295/1295
f 1295/1295 1343/1343 1344/1344
f 1295/1295 1344/1344 1296/1296
f 1296/1296 1344/1344 1345/1345
f 1296/1296 1345/1345 1297/1297
f 1297/1297 1345/1345 1346/1346
f 1297/1297 1346/1346 1298/1298
f 1298/1298 1346/1346 1347/1347
f 1298/1298 1347/1347 1299/1299
f 1299/1299 1347/1347 1348/1348
f 1299/1299 1348/1348 1300/1300
f 1300/1300 1348/1348 1349/1349
f 1300/1300 1349/1349 1301/1301
f 1301/1301 1349/1349 1350/1350
f 1301/1301 1350/1350 1302/1302
f 1302/1302 1350/1350 1351/1351
f 1302/1302 1351/1351 1303/1303
f 1303/1303 1351/1351 1352/1352
f 1303/1303 1352/1352 1304/1304
f 1304/1304 1352/1352 1353/1353
f 1304/1304 1353/1353 1305/1305
f 1305/1305 1353/1353 1354/1354
f 1305/1305 1354/1354 1306/1306
f 1306/1306 1354/1354 1355/1355
f 1306/1306 1355/1355 1307/1307
f 1307/1307 1355/1355 1356/1356
f 1307/1307 1356/1356 1308/1308
f 1308/1308 1356/1356 1357/1357
f 1308/1308 1357/1357 1309/1309
f 1309/1309 1357/1357 1358/1358
f 1309/1309 1358/1358 1310/1310
f 1310/1310 1358/1358 1359/1359
f 1310/1310 1359/1359 1311/1311
f 1311/1311 1359/1359 1360/1360
f 1312/1312 1361/1361 1313/1313
f 1313/1313 1361/1361 1362/1362
f 1313/1313 1362/1362 1314/1314
f 1314/1314 1362/1362 1363/1363
f 1314/1314 1363/1363 1315/1315
f 1315/1315 1363/1363 1364/1364
f 1315/1315 1364/1364 1316/1316
f 1316/1316 1364/1364 1365/1365
f 1316/1316 1365/1365 1317/1317
f 1317/1317 1365/1365 1366/1366
f 1317/1317 1366/1366 1318/1318
f 1318/1318 1366/1366 1367/1367
f 1318/1318 1367/1367 1319/1319
f 1319/1319 1367/1367 1368/1368
f 1319/1319 1368/1368 1320/1320
f 1320/1320 1368/1368 1369/1369
f 1320/1320 1369/1369 1321/1321
f 1321/1321 1369/1369 1370/1370
f 1321/1321 1370/1370 1322/1322
f 1322/1322 1370/1370 1371/1371
f 1322/1322 1371/1371 1323/1323
f 1323/1323 1371/1371 1372/1372
f 1323/1323 1372/1372 1324/1324
f 1324/1324 1372/1372 1373/1373
f 1324/1324 1373/1373 1325/1325
f 1325/1325 1373/1373 1374/1374
f 1325/1325 1374/1374 1326/1326
f 1326/1326 1374/1374 1375/1375
f 1326/1326 1375/1375 1327/1327
f 1327/1327 1375/1375 1376/1376
f 1327/1327 1376/1376 1328/1328
f 1328/1328 1376/1376 1377/1377
f 1328/1328 1377/1377 1329/1329
f 1329/1329 1377/1377 1378/1378
f 1329/1329 1378/1378 1330/1330
f 1330/1330 1378/1378 1379/1379
f 1330/1330 1379/1379 1331/1331
f 1331/1331 1379/1379 1380/1380
f 1331/1331 1380/1380 1332/1332
f 1332/1332 1380/1380 1381/1381
f 1332/1332 1381/1381 1333/1333
f 1333/1333 1381/1381 1382/1382
f 1333/1333 1382/1382 1334/1334
f 1334/1334 1382/1382 1383/1383
f 1334/1334 1383/1383 1335/1335
f 1335/1335 1383/1383 1384/1384
f 1335/1335 1384/1384 1336/1336
f 1336/1336 1384/1384 1385/1385
f 1336/1336 1385/1385 1337/1337
f 1337/1337 1385/1385 1386/1386
f 1337/1337 1386/1386 1338/1338
f 1338/1338 1386/1386 1387/1387
f 1338/1338 1387/1387 1339/1339
f 1339/1339 1387/1387 1388/1388
f 1339/1339 1388/1388 1340/1340
f 1340/1340 1388/1388 1389/1389
f 1340/1340 1389/1389 1341/1341
f 1341/1341 1389/1389 1390/1390
f 1341/1341 1390/1390 1342/1342
f 1342/1342 1390/1390 1391/1391
f 1342/1342 1391/1391 1343/1343
f 1343/1343 1391/1391 1392/1392
f 1343/1343 1392/1392 1344/1344
f 1344/1344 1392/1392 1393/1393
f 1344/1344 1393/1393 1345/1345
f 1345/1345 1393/1393 1394/1394
f 1345/1345 1394/1394 1346/1346
f 1346/1346 1394/1394 1395/1395
f 1346/1346 1395/1395 1347/1347
f 1347/1347 1395/1395 1396/1396
f 1347/1347 1396/1396 1348/1348
f 1348/1348 1396/1396 1397/1397
f 1348/1348 1397/1397 1349/1349
f 1349/1349 1397/1397 1398/1398
f 1349/1349 1398/1398 1350/1350
f 1350/1350 1398/1398 1399/1399
f 1350/1350 1399/1399 1351/1351
f 1351/1351 1399/1399 1400/1400
f 1351/1351 1400/1400 1352/1352
f 1352/1352 1400/1400 1401/1401
f 1352/1352 1401/1401 1353/1353
f 1353/1353 1401/1401 1402/1402
f 1353/1353 1402/1402 1354/1354
f 1354/1354 1402/1402 1403/1403
f 1354/1354 1403/1403 1355/1355
f 1355/1355 1403/1403 1404/1404
f 1355/1355 1404/1404 1356/1356
f 1356/1356 1404/1404 1405/1405
f 1356/1356 1405/1405 1357/1357
f 1357/1357 1405/1405 1406/1406
f 1357/1357 1406/1406 1358/1358
f 1358/1358 1406/1406 1407/1407
f 1358/1358 1407/1407 1359/1359
f 1359/1359 1407/1407 1408/1408
f 1359/1359 1408/1408 1360/1360
f 1360/1360 1408/1408 1409/1409
f 1361/1361 1410/1410 1362/1362
f 1362/1362 1410/1410 1411/1411
f 1362/1362 1411/1411 1363/1363
f 1363/1363 1411/1411 1412/1412
f 1363/1363 1412/1412 1364/1364
f 1364/1364 1412/1412 1413/1413
f 1364/1364 1413/1413 1365/1365
f 1365/1365 1413/1413 1414/1414
f 1365/1365 1414/1414 1366/1366
f 1366/1366 1414/1414 1415/1415
f 1366/1366 1415/1415 1367/1367
f 1367/1367 1415/1415 1416/1416
f 1367/1367 1416/1416 1368/1368
f 1368/1368 1416/1416 1417/1417
f 1368/1368 1417/1417 1369/1369
f 1369/1369 1417/1417 1418/1418
f 1369/1369 1418/1418 1370/1370
f 1370/1370 1418/1418 1419/1419
f 1370/1370 1419/1419 1371/1371
f 1371/1371 1419/1419 1420/1420
f 1371/1371 1420/1420 1372/1372
f 1372/1372 1420/1420 1421/1421
f 1372/1372 1421/1421 1373/1373
f 1373/1373 1421/1421 1422/1422
f 1373/1373 1422/1422 1374/1374
f 1374/1374 1422/1422 1423/1423
f 1374/1374 1423/1423 1375/1375
f 1375/1375 1423/1423 1424/1424
f 1375/1375 1424/1424 1376/1376
f 1376/1376 1424/1424 1425/1425
f 1376/1376 1425/1425 1377/1377
f 1377/1377 1425/1425 1426/1426
f 1377/1377 1426/1426 1378/1378
f 1378/1378 1426/1426 1427/1427
f 1378/1378 1427/1427 1379/1379
f 1379/1379 1427/1427 1428/1428
f 1379/1379 1428/1428 1380/1380
f 1380/1380 1428/1428 1429/1429
f 1380/1380 1429/1429 1381/1381
f 1381/1381 1429/1429 1430/1430
f 1381/1381 1430/1430 1382/1382
f 1382/1382 1430/1430 1431/1431
f 1382/1382 1431/1431 1383/1383
f 1383/1383 1431/1431 1432/1432
f 1383/1383 1432/1432 1384/1384
f 1384/1384 1432/1432 1433/1433
f 1384/1384 1433/1433 1385/1385
f 1385/1385 1433/1433 1434/1434
f 1385/1385 1434/1434 1386/1386
f 1386/1386 1434/1434 1435/1435
f 1386/1386 1435/1435 1387/1387
f 1387/1387 1435/1435 1436/1436
f 1387/1387 1436/1436 1388/1388
f 1388/1388 1436/1436 1437/1437
f 1388/1388 1437/1437 1389/1389
f 1389/1389 1437/1437 1438/1438
f 1389/1389 1438/1438 1390/1390
f 1390/1390 1438/1438 1439/1439
f 1390/1390 1439/1439 1391/1391
f 1391/1391 1439/1439 1440/1440
f 1391/1391 1440/1440 1392/1392
f 1392/1392 1440/1440 1441/1441
f 1392/1392 1441/1441 1393/1393
f 1393/1393 1441/1441 1442/1442
f 1393/1393 1442/1442 1394/1394
f 1394/1394 1442/1442 1443/1443
f 1394/1394 1443/1443 1395/1395
f 1395/1395 1443/1443 1444/1444
f 1395/1395 1444/1444 1396/1396
f 1396/1396 1444/1444 1445/1445
f 1396/1396 1445/1445 1397/1397
f 1397/1397 1445/1445 1446/1446
f 1397/1397 1446/1446 1398/1398
f 1398/1398 1446/1446 1447/1447
f 1398/1398 1447/1447 1399/1399
f 1399/1399 1447/1447 1448/1448
f 1399/1399 1448/1448 1400/1400
f 1400/1400 1448/1448 1449/1449
f 1400/1400 1449/1449 1401/1401
f 1401/1401 1449/1449 1450/1450
f 1401/1401 1450/1450 1402/1402
f 1402/1402 1450/1450 1451/1451
f 1402/1402 1451/1451 1403/1403
f 1403/1403 1451/1451 1452/1452
f 1403/1403 1452/1452 1404/1404
f 1404/1404 1452/1452 1453/1453
f 1404/1404 1453/1453 1405/1405
f 1405/1405 1453/1453 1454/1454
f 1405/1405 1454/1454 1406/1406
f 1406/1406 1454/1454 1455/1455
f 1406/1406 1455/1455 1407/1407
f 1407/1407 1455/1455 1456/1456
f 1407/1407 1456/1456 1408/1408
f 1408/1408 1456/1456 1457/1457
f 1408/1408 1457/1457 1409/1409
f 1409/1409 1457/1457 1458/1458
f 1410/1410 1459/1459 1411/1411
f 1411/1411 1459/1459 1460/1460
f 1411/1411 1460/1460 1412/1412
f 1412/1412 1460/1460 1461/1461
f 1412/1412 1461/1461 1413/1413
f 1413/1413 1461/1461 1462/1462
f 1413/1413 1462/1462 1414/1414
f 1414/1414 1462/1462 1463/1463
f 1414/1414 1463/1463 1415/1415
f 1415/1415 1463/1463 1464/1464
f 1415/1415 1464/1464 1416/1416
f 1416/1416 1464/1464 1465/1465
f 1416/1416 1465/1465 1417/1417
f 1417/1417 1465/1465 1466/1466
f 1417/1417 1466/1466 1418/1418
f 1418/1418 1466/1466 1467/1467
f 1418/1418 1467/1467 1419/1419
f 1419/1419 1467/1467 1468/1468
f 1419/1419 1468/1468 1420/1420
f 1420/1420 1468/1468 1469/1469
f 1420/1420 1469/1469 1421/1421
f 1421/1421 1469/1469 1470/1470
f 1421/1421 1470/1470 1422/1422
f 1422/1422 1470/1470 1471/1471
f 1422/1422 1471/1471 1423/1423
f 1423/1423 1471/1471 1472/1472
f 1423/1423 1472/1472 1424/1424
f 1424/1424 1472/1472 1473/1473
f 1424/1424 1473/1473 1425/1425
f 1425/1425 1473/1473 1474/1474
f 1425/1425 1474/1474 1426/1426
f 1426/1426 1474/1474 1475/1475
f 1426/1426 1475/1475 1427/1427
f 1427/1427 1475/1475 1476/1476
f 1427/1427 1476/1476 1428/1428
f 1428/1428 1476/1476 1477/1477
f 1428/1428 1477/1477 1429/1429
f 1429/1429 1477/1477 1478/1478
f 1429/1429 1478/1478 1430/1430
f 1430/1430 1478/1478 1479/1479
f 1430/1430 1479/1479 1431/1431
f 1431/1431 1479/1479 1480/1480
f 1431/1431 1480/1480 1432/1432
f 1432/1432 1480/1480 1481/1481
f 1432/1432 1481/1481 1433/1433
f 1433/1433 1481/1481 1482/1482
f 1433/1433 1482/1482 1434/1434
f 1434/1434 1482/1482 1483/1483
f 1434/1434 1483/1483 1435/1435
f 1435/1435 1483/1483 1484/1484
f 1435/1435 1484/1484 1436/1436
f 1436/1436 1484/1484 1485/1485
f 1436/1436 1485/1485 1437/1437
f 1437/1437 1485/1485 1486/1486
f 1437/1437 1486/1486 1438/1438
f 1438/1438 1486/1486 1487/1487
f 1438/1438 1487/1487 1439/1439
f 1439/1439 1487/1487 1488/1488
f 1439/1439 1488/1488 1440/1440
f 1440/1440 1488/1488 1489/1489
f 1440/1440 1489/1489 1441/1441
f 1441/1441 1489/1489 1490/1490
f 1441/1441 1490/1490 1442/1442
f 1442/1442 1490/1490 1491/1491
f 1442/1442 1491/1491 1443/1443
f 1443/1443 1491/1491 1492/1492
f 1443/1443 1492/1492 1444/1444
f 1444/1444 1492/1492 1493/1493
f 1444/1444 1493/1493 1445/1445
f 1445/1445 1493/1493 1494/1494
f 1445/1445 1494/1494 1446/1446
f 1446/1446 1494/1494 1495/1495
f 1446/1446 1495/1495 1447/1447
f 1447/1447 1495/1495 1496/1496
f 1447/1447 1496/1496 1448/1448
f 1448/1448 1496/1496 1497/1497
f 1448/1448 1497/1497 1449/1449
f 1449/1449 1497/1497 1498/1498
f 1449/1449 1498/1498 1450/1450
f 1450/1450 1498/1498 1499/1499
f 1450/1450 1499/1499 1451/1451
f 1451/1451 1499/1499 1500/1500
f 1451/1451 1500/1500 1452/1452
f 1452/1452 1500/1500 1501/1501
f 1452/1452 1501/1501 1453/1453
f 1453/1453 1501/1501 1502/1502
f 1453/1453 1502/1502 1454/1454
f 1454/1454 1502/1502 1503/1503
f 1454/1454 1503/1503 1455/1455
f 1455/1455 1503/1503 1504/1504
f 1455/1455 1504/1504 1456/1456
f 1456/1456 1504/1504 1505/1505
f 1456/1456 1505/1505 1457/1457
f 1457/1457 1505/1505 1506/1506
f 1457/1457 1506/1506 1458/1458
f 1458/1458 1506/1506 1507/1507
f 1459/1459 1508/1508 1460/1460
f 1460/1460 1508/1508 1509/1509
f 1460/1460 1509/1509 1461/1461
f 1461/1461 1509/1509 1510/1510
f 1461/1461 1510/1510 1462/1462
f 1462/1462 1510/1510 1511/1511
f 1462/1462 1511/1511 1463/1463
f 1463/1463 1511/1511 1512/1512
f 1463/1463 1512/1512 1464/1464
f 1464/1464 1512/1512 1513/1513
f 1464/1464 1513/1513 1465/1465
f 1465/1465 1513/1513 1514/1514
f 1465/1465 1514/1514 1466/1466
f 1466/1466 1514/1514 1515/1515
f 1466/1466 1515/1515 1467/1467
f 1467/1467 1515/1515 1516/1516
f 1467/1467 1516/1516 1468/1468
f 1468/1468 1516/1516 1517/1517
f 1468/1468 1517/1517 1469/1469
f 1469/1469 1517/1517 1518/1518
f 1469/1469 1518/1518 1470/1470
f 1470/1470 1518/1518 1519/1519
f 1470/1470 1519/1519 1471/1471
f 1471/1471 1519/1519 1520/1520
f 1471/1471 1520/1520 1472/1472
f 1472/1472 1520/1520 1521/1521
f 1472/1472 1521/1521 1473/1473
f 1473/1473 1521/1521 1522/1522
f 1473/1473 1522/1522 1474/1474
f 1474/1474 1522/1522 1523/1523
f 1474/1474 1523/1523 1475/1475
f 1475/1475 1523/1523 1524/1524
f 1475/1475 1524/1524 1476/1476
f 1476/1476 1524/1524 1525/1525
f 1476/1476 1525/1525 1477/1477
f 1477/1477 1525/1525 1526/1526
f 1477/1477 1526/1526 1478/1478
f 1478/1478 1526/1526 1527/1527
f 1478/1478 1527/1527 1479/1479
f 1479/1479 1527/1527 1528/1528
f 1479/1479 1528/1528 1480/1480
f 1480/1480 1528/1528 1529/1529
f 1480/1480 1529/1529 1481/1481
f 1481/1481 1529/1529 1530/1530
f 1481/1481 1530/1530 1482/1482
f 1482/1482 1530/1530 1531/1531
f 1482/1482 1531/1531 1483/1483
f 1483/1483 1531/1531 1532/1532
f 1483/1483 1532/1532 1484/1484
f 1484/1484 1532/1532 1533/1533
f 1484/1484 1533/1533 1485/1485
f 1485/1485 1533/1533 1534/1534
f 1485/1485 1534/1534 1486/1486
f 1486/1486 1534/1534 1535/1535
f 1486/1486 1535/1535 1487/1487
f 1487/1487 1535/1535 1536/1536
f 1487/1487 1536/1536 1488/1488
f 1488/1488 1536/1536 1537/1537
f 1488/1488 1537/1537 1489/1489
f 1489/1489 1537/1537 1538/1538
f 1489/1489 1538/1538 1490/1490
f 1490/1490 1538/1538 1539/1539
f 1490/1490 1539/1539 1491/1491
f 1491/1491 1539/1539 1540/1540
f 1491/1491 1540/1540 1492/1492
f 1492/1492 1540/1540 1541/1541
f 1492/1492 1541/1541 1493/1493
f 1493/1493 1541/1541 1542/1542
f 1493/1493 1542/1542 1494/1494
f 1494/1494 1542/1542 1543/1543
f 1494/1494 1543/1543 1495/1495
f 1495/1495 1543/1543 1544/1544
f 1495/1495 1544/1544 1496/1496
f 1496/1496 1544/1544 1545/1545
f 1496/1496 1545/1545 1497/1497
f 1497/1497 1545/1545 1546/1546
f 1497/1497 1546/1546 1498/1498
f 1498/1498 1546/1546 1547/1547
f 1498/1498 1547/1547 1499/1499
f 1499/1499 1547/1547 1548/1548
f 1499/1499 1548/1548 1500/1500
f 1500/1500 1548/1548 1549/1549
f 1500/1500 1549/1549 1501/1501
f 1501/1501 1549/1549 1550/1550
f 1501/1501 1550/1550 1502/1502
f 1502/1502 1550/1550 1551/1551
f 1502/1502 1551/1551 1503/1503
f 1503/1503 1551/1551 1552/1552
f 1503/1503 1552/1552 1504/1504
f 1504/1504 1552/1552 1553/1553
f 1504/1504 1553/1553 1505/1505
f 1505/1505 1553/1553 1554/1554
f 1505/1505 1554/1554 1506/1506
f 1506/1506 1554/1554 1555/1555
f 1506/1506 1555/1555 1507/1507
f 1507/1507 1555/1555 1556/1556
f 1508/1508 1557/1557 1509/1509
f 1509/1509 1557/1557 1558/1558
f 1509/1509 1558/1558 1510/1510
f 1510/1510 1558/1558 1559/1559
f 1510/1510 1559/1559 1511/1511
f 1511/1511 1559/1559 1560/1560
f 1511/1511 1560/1560 1512/1512
f 1512/1512 1560/1560 1561/1561
f 1512/1512 1561/1561 1513/1513
f 1513/1513 1561/1561 1562/1562
f 1513/1513 1562/1562 1514/1514
f 1514/1514 1562/1562 1563/1563
f 1514/1514 1563/1563 1515/1515
f 1515/1515 1563/1563 1564/1564
f 1515/1515 1564/1564 1516/1516
f 1516/1516 1564/1564 1565/1565
f 1516/1516 1565/1565 1517/1517
f 1517/1517 1565/1565 1566/1566
f 1517/1517 1566/1566 1518/1518
f 1518/1518 1566/1566 1567/1567
f 1518/1518 1567/1567 1519/1519
f 1519/1519 1567/1567 1568/1568
f 1519/1519 1568/1568 1520/1520
f 1520/1520 1568/1568 1569/1569
f 1520/1520 1569/1569 1521/1521
f 1521/1521 1569/1569 1570/1570
f 1521/1521 1570/1570 1522/1522
f 1522/1522 1570/1570 1571/1571
f 1522/1522 1571/1571 1523/1523
f 1523/1523 1571/1571 1572/1572
f 1523/1523 1572/1572 1524/1524
f 1524/1524 1572/1572 1573/1573
f 1524/1524 1573/1573 1525/1525
f 1525/1525 1573/1573 1574/1574
f 1525/1525 1574/1574 1526/1526
f 1526/1526 1574/1574 1575/1575
f 1526/1526 1575/1575 1527/1527
f 1527/1527 1575/1575 1576/1576
f 1527/1527 1576/1576 1528/1528
f 1528/1528 1576/1576 1577/1577
f 1528/1528 1577/1577 1529/1529
f 1529/1529 1577/1577 1578/1578
f 1529/1529 1578/1578 1530/1530
f 1530/1530 1578/1578 1579/1579
f 1530/1530 1579/1579 1531/1531
f 1531/1531 1579/1579 1580/1580
f 1531/1531 1580/1580 1532/1532
f 1532/1532 1580/1580 1581/1581
f 1532/1532 1581/1581 1533/1533
f 1533/1533 1581/1581 1582/1582
f 1533/1533 1582/1582 1534/1534
f 1534/1534 1582/1582 1583/1583
f 1534/1534 1583/1583 1535/1535
f 1535/1535 1583/1583 1584/1584
f 1535/1535 1584/1584 1536/1536
f 1536/1536 1584/1584 1585/1585
f 1536/1536 1585/1585 1537/1537
f 1537/1537 1585/1585 1586/1586
f 1537/1537 1586/1586 1538/1538
f 1538/1538 1586/1586 1587/1587
f 1538/1538 1587/1587 1539/1539
f 1539/1539 1587/1587 1588/1588
f 1539/1539 1588/1588 1540/1540
f 1540/1540 1588/1588 1589/1589
f 1540/1540 1589/1589 1541/1541
f 1541/1541 1589/1589 1590/1590
f 1541/1541 1590/1590 1542/1542
f 1542/1542 1590/1590 1591/1591
f 1542/1542 1591/1591 1543/1543
f 1543/1543 1591/1591 1592/1592
f 1543/1543 1592/1592 1544/1544
f 1544/1544 1592/1592 1593/1593
f 1544/1544 1593/1593 1545/1545
f 1545/1545 1593/1593 1594/1594
f 1545/1545 1594/1594 1546/1546
f 1546/1546 1594/1594 1595/1595
f 1546/1546 1595/1595 1547/1547
f 1547/1547 1595/1595 1596/1596
f 1547/1547 1596/1596 1548/1548
f 1548/1548 1596/1596 1597/1597
f 1548/1548 1597/1597 1549/1549
f 1549/1549 1597/1597 1598/1598
f 1549/1549 1598/1598 1550/1550
f 1550/1550 1598/1598 1599/1599
f 1550/1550 1599/1599 1551/1551
f 1551/1551 1599/1599 1600/1600
f 1551/1551 1600/1600 1552/1552
f 1552/1552 1600/1600 1601/1601
f 1552/1552 1601/1601 1553/1553
f 1553/1553 1601/1601 1602/1602
f 1553/1553 1602/1602 1554/1554
f 1554/1554 1602/1602 1603/1603
f 1554/1554 1603/1603 1555/1555
f 1555/1555 1603/1603 1604/1604
f 1555/1555 1604/1604 1556/1556
f 1556/1556 1604/1604 1605/1605
f 1557/1557 1606/1606 1558/1558
f 1558/1558 1606/1606 1607/1607
f 1558/1558 1607/1607 1559/1559
f 1559/1559 1607/1607 1608/1608
f 1559/1559 1608/1608 1560/1560
f 1560/1560 1608/1608 1609/1609
f 1560/1560 1609/1609 1561/1561
f 1561/1561 1609/1609 1610/1610
f 1561/1561 1610/1610 1562/1562
f 1562/1562 1610/1610 1611/1611
f 1562/1562 1611/1611 1563/1563
f 1563/1563 1611/1611 1612/1612
f 1563/1563 1612/1612 1564/1564
f 1564/1564 1612/1612 1613/1613
f 1564/1564 1613/1613 1565/1565
f 1565/1565 1613/1613 1614/1614
f 1565/1565 1614/1614 1566/1566
f 1566/1566 1614/1614 1615/1615
f 1566/1566 1615/1615 1567/1567
f 1567/1567 1615/1615 1616/1616
f 1567/1567 1616/1616 1568/1568
f 1568/1568 1616/1616 1617/1617
f 1568/1568 1617/1617 1569/1569
f 1569/1569 1617/1617 1618/1618
f 1569/1569 1618/1618 1570/1570
f 1570/1570 1618/1618 1619/1619
f 1570/1570 1619/1619 1571/1571
f 1571/1571 1619/1619 1620/1620
f 1571/1571 1620/1620 1572/1572
f 1572/1572 1620/1620 1621/1621
f 1572/1572 1621/1621 1573/1573
f 1573/1573 1621/1621 1622/1622
f 1573/1573 1622/1622 1574/1574
f 1574/1574 1622/1622 1623/1623
f 1574/1574 1623/1623 1575/1575
f 1575/1575 1623/1623 1624/1624
f 1575/1575 1624/1624 1576/1576
f 1576/1576 1624/1624 1625/1625
f 1576/1576 1625/1625 1577/1577
f 1577/1577 1625/1625 1626/1626
f 1577/1577 1626/1626 1578/1578
f 1578/1578 1626/1626 1627/1627
f 1578/1578 1627/1627 1579/1579
f 1579/1579 1627/1627 1628/1628
f 1579/1579 1628/1628 1580/1580
f 1580/1580 1628/1628 1629/1629
f 1580/1580 1629/1629 1581/1581
f 1581/1581 1629/1629 1630/1630
f 1581/1581 1630/1630 1582/1582
f 1582/1582 1630/1630 1631/1631
f 1582/1582 1631/1631 1583/1583
f 1583/1583 1631/1631 1632/1632
f 1583/1583 1632/1632 1584/1584
f 1584/1584 1632/1632 1633/1633
f 1584/1584 1633/1633 1585/1585
f 1585/1585 1633/1633 1634/1634
f 1585/1585 1634/1634 1586/1586
f 1586/1586 1634/1634 1635/1635
f 1586/1586 1635/1635 1587/1587
f 1587/1587 1635/1635 1636/1636
f 1587/1587 1636/1636 1588/1588
f 1588/1588 1636/1636 1637/1637
f 1588/1588 1637/1637 1589/1589
f 1589/1589 1637/1637 1638/1638
f 1589/1589 1638/1638 1590/1590
f 1590/1590 1638/1638 1639/1639
f 1590/1590 1639/1639 1591/1591
f 1591/1591 1639/1639 1640/1640
f 1591/1591 1640/1640 1592/1592
f 1592/1592 1640/1640 1641/1641
f 1592/1592 1641/1641 1593/1593
f 1593/1593 1641/1641 1642/1642
f 1593/1593 1642/1642 1594/1594
f 1594/1594 1642/1642 1643/1643
f 1594/1594 1643/1643 1595/1595
f 1595/1595 1643/1643 1644/1644
f 1595/1595 1644/1644 1596/1596
f 1596/1596 1644/1644 1645/1645
f 1596/1596 1645/1645 1597/1597
f 1597/1597 1645/1645 1646/1646
f 1597/1597 1646/1646 1598/1598
f 1598/1598 1646/1646 1647/1647
f 1598/1598 1647/1647 1599/1599
f 1599/1599 1647/1647 1648/1648
f 1599/1599 1648/1648 1600/1600
f 1600/1600 1648/1648 1649/1649
f 1600/1600 1649/1649 1601/1601
f 1601/1601 1649/1649 1650/1650
f 1601/1601 1650/1650 1602/1602
f 1602/1602 1650/1650 1651/1651
f 1602/1602 1651/1651 1603/1603
f 1603/1603 1651/1651 1652/1652
f 1603/1603 1652/1652 1604/1604
f 1604/1604 1652/1652 1653/1653
f 1604/1604 1653/1653 1605/1605
f 1605/1605 1653/1653 1654/1654
f 1606/1606 1655/1655 1607/1607
f 1607/1607 1655/1655 1656/1656
f 1607/1607 1656/1656 1608/1608
f 1608/1608 1656/1656 1657/1657
f 1608/1608 1657/1657 1609/1609
f 1609/1609 1657/1657 1658/1658
f 1609/1609 1658/1658 1610/1610
f 1610/1610 1658/1658 1659/1659
f 1610/1610 1659/1659 1611/1611
f 1611/1611 1659/1659 1660/1660
f 1611/1611 1660/1660 1612/1612
f 1612/1612 1660/1660 1661/1661
f 1612/1612 1661/1661 1613/1613
f 1613/1613 1661/1661 1662/1662
f 1613/1613 1662/1662 1614/1614
f 1614/1614 1662/1662 1663/1663
f 1614/1614 1663/1663 1615/1615
f 1615/1615 1663/1663 1664/1664
f 1615/1615 1664/1664 1616/1616
f 1616/1616 1664/1664 1665/1665
f 1616/1616 1665/1665 1617/1617
f 1617/1617 1665/1665 1666/1666
f 1617/1617 1666/1666 1618/1618
f 1618/1618 1666/1666 1667/1667
f 1618/1618 1667/1667 1619/1619
f 1619/1619 1667/1667 1668/1668
f 1619/1619 1668/1668 1620/1620
f 1620/1620 1668/1668 1669/1669
f 1620/1620 1669/1669 1621/1621
f 1621/1621 1669/1669 1670/1670
f 1621/1621 1670/1670 1622/1622
f 1622/1622 1670/1670 1671/1671
f 1622/1622 1671/1671 1623/1623
f 1623/1623 1671/1671 1672/1672
f 1623/1623 1672/1672 1624/1624
f 1624/1624 1672/1672 1673/1673
f 1624/1624 1673/1673 1625/1625
f 1625/1625 1673/1673 1674/1674
f 1625/1625 1674/1674 1626/1626
f 1626/1626 1674/1674 1675/1675
f 1626/1626 1675/1675 1627/1627
f 1627/1627 1675/1675 1676/1676
f 1627/1627 1676/1676 1628/1628
f 1628/1628 1676/1676 1677/1677
f 1628/1628 1677/1677 1629/1629
f 1629/1629 1677/1677 1678/1678
f 1629/1629 1678/1678 1630/1630
f 1630/1630 1678/1678 1679/1679
f 1630/1630 1679/1679 1631/1631
f 1631/1631 1679/1679 1680/1680
f 1631/1631 1680/1680 1632/1632
f 1632/1632 1680/1680 1681/1681
f 1632/1632 1681/1681 1633/1633
f 1633/1633 1681/1681 1682/1682
f 1633/1633 1682/1682 1634/1634
f 1634/1634 1682/1682 1683/1683
f 1634/1634 1683/1683 1635/1635
f 1635/1635 1683/1683 1684/1684
f 1635/1635 1684/1684 1636/1636
f 1636/1636 1684/1684 1685/1685
f 1636/1636 1685/1685 1637/1637
f 1637/1637 1685/1685 1686/1686
f 1637/1637 1686/1686 1638/1638
f 1638/1638 1686/1686 1687/1687
f 1638/1638 1687/1687 1639/1639
f 1639/1639 1687/1687 1688/1688
f 1639/1639 1688/1688 1640/1640
f 1640/1640 1688/1688 1689/1689
f 1640/1640 1689/1689 1641/1641
f 1641/1641 1689/1689 1690/1690
f 1641/1641 1690/1690 1642/1642
f 1642/1642 1690/1690 1691/1691
f 1642/1642 1691/1691 1643/1643
f 1643/1643 1691/1691 1692/1692
f 1643/1643 1692/1692 1644/1644
f 1644/1644 1692/1692 1693/1693
f 1644/1644 1693/1693 1645/1645
f 1645/1645 1693/1693 1694/1694
f 1645/1645 1694/1694 1646/1646
f 1646/1646 1694/1694 1695/1695
f 1646/1646 1695/1695 1647/1647
f 1647/1647 1695/1695 1696/1696
f 1647/1647 1696/1696 1648/1648
f 1648/1648 1696/1696 1697/1697
f 1648/1648 1697/1697 1649/1649
f 1649/1649 1697/1697 1698/1698
f 1649/1649 1698/1698 1650/1650
f 1650/1650 1698/1698 1699/1699
f 1650/1650 1699/1699 1651/1651
f 1651/1651 1699/1699 1700/1700
f 1651/1651 1700/1700 1652/1652
f 1652/1652 1700/1700 1701/1701
f 1652/1652 1701/1701 1653/1653
f 1653/1653 1701/1701 1702/1702
f 1653/1653 1702/1702 1654/1654
f 1654/1654 1702/1702 1703/1703
f 1655/1655 1704/1704 1656/1656
f 1656/1656 1704/1704 1705/1705
f 1656/1656 1705/1705 1657/1657
f 1657/1657 1705/1705 1706/1706
f 1657/1657 1706/1706 1658/1658
f 1658/1658 1706/1706 1707/1707
f 1658/1658 1707/1707 1659/1659
f 1659/1659 1707/1707 1708/1708
f 1659/1659 1708/1708 1660/1660
f 1660/1660 1708/1708 1709/1709
f 1660/1660 1709/1709 1661/1661
f 1661/1661 1709/1709 1710/1710
f 1661/1661 1710/1710 1662/1662
f 1662/1662 1710/1710 1711/1711
f 1662/1662 1711/1711 1663/1663
f 1663/1663 1711/1711 1712/1712
f 1663/1663 1712/1712 1664/1664
f 1664/1664 1712/1712 1713/1713
f 1664/1664 1713/1713 1665/1665
f 1665/1665 1713/1713 1714/1714
f 1665/1665 1714/1714 1666/1666
f 1666/1666 1714/1714 1715/1715
f 1666/1666 1715/1715 1667/1667
f 1667/1667 1715/1715 1716/1716
f 1667/1667 1716/1716 1668/1668
f 1668/1668 1716/1716 1717/1717
f 1668/1668 1717/1717 1669/1669
f 1669/1669 1717/1717 1718/1718
f 1669/1669 1718/1718 1670/1670
f 1670/1670 1718/1718 1719/1719
f 1670/1670 1719/1719 1671/1671
f 1671/1671 1719/1719 1720/1720
f 1671/1671 1720/1720 1672/1672
f 1672/1672 1720/1720 1721/1721
f 1672/1672 1721/1721 1673/1673
f 1673/1673 1721/1721 1722/1722
f 1673/1673 1722/1722 1674/1674
f 1674/1674 1722/1722 1723/1723
f 1674/1674 1723/1723 1675/1675
f 1675/1675 1723/1723 1724/1724
f 1675/1675 1724/1724 1676/1676
f 1676/1676 1724/1724 1725/1725
f 1676/1676 1725/1725 1677/1677
f 1677/1677 1725/1725 1726/1726
f 1677/1677 1726/1726 1678/1678
f 1678/1678 1726/1726 1727/1727
f 1678/1678 1727/1727 1679/1679
f 1679/1679 1727/1727 1728/1728
f 1679/1679 1728/1728 1680/1680
f 1680/1680 1728/1728 1729/1729
f 1680/1680 1729/1729 1681/1681
f 1681/1681 1729/1729 1730/1730
f 1681/1681 1730/1730 1682/1682
f 1682/1682 1730/1730 1731/1731
f 1682/1682 1731/1731 1683/1683
f 1683/1683 1731/1731 1732/1732
f 1683/1683 1732/1732 1684/1684
f 1684/1684 1732/1732 1733/1733
f 1684/1684 1733/1733 1685/1685
f 1685/1685 1733/1733 1734/1734
f 1685/1685 1734/1734 1686/1686
f 1686/1686 1734/1734 1735/1735
f 1686/1686 1735/1735 1687/1687
f 1687/1687 1735/1735 1736/1736
f 1687/1687 1736/1736 1688/1688
f 1688/1688 1736/1736 1737/1737
f 1688/1688 1737/1737 1689/1689
f 1689/1689 1737/1737 1738/1738
f 1689/1689 1738/1738 1690/1690
f 1690/1690 1738/1738 1739/1739
f 1690/1690 1739/1739 1691/1691
f 1691/1691 1739/1739 1740/1740
f 1691/1691 1740/1740 1692/1692
f 1692/1692 1740/1740 1741/1741
f 1692/1692 1741/1741 1693/1693
f 1693/1693 1741/1741 1742/1742
f 1693/1693 1742/1742 1694/1694
f 1694/1694 1742/1742 1743/1743
f 1694/1694 1743/1743 1695/1695
f 1695/1695 1743/1743 1744/1744
f 1695/1695 1744/1744 1696/1696
f 1696/1696 1744/1744 1745/1745
f 1696/1696 1745/1745 1697/1697
f 1697/1697 1745/1745 1746/1746
f 1697/1697 1746/1746 1698/1698
f 1698/1698 1746/1746 1747/1747
f 1698/1698 1747/1747 1699/1699
f 1699/1699 1747/1747 1748/1748
f 1699/1699 1748/1748 1700/1700
f 1700/1700 1748/1748 1749/1749
f 1700/1700 1749/1749 1701/1701
f 1701/1701 1749/1749 1750/1750
f 1701/1701 1750/1750 1702/1702
f 1702/1702 1750/1750 1751/1751
f 1702/1702 1751/1751 1703/1703
f 1703/1703 1751/1751 1752/1752
f 1704/1704 1753/1753 1705/1705
f 1705/1705 1753/1753 1754/1754
f 1705/1705 1754/1754 1706/1706
f 1706/1706 1754/1754 1755/1755
f 1706/1706 1755/1755 1707/1707
f 1707/1707 1755/1755 1756/1756
f 1707/1707 1756/1756 1708/1708
f 1708/1708 1756/1756 1757/1757
f 1708/1708 1757/1757 1709/1709
f 1709/1709 1757/1757 1758/1758
f 1709/1709 1758/1758 1710/1710
f 1710/1710 1758/1758 1759/1759
f 1710/1710 1759/1759 1711/1711
f 1711/1711 1759/1759 1760/1760
f 1711/1711 1760/1760 1712/1712
f 1712/1712 1760/1760 1761/1761
f 1712/1712 1761/1761 1713/1713
f 1713/1713 1761/1761 1762/1762
f 1713/1713 1762/1762 1714/1714
f 1714/1714 1762/1762 1763/1763
f 1714/1714 1763/1763 1715/1715
f 1715/1715 1763/1763 1764/1764
f 1715/1715 1764/1764 1716/1716
f 1716/1716 1764/1764 1765/1765
f 1716/1716 1765/1765 1717/1717
f 1717/1717 1765/1765 1766/1766
f 1717/1717 1766/1766 1718/1718
f 1718/1718 1766/1766 1767/1767
f 1718/1718 1767/1767 1719/1719
f 1719/1719 1767/1767 1768/1768
f 1719/1719 1768/1768 1720/1720
f 1720/1720 1768/1768 1769/1769
f 1720/1720 1769/1769 1721/1721
f 1721/1721 1769/1769 1770/1770
f 1721/1721 1770/1770 1722/1722
f 1722/1722 1770/1770 1771/1771
f 1722/1722 1771/1771 1723/1723
f 1723/1723 1771/1771 1772/1772
f 1723/1723 1772/1772 1724/1724
f 1724/1724 1772/1772 1773/1773
f 1724/1724 1773/1773 1725/1725
f 1725/1725 1773/1773 1774/1774
f 1725/1725 1774/1774 1726/1726
f 1726/1726 1774/1774 1775/1775
f 1726/1726 1775/1775 1727/1727
f 1727/1727 1775/1775 1776/1776
f 1727/1727 1776/1776 1728/1728
f 1728/1728 1776/1776 1777/1777
f 1728/1728 1777/1777 1729/1729
f 1729/1729 1777/1777 1778/1778
f 1729/1729 1778/1778 1730/1730
f 1730/1730 1778/1778 1779/1779
f 1730/1730 1779/1779 1731/1731
f 1731/1731 1779/1779 1780/1780
f 1731/1731 1780/1780 1732/1732
f 1732/1732 1780/1780 1781/1781
f 1732/1732 1781/1781 1733/1733
f 1733/1733 1781/1781 1782/1782
f 1733/1733 1782/1782 1734/1734
f 1734/1734 1782/1782 1783/1783
f 1734/1734 1783/1783 1735/1735
f 1735/1735 1783/1783 1784/1784
f 1735/1735 1784/1784 1736/1736
f 1736/1736 1784/1784 1785/1785
f 1736/1736 1785/1785 1737/1737
f 1737/1737 1785/1785 1786/1786
f 1737/1737 1786/1786 1738/1738
f 1738/1738 1786/1786 1787/1787
f 1738/1738 1787/1787 1739/1739
f 1739/1739 1787/1787 1788/1788
f 1739/1739 1788/1788 1740/1740
f 1740/1740 1788/1788 1789/1789
f 1740/1740 1789/1789 1741/1741
f 1741/1741 1789/1789 1790/1790
f 1741/1741 1790/1790 1742/1742
f 1742/1742 1790/1790 1791/1791
f 1742/1742 1791/1791 1743/1743
f 1743/1743 1791/1791 1792/1792
f 1743/1743 1792/1792 1744/1744
f 1744/1744 1792/1792 1793/1793
f 1744/1744 1793/1793 1745/1745
f 1745/1745 1793/1793 1794/1794
f 1745/1745 1794/1794 1746/1746
f 1746/1746 1794/1794 1795/1795
f 1746/1746 1795/1795 1747/1747
f 1747/1747 1795/1795 1796/1796
f 1747/1747 1796/1796 1748/1748
f 1748/1748 1796/1796 1797/1797
f 1748/1748 1797/1797 1749/1749
f 1749/1749 1797/1797 1798/1798
f 1749/1749 1798/1798 1750/1750
f 1750/1750 1798/1798 1799/1799
f 1750/1750 1799/1799 1751/1751
f 1751/1751 1799/1799 1800/1800
f 1751/1751 1800/1800 1752/1752
f 1752/1752 1800/1800 1801/1801
f 1753/1753 1802/1802 1754/1754
f 1754/1754 1802/1802 1803/1803
f 1754/1754 1803/1803 1755/1755
f 1755/1755 1803/1803 1804/1804
f 1755/1755 1804/1804 1756/1756
f 1756/1756 1804/1804 1805/1805
f 1756/1756 1805/1805 1757/1757
f 1757/1757 1805/1805 1806/1806
f 1757/1757 1806/1806 1758/1758
f 1758/1758 1806/1806 1807/1807
f 1758/1758 1807/1807 1759/1759
f 1759/1759 1807/1807 1808/1808
f 1759/1759 1808/1808 1760/1760
f 1760/1760 1808/1808 1809/1809
f 1760/1760 1809/1809 1761/1761
f 1761/1761 1809/1809 1810/1810
f 1761/1761 1810/1810 1762/1762
f 1762/1762 1810/1810 1811/1811
f 1762/1762 1811/1811 1763/1763
f 1763/1763 1811/1811 1812/1812
f 1763/1763 1812/1812 1764/1764
f 1764/1764 1812/1812 1813/1813
f 1764/1764 1813/1813 1765/1765
f 1765/1765 1813/1813 1814/1814
f 1765/1765 1814/1814 1766/1766
f 1766/1766 1814/1814 1815/1815
f 1766/1766 1815/1815 1767/1767
f 1767/1767 1815/1815 1816/1816
f 1767/1767 1816/1816 1768/1768
f 1768/1768 1816/1816 1817/1817
f 1768/1768 1817/1817 1769/1769
f 1769/1769 1817/1817 1818/1818
f 1769/1769 1818/1818 1770/1770
f 1770/1770 1818/1818 1819/1819
f 1770/1770 1819/1819 1771/1771
f 1771/1771 1819/1819 1820/1820
f 1771/1771 1820/1820 1772/1772
f 1772/1772 1820/1820 1821/1821
f 1772/1772 1821/1821 1773/1773
f 1773/1773 1821/1821 1822/1822
f 1773/1773 1822/1822 1774/1774
f 1774/1774 1822/1822 1823/1823
f 1774/1774 1823/1823 1775/1775
f 1775/1775 1823/1823 1824/1824
f 1775/1775 1824/1824 1776/1776
f 1776/1776 1824/1824 1825/1825
f 1776/1776 1825/1825 1777/1777
f 1777/1777 1825/1825 1826/1826
f 1777/1777 1826/1826 1778/1778
f 1778/1778 1826/1826 1827/1827
f 1778/1778 1827/1827 1779/1779
f 1779/1779 1827/1827 1828/1828
f 1779/1779 1828/1828 1780/1780
f 1780/1780 1828/1828 1829/1829
f 1780/1780 1829/1829 1781/1781
f 1781/1781 1829/1829 1830/1830
f 1781/1781 1830/1830 1782/1782
f 1782/1782 1830/1830 1831/1831
f 1782/1782 1831/1831 1783/1783
f 1783/1783 1831/1831 1832/1832
f 1783/1783 1832/1832 1784/1784
f 1784/1784 1832/1832 1833/1833
f 1784/1784 1833/1833 1785/1785
f 1785/1785 1833/1833 1834/1834
f 1785/1785 1834/1834 1786/1786
f 1786/1786 1834/1834 1835/1835
f 1786/1786 1835/1835 1787/1787
f 1787/1787 1835/1835 1836/1836
f 1787/1787 1836/1836 1788/1788
f 1788/1788 1836/1836 1837/1837
f 1788/1788 1837/1837 1789/1789
f 1789/1789 1837/1837 1838/1838
f 1789/1789 1838/1838 1790/1790
f 1790/1790 1838/1838 1839/1839
f 1790/1790 1839/1839 1791/1791
f 1791/1791 1839/1839 1840/1840
f 1791/1791 1840/1840 1792/1792
f 1792/1792 1840/1840 1841/1841
f 1792/1792 1841/1841 1793/1793
f 1793/1793 1841/1841 1842/1842
f 1793/1793 1842/1842 1794/1794
f 1794/1794 1842/1842 1843/1843
f 1794/1794 1843/1843 1795/1795
f 1795/1795 1843/1843 1844/1844
f 1795/1795 1844/1844 1796/1796
f 1796/1796 1844/1844 1845/1845
f 1796/1796 1845/1845 1797/1797
f 1797/1797 1845/1845 1846/1846
f 1797/1797 1846/1846 1798/1798
f 1798/1798 1846/1846 1847/1847
f 1798/1798 1847/1847 1799/1799
f 1799/1799 1847/1847 1848/1848
f 1799/1799 1848/1848 1800/1800
f 1800/1800 1848/1848 1849/1849
f 1800/1800 1849/1849 1801/1801
f 1801/1801 1849/1849 1850/1850
o BallSmall
usemtl Stripe
v 0.000000 1.000000 0.000000
v 0.000000 1.000000 0.000000
v 0.000000 1.000000 0.000000
v 0.000000 1.000000 0.000000
v 0.000000 1.000000 0.000000
v 0.000000 1.000000 0.000000
v 0.000000 1.000000 0.000000
v 0.000000 1.000000 0.000000
v 0.000000 1.000000 0.000000
v 0.000000 1.000000 0.000000
v 0.000000 1.000000 0.000000
v 0.000000 1.000000 0.000000
v 0.000000 1.000000 0.000000
v 0.000000 1.000000 0.000000
v 0.000000 1.000000 0.000000
v 0.000000 1.000000 0.000000
v 0.000000 1.000000 0.000000
v 0.000000 1.000000 0.000000
v 0.000000 1.000000 0.000000
v 0.000000 1.000000 0.000000
v 0.000000 1.000000 0.000000
v 0.000000 1.000000 0.000000
v 0.000000 1.000000 0.000000
v 0.000000 1.000000 0.000000
v 0.000000 1.000000 0.000000
v 0.000000 1.000000 0.000000
v 0.000000 1.000000 0.000000
v 0.000000 1.000000 0.000000
v 0.000000 1.000000 0.000000
v 0.000000 1.000000 0.000000
v 0.000000 1.000000 0.000000
v 0.000000 1.000000 0.000000
v 0.000000 1.000000 0.000000
v 0.000000 1.000000 0.000000
v 0.000000 1.000000 0.000000
v 0.000000 1.000000 0.000000
v 0.000000 1.000000 0.000000
v 0.000000 1.000000 0.000000
v 0.000000 1.000000 0.000000
v 0.000000 1.000000 0.000000
v 0.000000 1.000000 0.000000
v 0.000000 1.000000 0.000000
v 0.000000 1.000000 0.000000
v 0.000000 1.000000 0.000000
v 0.000000 1.000000 0.000000
v 0.000000 1.000000 0.000000
v 0.000000 1.000000 0.000000
v 0.000000 1.000000 0.000000
v 0.000000 1.000000 0.000000
v 0.065263 0.995722 0.000000
v 0.064705 0.995722 0.008519
v 0.063039 0.995722 0.016891
v 0.060295 0.995722 0.024975
v 0.056519 0.995722 0.032632
v 0.051777 0.995722 0.039730
v 0.046148 0.995722 0.046148
v 0.039730 0.995722 0.051777
v 0.032632 0.995722 0.056519
v 0.024975 0.995722 0.060295
v 0.016891 0.995722 0.063039
v 0.008519 0.995722 0.064705
v 0.000000 0.995722 0.065263
v -0.008519 0.995722 0.064705
v -0.016891 0.995722 0.063039
v -0.024975 0.995722 0.060295
v -0.032632 0.995722 0.056519
v -0.039730 0.995722 0.051777
v -0.046148 0.995722 0.046148
v -0.051777 0.995722 0.039730
v -0.056519 0.995722 0.032632
v -0.060295 0.995722 0.024975
v -0.063039 0.995722 0.016891
v -0.064705 0.995722 0.008519
v -0.065263 0.995722 0.000000
v -0.064705 0.995722 -0.008519
v -0.063039 0.995722 -0.016891
v -0.060295 0.995722 -0.024975
v -0.056519 0.995722 -0.032632
v -0.051777 0.995722 -0.039730
v -0.046148 0.995722 -0.046148
v -0.039730 0.995722 -0.051777
v -0.032632 0.995722 -0.056519
v -0.024975 0.995722 -0.060295
v -0.016891 0.995722 -0.063039
v -0.008519 0.995722 -0.064705
v -0.000000 0.995722 -0.065263
v 0.008519 0.995722 -0.064705
v 0.016891 0.995722 -0.063039
v 0.024975 0.995722 -0.060295
v 0.032632 0.995722 -0.056519
v 0.039730 0.995722 -0.051777
v 0.046148 0.995722 -0.046148
v 0.051777 0.995722 -0.039730
v 0.056519 0.995722 -0.032632
v 0.060295 0.995722 -0.024975
v 0.063039 0.995722 -0.016891
v 0.064705 0.995722 -0.008519
v 0.065263 0.995722 -0.000000
v 0.129410 0.982963 0.000000
v 0.128302 0.982963 0.016891
v 0.125000 0.982963 0.033494
v 0.119559 0.982963 0.049523
v 0.112072 0.982963 0.064705
v 0.102667 0.982963 0.078780
v 0.091506 0.982963 0.091506
v 0.078780 0.982963 0.102667
v 0.064705 0.982963 0.112072
v 0.049523 0.982963 0.119559
v 0.033494 0.982963 0.125000
v 0.016891 0.982963 0.128302
v 0.000000 0.982963 0.129410
v -0.016891 0.982963 0.128302
v -0.033494 0.982963 0.125000
v -0.049523 0.982963 0.119559
v -0.064705 0.982963 0.112072
v -0.078780 0.982963 0.102667
v -0.091506 0.982963 0.091506
v -0.102667 0.982963 0.078780
v -0.112072 0.982963 0.064705
v -0.119559 0.982963 0.049523
v -0.125000 0.982963 0.033494
v -0.128302 0.982963 0.016891
v -0.129410 0.982963 0.000000
v -0.128302 0.982963 -0.016891
v -0.125000 0.982963 -0.033494
v -0.119559 0.982963 -0.049523
v -0.112072 0.982963 -0.064705
v -0.102667 0.982963 -0.078780
v -0.091506 0.982963 -0.091506
v -0.078780 0.982963 -0.102667
v -0.064705 0.982963 -0.112072
v -0.049523 0.982963 -0.119559
v -0.033494 0.982963 -0.125000
v -0.016891 0.982963 -0.128302
v -0.000000 0.982963 -0.129410
v 0.016891 0.982963 -0.128302
v 0.033494 0.982963 -0.125000
v 0.049523 0.982963 -0.119559
v 0.064705 0.982963 -0.112072
v 0.078780 0.982963 -0.102667
v 0.091506 0.982963 -0.091506
v 0.102667 0.982963 -0.078780
v 0.112072 0.982963 -0.064705
v 0.119559 0.982963 -0.049523
v 0.125000 0.982963 -0.033494
v 0.128302 0.982963 -0.016891
v 0.129410 0.982963 -0.000000
v 0.191342 0.961940 0.000000
v 0.189705 0.961940 0.024975
v 0.184822 0.961940 0.049523
v 0.176777 0.961940 0.073223
v 0.165707 0.961940 0.095671
v 0.151802 0.961940 0.116481
v 0.135299 0.961940 0.135299
v 0.116481 0.961940 0.151802
v 0.095671 0.961940 0.165707
v 0.073223 0.961940 0.176777
v 0.049523 0.961940 0.184822
v 0.024975 0.961940 0.189705
v 0.000000 0.961940 0.191342
v -0.024975 0.961940 0.189705
v -0.049523 0.961940 0.184822
v -0.073223 0.961940 0.176777
v -0.095671 0.961940 0.165707
v -0.116481 0.961940 0.151802
v -0.135299 0.961940 0.135299
v -0.151802 0.961940 0.116481
v -0.165707 0.961940 0.095671
v -0.176777 0.961940 0.073223
v -0.184822 0.961940 0.049523
v -0.189705 0.961940 0.024975
v -0.191342 0.961940 0.000000
v -0.189705 0.961940 -0.024975
v -0.184822 0.961940 -0.049523
v -0.176777 0.961940 -0.073223
v -0.165707 0.961940 -0.095671
v -0.151802 0.961940 -0.116481
v -0.135299 0.961940 -0.135299
v -0.116481 0.961940 -0.151802
v -0.095671 0.961940 -0.165707
v -0.073223 0.961940 -0.176777
v -0.049523 0.961940 -0.184822
v -0.024975 0.961940 -0.189705
v -0.000000 0.961940 -0.191342
v 0.024975 0.961940 -0.189705
v 0.049523 0.961940 -0.184822
v 0.073223 0.961940 -0.176777
v 0.095671 0.961940 -0.165707
v 0.116481 0.961940 -0.151802
v 0.135299 0.961940 -0.135299
v 0.151802 0.961940 -0.116481
v 0.165707 0.961940 -0.095671
v 0.176777 0.961940 -0.073223
v 0.184822 0.961940 -0.049523
v 0.189705 0.961940 -0.024975
v 0.191342 0.961940 -0.000000
v 0.250000 0.933013 0.000000
v 0.247861 0.933013 0.032632
v 0.241481 0.933013 0.064705
v 0.230970 0.933013 0.095671
v 0.216506 0.933013 0.125000
v 0.198338 0.933013 0.152190
v 0.176777 0.933013 0.176777
v 0.152190 0.933013 0.198338
v 0.125000 0.933013 0.216506
v 0.095671 0.933013 0.230970
v 0.064705 0.933013 0.241481
v 0.032632 0.933013 0.247861
v 0.000000 0.933013 0.250000
v -0.032632 0.933013 0.247861
v -0.064705 0.933013 0.241481
v -0.095671 0.933013 0.230970
v -0.125000 0.933013 0.216506
v -0.152190 0.933013 0.198338
v -0.176777 0.933013 0.176777
v -0.198338 0.933013 0.152190
v -0.216506 0.933013 0.125000
v -0.230970 0.933013 0.095671
v -0.241481 0.933013 0.064705
v -0.247861 0.933013 0.032632
v -0.250000 0.933013 0.000000
v -0.247861 0.933013 -0.032632
v -0.241481 0.933013 -0.064705
v -0.230970 0.933013 -0.095671
v -0.216506 0.933013 -0.125000
v -0.198338 0.933013 -0.152190
v -0.176777 0.933013 -0.176777
v -0.152190 0.933013 -0.198338
v -0.125000 0.933013 -0.216506
v -0.095671 0.933013 -0.230970
v -0.064705 0.933013 -0.241481
v -0.032632 0.933013 -0.247861
v -0.000000 0.933013 -0.250000
v 0.032632 0.933013 -0.247861
v 0.064705 0.933013 -0.241481
v 0.095671 0.933013 -0.230970
v 0.125000 0.933013 -0.216506
v 0.152190 0.933013 -0.198338
v 0.176777 0.933013 -0.176777
v 0.198338 0.933013 -0.152190
v 0.216506 0.933013 -0.125000
v 0.230970 0.933013 -0.095671
v 0.241481 0.933013 -0.064705
v 0.247861 0.933013 -0.032632
v 0.250000 0.933013 -0.000000
v 0.304381 0.896677 0.000000
v 0.301777 0.896677 0.039730
v 0.294009 0.896677 0.078780
v 0.281211 0.896677 0.116481
v 0.263601 0.896677 0.152190
v 0.241481 0.896677 0.185295
v 0.215230 0.896677 0.215230
v 0.185295 0.896677 0.241481
v 0.152190 0.896677 0.263601
v 0.116481 0.896677 0.281211
v 0.078780 0.896677 0.294009
v 0.039730 0.896677 0.301777
v 0.000000 0.896677 0.304381
v -0.039730 0.896677 0.301777
v -0.078780 0.896677 0.294009
v -0.116481 0.896677 0.281211
v -0.152190 0.896677 0.263601
v -0.185295 0.896677 0.241481
v -0.215230 0.896677 0.215230
v -0.241481 0.896677 0.185295
v -0.263601 0.896677 0.152190
v -0.281211 0.896677 0.116481
v -0.294009 0.896677 0.078780
v -0.301777 0.896677 0.039730
v -0.304381 0.896677 0.000000
v -0.301777 0.896677 -0.039730
v -0.294009 0.896677 -0.078780
v -0.281211 0.896677 -0.116481
v -0.263601 0.896677 -0.152190
v -0.241481 0.896677 -0.185295
v -0.215230 0.896677 -0.215230
v -0.185295 0.896677 -0.241481
v -0.152190 0.896677 -0.263601
v -0.116481 0.896677 -0.281211
v -0.078780 0.896677 -0.294009
v -0.039730 0.896677 -0.301777
v -0.000000 0.896677 -0.304381
v 0.039730 0.896677 -0.301777
v 0.078780 0.896677 -0.294009
v 0.116481 0.896677 -0.281211
v 0.152190 0.896677 -0.263601
v 0.185295 0.896677 -0.241481
v 0.215230 0.896677 -0.215230
v 0.241481 0.896677 -0.185295
v 0.263601 0.896677 -0.152190
v 0.281211 0.896677 -0.116481
v 0.294009 0.896677 -0.078780
v 0.301777 0.896677 -0.039730
v 0.304381 0.896677 -0.000000
v 0.353553 0.853553 0.000000
v 0.350529 0.853553 0.046148
v 0.341506 0.853553 0.091506
v 0.326641 0.853553 0.135299
v 0.306186 0.853553 0.176777
v 0.280493 0.853553 0.215230
v 0.250000 0.853553 0.250000
v 0.215230 0.853553 0.280493
v 0.176777 0.853553 0.306186
v 0.135299 0.853553 0.326641
v 0.091506 0.853553 0.341506
v 0.046148 0.853553 0.350529
v 0.000000 0.853553 0.353553
v -0.046148 0.853553 0.350529
v -0.091506 0.853553 0.341506
v -0.135299 0.853553 0.326641
v -0.176777 0.853553 0.306186
v -0.215230 0.853553 0.280493
v -0.250000 0.853553 0.250000
v -0.280493 0.853553 0.215230
v -0.306186 0.853553 0.176777
v -0.326641 0.853553 0.135299
v -0.341506 0.853553 0.091506
v -0.350529 0.853553 0.046148
v -0.353553 0.853553 0.000000
v -0.350529 0.853553 -0.046148
v -0.341506 0.853553 -0.091506
v -0.326641 0.853553 -0.135299
v -0.306186 0.853553 -0.176777
v -0.280493 0.853553 -0.215230
v -0.250000 0.853553 -0.250000
v -0.215230 0.853553 -0.280493
v -0.176777 0.853553 -0.306186
v -0.135299 0.853553 -0.326641
v -0.091506 0.853553 -0.341506
v -0.046148 0.853553 -0.350529
v -0.000000 0.853553 -0.353553
v 0.046148 0.853553 -0.350529
v 0.091506 0.853553 -0.341506
v 0.135299 0.853553 -0.326641
v 0.176777 0.853553 -0.306186
v 0.215230 0.853553 -0.280493
v 0.250000 0.853553 -0.250000
v 0.280493 0.853553 -0.215230
v 0.306186 0.853553 -0.176777
v 0.326641 0.853553 -0.135299
v 0.341506 0.853553 -0.091506
v 0.350529 0.853553 -0.046148
v 0.353553 0.853553 -0.000000
v 0.396677 0.804381 0.000000
v 0.393283 0.804381 0.051777
v 0.383160 0.804381 0.102667
v 0.366481 0.804381 0.151802
v 0.343532 0.804381 0.198338
v 0.314705 0.804381 0.241481
v 0.280493 0.804381 0.280493
v 0.241481 0.804381 0.314705
v 0.198338 0.804381 0.343532
v 0.151802 0.804381 0.366481
v 0.102667 0.804381 0.383160
v 0.051777 0.804381 0.393283
v 0.000000 0.804381 0.396677
v -0.051777 0.804381 0.393283
v -0.102667 0.804381 0.383160
v -0.151802 0.804381 0.366481
v -0.198338 0.804381 0.343532
v -0.241481 0.804381 0.314705
v -0.280493 0.804381 0.280493
v -0.314705 0.804381 0.241481
v -0.343532 0.804381 0.198338
v -0.366481 0.804381 0.151802
v -0.383160 0.804381 0.102667
v -0.393283 0.804381 0.051777
v -0.396677 0.804381 0.000000
v -0.393283 0.804381 -0.051777
v -0.383160 0.804381 -0.102667
v -0.366481 0.804381 -0.151802
v -0.343532 0.804381 -0.198338
v -0.314705 0.804381 -0.241481
v -0.280493 0.804381 -0.280493
v -0.241481 0.804381 -0.314705
v -0.198338 0.804381 -0.343532
v -0.151802 0.804381 -0.366481
v -0.102667 0.804381 -0.383160
v -0.051777 0.804381 -0.393283
v -0.000000 0.804381 -0.396677
v 0.051777 0.804381 -0.393283
v 0.102667 0.804381 -0.383160
v 0.151802 0.804381 -0.366481
v 0.198338 0.804381 -0.343532
v 0.241481 0.804381 -0.314705
v 0.280493 0.804381 -0.280493
v 0.314705 0.804381 -0.241481
v 0.343532 0.804381 -0.198338
v 0.366481 0.804381 -0.151802
v 0.383160 0.804381 -0.102667
v 0.393283 0.804381 -0.051777
v 0.396677 0.804381 -0.000000
v 0.433013 0.750000 0.000000
v 0.429308 0.750000 0.056519
v 0.418258 0.750000 0.112072
v 0.400052 0.750000 0.165707
v 0.375000 0.750000 0.216506
v 0.343532 0.750000 0.263601
v 0.306186 0.750000 0.306186
v 0.263601 0.750000 0.343532
v 0.216506 0.750000 0.375000
v 0.165707 0.750000 0.400052
v 0.112072 0.750000 0.418258
v 0.056519 0.750000 0.429308
v 0.000000 0.750000 0.433013
v -0.056519 0.750000 0.429308
v -0.112072 0.750000 0.418258
v -0.165707 0.750000 0.400052
v -0.216506 0.750000 0.375000
v -0.263601 0.750000 0.343532
v -0.306186 0.750000 0.306186
v -0.343532 0.750000 0.263601
v -0.375000 0.750000 0.216506
v -0.400052 0.750000 0.165707
v -0.418258 0.750000 0.112072
v -0.429308 0.750000 0.056519
v -0.433013 0.750000 0.000000
v -0.429308 0.750000 -0.056519
v -0.418258 0.750000 -0.112072
v -0.400052 0.750000 -0.165707
v -0.375000 0.750000 -0.216506
v -0.343532 0.750000 -0.263601
v -0.306186 0.750000 -0.306186
v -0.263601 0.750000 -0.343532
v -0.216506 0.750000 -0.375000
v -0.165707 0.750000 -0.400052
v -0.112072 0.750000 -0.418258
v -0.056519 0.750000 -0.429308
v -0.000000 0.750000 -0.433013
v 0.056519 0.750000 -0.429308
v 0.112072 0.750000 -0.418258
v 0.165707 0.750000 -0.400052
v 0.216506 0.750000 -0.375000
v 0.263601 0.750000 -0.343532
v 0.306186 0.750000 -0.306186
v 0.343532 0.750000 -0.263601
v 0.375000 0.750000 -0.216506
v 0.400052 0.750000 -0.165707
v 0.418258 0.750000 -0.112072
v 0.429308 0.750000 -0.056519
v 0.433013 0.750000 -0.000000
v 0.461940 0.691342 0.000000
v 0.457988 0.691342 0.060295
v 0.446200 0.691342 0.119559
v 0.426777 0.691342 0.176777
v 0.400052 0.691342 0.230970
v 0.366481 0.691342 0.281211
v 0.326641 0.691342 0.326641
v 0.281211 0.691342 0.366481
v 0.230970 0.691342 0.400052
v 0.176777 0.691342 0.426777
v 0.119559 0.691342 0.446200
v 0.060295 0.691342 0.457988
v 0.000000 0.691342 0.461940
v -0.060295 0.691342 0.457988
v -0.119559 0.691342 0.446200
v -0.176777 0.691342 0.426777
v -0.230970 0.691342 0.400052
v -0.281211 0.691342 0.366481
v -0.326641 0.691342 0.326641
v -0.366481 0.691342 0.281211
v -0.400052 0.691342 0.230970
v -0.426777 0.691342 0.176777
v -0.446200 0.691342 0.119559
v -0.457988 0.691342 0.060295
v -0.461940 0.691342 0.000000
v -0.457988 0.691342 -0.060295
v -0.446200 0.691342 -0.119559
v -0.426777 0.691342 -0.176777
v -0.400052 0.691342 -0.230970
v -0.366481 0.691342 -0.281211
v -0.326641 0.691342 -0.326641
v -0.281211 0.691342 -0.366481
v -0.230970 0.691342 -0.400052
v -0.176777 0.691342 -0.426777
v -0.119559 0.691342 -0.446200
v -0.060295 0.691342 -0.457988
v -0.000000 0.691342 -0.461940
v 0.060295 0.691342 -0.457988
v 0.119559 0.691342 -0.446200
v 0.176777 0.691342 -0.426777
v 0.230970 0.691342 -0.400052
v 0.281211 0.691342 -0.366481
v 0.326641 0.691342 -0.326641
v 0.366481 0.691342 -0.281211
v 0.400052 0.691342 -0.230970
v 0.426777 0.691342 -0.176777
v 0.446200 0.691342 -0.119559
v 0.457988 0.691342 -0.060295
v 0.461940 0.691342 -0.000000
v 0.482963 0.629410 0.000000
v 0.478831 0.629410 0.063039
v 0.466506 0.629410 0.125000
v 0.446200 0.629410 0.184822
v 0.418258 0.629410 0.241481
v 0.383160 0.629410 0.294009
v 0.341506 0.629410 0.341506
v 0.294009 0.629410 0.383160
v 0.241481 0.629410 0.418258
v 0.184822 0.629410 0.446200
v 0.125000 0.629410 0.466506
v 0.063039 0.629410 0.478831
v 0.000000 0.629410 0.482963
v -0.063039 0.629410 0.478831
v -0.125000 0.629410 0.466506
v -0.184822 0.629410 0.446200
v -0.241481 0.629410 0.418258
v -0.294009 0.629410 0.383160
v -0.341506 0.629410 0.341506
v -0.383160 0.629410 0.294009
v -0.418258 0.629410 0.241481
v -0.446200 0.629410 0.184822
v -0.466506 0.629410 0.125000
v -0.478831 0.629410 0.063039
v -0.482963 0.629410 0.000000
v -0.478831 0.629410 -0.063039
v -0.466506 0.629410 -0.125000
v -0.446200 0.629410 -0.184822
v -0.418258 0.629410 -0.241481
v -0.383160 0.629410 -0.294009
v -0.341506 0.629410 -0.341506
v -0.294009 0.629410 -0.383160
v -0.241481 0.629410 -0.418258
v -0.184822 0.629410 -0.446200
v -0.125000 0.629410 -0.466506
v -0.063039 0.629410 -0.478831
v -0.000000 0.629410 -0.482963
v 0.063039 0.629410 -0.478831
v 0.125000 0.629410 -0.466506
v 0.184822 0.629410 -0.446200
v 0.241481 0.629410 -0.418258
v 0.294009 0.629410 -0.383160
v 0.341506 0.629410 -0.341506
v 0.383160 0.629410 -0.294009
v 0.418258 0.629410 -0.241481
v 0.446200 0.629410 -0.184822
v 0.466506 0.629410 -0.125000
v 0.478831 0.629410 -0.063039
v 0.482963 0.629410 -0.000000
v 0.495722 0.565263 0.000000
v 0.491481 0.565263 0.064705
v 0.478831 0.565263 0.128302
v 0.457988 0.565263 0.189705
v 0.429308 0.565263 0.247861
v 0.393283 0.565263 0.301777
v 0.350529 0.565263 0.350529
v 0.301777 0.565263 0.393283
v 0.247861 0.565263 0.429308
v 0.189705 0.565263 0.457988
v 0.128302 0.565263 0.478831
v 0.064705 0.565263 0.491481
v 0.000000 0.565263 0.495722
v -0.064705 0.565263 0.491481
v -0.128302 0.565263 0.478831
v -0.189705 0.565263 0.457988
v -0.247861 0.565263 0.429308
v -0.301777 0.565263 0.393283
v -0.350529 0.565263 0.350529
v -0.393283 0.565263 0.301777
v -0.429308 0.565263 0.247861
v -0.457988 0.565263 0.189705
v -0.478831 0.565263 0.128302
v -0.491481 0.565263 0.064705
v -0.495722 0.565263 0.000000
v -0.491481 0.565263 -0.064705
v -0.478831 0.565263 -0.128302
v -0.457988 0.565263 -0.189705
v -0.429308 0.565263 -0.247861
v -0.393283 0.565263 -0.301777
v -0.350529 0.565263 -0.350529
v -0.301777 0.565263 -0.393283
v -0.247861 0.565263 -0.429308
v -0.189705 0.565263 -0.457988
v -0.128302 0.565263 -0.478831
v -0.064705 0.565263 -0.491481
v -0.000000 0.565263 -0.495722
v 0.064705 0.565263 -0.491481
v 0.128302 0.565263 -0.478831
v 0.189705 0.565263 -0.457988
v 0.247861 0.565263 -0.429308
v 0.301777 0.565263 -0.393283
v 0.350529 0.565263 -0.350529
v 0.393283 0.565263 -0.301777
v 0.429308 0.565263 -0.247861
v 0.457988 0.565263 -0.189705
v 0.478831 0.565263 -0.128302
v 0.491481 0.565263 -0.064705
v 0.495722 0.565263 -0.000000
v 0.500000 0.500000 0.000000
v 0.495722 0.500000 0.065263
v 0.482963 0.500000 0.129410
v 0.461940 0.500000 0.191342
v 0.433013 0.500000 0.250000
v 0.396677 0.500000 0.304381
v 0.353553 0.500000 0.353553
v 0.304381 0.500000 0.396677
v 0.250000 0.500000 0.433013
v 0.191342 0.500000 0.461940
v 0.129410 0.500000 0.482963
v 0.065263 0.500000 0.495722
v 0.000000 0.500000 0.500000
v -0.065263 0.500000 0.495722
v -0.129410 0.500000 0.482963
v -0.191342 0.500000 0.461940
v -0.250000 0.500000 0.433013
v -0.304381 0.500000 0.396677
v -0.353553 0.500000 0.353553
v -0.396677 0.500000 0.304381
v -0.433013 0.500000 0.250000
v -0.461940 0.500000 0.191342
v -0.482963 0.500000 0.129410
v -0.495722 0.500000 0.065263
v -0.500000 0.500000 0.000000
v -0.495722 0.500000 -0.065263
v -0.482963 0.500000 -0.129410
v -0.461940 0.500000 -0.191342
v -0.433013 0.500000 -0.250000
v -0.396677 0.500000 -0.304381
v -0.353553 0.500000 -0.353553
v -0.304381 0.500000 -0.396677
v -0.250000 0.500000 -0.433013
v -0.191342 0.500000 -0.461940
v -0.129410 0.500000 -0.482963
v -0.065263 0.500000 -0.495722
v -0.000000 0.500000 -0.500000
v 0.065263 0.500000 -0.495722
v 0.129410 0.500000 -0.482963
v 0.191342 0.500000 -0.461940
v 0.250000 0.500000 -0.433013
v 0.304381 0.500000 -0.396677
v 0.353553 0.500000 -0.353553
v 0.396677 0.500000 -0.304381
v 0.433013 0.500000 -0.250000
v 0.461940 0.500000 -0.191342
v 0.482963 0.500000 -0.129410
v 0.495722 0.500000 -0.065263
v 0.500000 0.500000 -0.000000
v 0.495722 0.434737 0.000000
v 0.491481 0.434737 0.064705
v 0.478831 0.434737 0.128302
v 0.457988 0.434737 0.189705
v 0.429308 0.434737 0.247861
v 0.393283 0.434737 0.301777
v 0.350529 0.434737 0.350529
v 0.301777 0.434737 0.393283
v 0.247861 0.434737 0.429308
v 0.189705 0.434737 0.457988
v 0.128302 0.434737 0.478831
v 0.064705 0.434737 0.491481
v 0.000000 0.434737 0.495722
v -0.064705 0.434737 0.491481
v -0.128302 0.434737 0.478831
v -0.189705 0.434737 0.457988
v -0.247861 0.434737 0.429308
v -0.301777 0.434737 0.393283
v -0.350529 0.434737 0.350529
v -0.393283 0.434737 0.301777
v -0.429308 0.434737 0.247861
v -0.457988 0.434737 0.189705
v -0.478831 0.434737 0.128302
v -0.491481 0.434737 0.064705
v -0.495722 0.434737 0.000000
v -0.491481 0.434737 -0.064705
v -0.478831 0.434737 -0.128302
v -0.457988 0.434737 -0.189705
v -0.429308 0.434737 -0.247861
v -0.393283 0.434737 -0.301777
v -0.350529 0.434737 -0.350529
v -0.301777 0.434737 -0.393283
v -0.247861 0.434737 -0.429308
v -0.189705 0.434737 -0.457988
v -0.128302 0.434737 -0.478831
v -0.064705 0.434737 -0.491481
v -0.000000 0.434737 -0.495722
v 0.064705 0.434737 -0.491481
v 0.128302 0.434737 -0.478831
v 0.189705 0.434737 -0.457988
v 0.247861 0.434737 -0.429308
v 0.301777 0.434737 -0.393283
v 0.350529 0.434737 -0.350529
v 0.393283 0.434737 -0.301777
v 0.429308 0.434737 -0.247861
v 0.457988 0.434737 -0.189705
v 0.478831 0.434737 -0.128302
v 0.491481 0.434737 -0.064705
v 0.495722 0.434737 -0.000000
v 0.482963 0.370590 0.000000
v 0.478831 0.370590 0.063039
v 0.466506 0.370590 0.125000
v 0.446200 0.370590 0.184822
v 0.418258 0.370590 0.241481
v 0.383160 0.370590 0.294009
v 0.341506 0.370590 0.341506
v 0.294009 0.370590 0.383160
v 0.241481 0.370590 0.418258
v 0.184822 0.370590 0.446200
v 0.125000 0.370590 0.466506
v 0.063039 0.370590 0.478831
v 0.000000 0.370590 0.482963
v -0.063039 0.370590 0.478831
v -0.125000 0.370590 0.466506
v -0.184822 0.370590 0.446200
v -0.241481 0.370590 0.418258
v -0.294009 0.370590 0.383160
v -0.341506 0.370590 0.341506
v -0.383160 0.370590 0.294009
v -0.418258 0.370590 0.241481
v -0.446200 0.370590 0.184822
v -0.466506 0.370590 0.125000
v -0.478831 0.370590 0.063039
v -0.482963 0.370590 0.000000
v -0.478831 0.370590 -0.063039
v -0.466506 0.370590 -0.125000
v -0.446200 0.370590 -0.184822
v -0.418258 0.370590 -0.241481
v -0.383160 0.370590 -0.294009
v -0.341506 0.370590 -0.341506
v -0.294009 0.370590 -0.383160
v -0.241481 0.370590 -0.418258
v -0.184822 0.370590 -0.446200
v -0.125000 0.370590 -0.466506
v -0.063039 0.370590 -0.478831
v -0.000000 0.370590 -0.482963
v 0.063039 0.370590 -0.478831
v 0.125000 0.370590 -0.466506
v 0.184822 0.370590 -0.446200
v 0.241481 0.370590 -0.418258
v 0.294009 0.370590 -0.383160
v 0.341506 0.370590 -0.341506
v 0.383160 0.370590 -0.294009
v 0.418258 0.370590 -0.241481
v 0.446200 0.370590 -0.184822
v 0.466506 0.370590 -0.125000
v 0.478831 0.370590 -0.063039
v 0.482963 0.370590 -0.000000
v 0.461940 0.308658 0.000000
v 0.457988 0.308658 0.060295
v 0.446200 0.308658 0.119559
v 0.426777 0.308658 0.176777
v 0.400052 0.308658 0.230970
v 0.366481 0.308658 0.281211
v 0.326641 0.308658 0.326641
v 0.281211 0.308658 0.366481
v 0.230970 0.308658 0.400052
v 0.176777 0.308658 0.426777
v 0.119559 0.308658 0.446200
v 0.060295 0.308658 0.457988
v 0.000000 0.308658 0.461940
v -0.060295 0.308658 0.457988
v -0.119559 0.308658 0.446200
v -0.176777 0.308658 0.426777
v -0.230970 0.308658 0.400052
v -0.281211 0.308658 0.366481
v -0.326641 0.308658 0.326641
v -0.366481 0.308658 0.281211
v -0.400052 0.308658 0.230970
v -0.426777 0.308658 0.176777
v -0.446200 0.308658 0.119559
v -0.457988 0.308658 0.060295
v -0.461940 0.308658 0.000000
v -0.457988 0.308658 -0.060295
v -0.446200 0.308658 -0.119559
v -0.426777 0.308658 -0.176777
v -0.400052 0.308658 -0.230970
v -0.366481 0.308658 -0.281211
v -0.326641 0.308658 -0.326641
v -0.281211 0.308658 -0.366481
v -0.230970 0.308658 -0.400052
v -0.176777 0.308658 -0.426777
v -0.119559 0.308658 -0.446200
v -0.060295 0.308658 -0.457988
v -0.000000 0.308658 -0.461940
v 0.060295 0.308658 -0.457988
v 0.119559 0.308658 -0.446200
v 0.176777 0.308658 -0.426777
v 0.230970 0.308658 -0.400052
v 0.281211 0.308658 -0.366481
v 0.326641 0.308658 -0.326641
v 0.366481 0.308658 -0.281211
v 0.400052 0.308658 -0.230970
v 0.426777 0.308658 -0.176777
v 0.446200 0.308658 -0.119559
v 0.457988 0.308658 -0.060295
v 0.461940 0.308658 -0.000000
v 0.433013 0.250000 0.000000
v 0.429308 0.250000 0.056519
v 0.418258 0.250000 0.112072
v 0.400052 0.250000 0.165707
v 0.375000 0.250000 0.216506
v 0.343532 0.250000 0.263601
v 0.306186 0.250000 0.306186
v 0.263601 0.250000 0.343532
v 0.216506 0.250000 0.375000
v 0.165707 0.250000 0.400052
v 0.112072 0.250000 0.418258
v 0.056519 0.250000 0.429308
v 0.000000 0.250000 0.433013
v -0.056519 0.250000 0.429308
v -0.112072 0.250000 0.418258
v -0.165707 0.250000 0.400052
v -0.216506 0.250000 0.375000
v -0.263601 0.250000 0.343532
v -0.306186 0.250000 0.306186
v -0.343532 0.250000 0.263601
v -0.375000 0.250000 0.216506
v -0.400052 0.250000 0.165707
v -0.418258 0.250000 0.112072
v -0.429308 0.250000 0.056519
v -0.433013 0.250000 0.000000
v -0.429308 0.250000 -0.056519
v -0.418258 0.250000 -0.112072
v -0.400052 0.250000 -0.165707
v -0.375000 0.250000 -0.216506
v -0.343532 0.250000 -0.263601
v -0.306186 0.250000 -0.306186
v -0.263601 0.250000 -0.343532
v -0.216506 0.250000 -0.375000
v -0.165707 0.250000 -0.400052
v -0.112072 0.250000 -0.418258
v -0.056519 0.250000 -0.429308
v -0.000000 0.250000 -0.433013
v 0.056519 0.250000 -0.429308
v 0.112072 0.250000 -0.418258
v 0.165707 0.250000 -0.400052
v 0.216506 0.250000 -0.375000
v 0.263601 0.250000 -0.343532
v 0.306186 0.250000 -0.306186
v 0.343532 0.250000 -0.263601
v 0.375000 0.250000 -0.216506
v 0.400052 0.250000 -0.165707
v 0.418258 0.250000 -0.112072
v 0.429308 0.250000 -0.056519
v 0.433013 0.250000 -0.000000
v 0.396677 0.195619 0.000000
v 0.393283 0.195619 0.051777
v 0.383160 0.195619 0.102667
v 0.366481 0.195619 0.151802
v 0.343532 0.195619 0.198338
v 0.314705 0.195619 0.241481
v 0.280493 0.195619 0.280493
v 0.241481 0.195619 0.314705
v 0.198338 0.195619 0.343532
v 0.151802 0.195619 0.366481
v 0.102667 0.195619 0.383160
v 0.051777 0.195619 0.393283
v 0.000000 0.195619 0.396677
v -0.051777 0.195619 0.393283
v -0.102667 0.195619 0.383160
v -0.151802 0.195619 0.366481
v -0.198338 0.195619 0.343532
v -0.241481 0.195619 0.314705
v -0.280493 0.195619 0.280493
v -0.314705 0.195619 0.241481
v -0.343532 0.195619 0.198338
v -0.366481 0.195619 0.151802
v -0.383160 0.195619 0.102667
v -0.393283 0.195619 0.051777
v -0.396677 0.195619 0.000000
v -0.393283 0.195619 -0.051777
v -0.383160 0.195619 -0.102667
v -0.366481 0.195619 -0.151802
v -0.343532 0.195619 -0.198338
v -0.314705 0.195619 -0.241481
v -0.280493 0.195619 -0.280493
v -0.241481 0.195619 -0.314705
v -0.198338 0.195619 -0.343532
v -0.151802 0.195619 -0.366481
v -0.102667 0.195619 -0.383160
v -0.051777 0.195619 -0.393283
v -0.000000 0.195619 -0.396677
v 0.051777 0.195619 -0.393283
v 0.102667 0.195619 -0.383160
v 0.151802 0.195619 -0.366481
v 0.198338 0.195619 -0.343532
v 0.241481 0.195619 -0.314705
v 0.280493 0.195619 -0.280493
v 0.314705 0.195619 -0.241481
v 0.343532 0.195619 -0.198338
v 0.366481 0.195619 -0.151802
v 0.383160 0.195619 -0.102667
v 0.393283 0.195619 -0.051777
v 0.396677 0.195619 -0.000000
v 0.353553 0.146447 0.000000
v 0.350529 0.146447 0.046148
v 0.341506 0.146447 0.091506
v 0.326641 0.146447 0.135299
v 0.306186 0.146447 0.176777
v 0.280493 0.146447 0.215230
v 0.250000 0.146447 0.250000
v 0.215230 0.146447 0.280493
v 0.176777 0.146447 0.306186
v 0.135299 0.146447 0.326641
v 0.091506 0.146447 0.341506
v 0.046148 0.146447 0.350529
v 0.000000 0.146447 0.353553
v -0.046148 0.146447 0.350529
v -0.091506 0.146447 0.341506
v -0.135299 0.146447 0.326641
v -0.176777 0.146447 0.306186
v -0.215230 0.146447 0.280493
v -0.250000 0.146447 0.250000
v -0.280493 0.146447 0.215230
v -0.306186 0.146447 0.176777
v -0.326641 0.146447 0.135299
v -0.341506 0.146447 0.091506
v -0.350529 0.146447 0.046148
v -0.353553 0.146447 0.000000
v -0.350529 0.146447 -0.046148
v -0.341506 0.146447 -0.091506
v -0.326641 0.146447 -0.135299
v -0.306186 0.146447 -0.176777
v -0.280493 0.146447 -0.215230
v -0.250000 0.146447 -0.250000
v -0.215230 0.146447 -0.280493
v -0.176777 0.146447 -0.306186
v -0.135299 0.146447 -0.326641
v -0.091506 0.146447 -0.341506
v -0.046148 0.146447 -0.350529
v -0.000000 0.146447 -0.353553
v 0.046148 0.146447 -0.350529
v 0.091506 0.146447 -0.341506
v 0.135299 0.146447 -0.326641
v 0.176777 0.146447 -0.306186
v 0.215230 0.146447 -0.280493
v 0.250000 0.146447 -0.250000
v 0.280493 0.146447 -0.215230
v 0.306186 0.146447 -0.176777
v 0.326641 0.146447 -0.135299
v 0.341506 0.146447 -0.091506
v 0.350529 0.146447 -0.046148
v 0.353553 0.146447 -0.000000
v 0.304381 0.103323 0.000000
v 0.301777 0.103323 0.039730
v 0.294009 0.103323 0.078780
v 0.281211 0.103323 0.116481
v 0.263601 0.103323 0.152190
v 0.241481 0.103323 0.185295
v 0.215230 0.103323 0.215230
v 0.185295 0.103323 0.241481
v 0.152190 0.103323 0.263601
v 0.116481 0.103323 0.281211
v 0.078780 0.103323 0.294009
v 0.039730 0.103323 0.301777
v 0.000000 0.103323 0.304381
v -0.039730 0.103323 0.301777
v -0.078780 0.103323 0.294009
v -0.116481 0.103323 0.281211
v -0.152190 0.103323 0.263601
v -0.185295 0.103323 0.241481
v -0.215230 0.103323 0.215230
v -0.241481 0.103323 0.185295
v -0.263601 0.103323 0.152190
v -0.281211 0.103323 0.116481
v -0.294009 0.103323 0.078780
v -0.301777 0.103323 0.039730
v -0.304381 0.103323 0.000000
v -0.301777 0.103323 -0.039730
v -0.294009 0.103323 -0.078780
v -0.281211 0.103323 -0.116481
v -0.263601 0.103323 -0.152190
v -0.241481 0.103323 -0.185295
v -0.215230 0.103323 -0.215230
v -0.185295 0.103323 -0.241481
v -0.152190 0.103323 -0.263601
v -0.116481 0.103323 -0.281211
v -0.078780 0.103323 -0.294009
v -0.039730 0.103323 -0.301777
v -0.000000 0.103323 -0.304381
v 0.039730 0.103323 -0.301777
v 0.078780 0.103323 -0.294009
v 0.116481 0.103323 -0.281211
v 0.152190 0.103323 -0.263601
v 0.185295 0.103323 -0.241481
v 0.215230 0.103323 -0.215230
v 0.241481 0.103323 -0.185295
v 0.263601 0.103323 -0.152190
v 0.281211 0.103323 -0.116481
v 0.294009 0.103323 -0.078780
v 0.301777 0.103323 -0.039730
v 0.304381 0.103323 -0.000000
v 0.250000 0.066987 0.000000
v 0.247861 0.066987 0.032632
v 0.241481 0.066987 0.064705
v 0.230970 0.066987 0.095671
v 0.216506 0.066987 0.125000
v 0.198338 0.066987 0.152190
v 0.176777 0.066987 0.176777
v 0.152190 0.066987 0.198338
v 0.125000 0.066987 0.216506
v 0.095671 0.066987 0.230970
v 0.064705 0.066987 0.241481
v 0.032632 0.066987 0.247861
v 0.000000 0.066987 0.250000
v -0.032632 0.066987 0.247861
v -0.064705 0.066987 0.241481
v -0.095671 0.066987 0.230970
v -0.125000 0.066987 0.216506
v -0.152190 0.066987 0.198338
v -0.176777 0.066987 0.176777
v -0.198338 0.066987 0.152190
v -0.216506 0.066987 0.125000
v -0.230970 0.066987 0.095671
v -0.241481 0.066987 0.064705
v -0.247861 0.066987 0.032632
v -0.250000 0.066987 0.000000
v -0.247861 0.066987 -0.032632
v -0.241481 0.066987 -0.064705
v -0.230970 0.066987 -0.095671
v -0.216506 0.066987 -0.125000
v -0.198338 0.066987 -0.152190
v -0.176777 0.066987 -0.176777
v -0.152190 0.066987 -0.198338
v -0.125000 0.066987 -0.216506
v -0.095671 0.066987 -0.230970
v -0.064705 0.066987 -0.241481
v -0.032632 0.066987 -0.247861
v -0.000000 0.066987 -0.250000
v 0.032632 0.066987 -0.247861
v 0.064705 0.066987 -0.241481
v 0.095671 0.066987 -0.230970
v 0.125000 0.066987 -0.216506
v 0.152190 0.066987 -0.198338
v 0.176777 0.066987 -0.176777
v 0.198338 0.066987 -0.152190
v 0.216506 0.066987 -0.125000
v 0.230970 0.066987 -0.095671
v 0.241481 0.066987 -0.064705
v 0.247861 0.066987 -0.032632
v 0.250000 0.066987 -0.000000
v 0.191342 0.038060 0.000000
v 0.189705 0.038060 0.024975
v 0.184822 0.038060 0.049523
v 0.176777 0.038060 0.073223
v 0.165707 0.038060 0.095671
v 0.151802 0.038060 0.116481
v 0.135299 0.038060 0.135299
v 0.116481 0.038060 0.151802
v 0.095671 0.038060 0.165707
v 0.073223 0.038060 0.176777
v 0.049523 0.038060 0.184822
v 0.024975 0.038060 0.189705
v 0.000000 0.038060 0.191342
v -0.024975 0.038060 0.189705
v -0.049523 0.038060 0.184822
v -0.073223 0.038060 0.176777
v -0.095671 0.038060 0.165707
v -0.116481 0.038060 0.151802
v -0.135299 0.038060 0.135299
v -0.151802 0.038060 0.116481
v -0.165707 0.038060 0.095671
v -0.176777 0.038060 0.073223
v -0.184822 0.038060 0.049523
v -0.189705 0.038060 0.024975
v -0.191342 0.038060 0.000000
v -0.189705 0.038060 -0.024975
v -0.184822 0.038060 -0.049523
v -0.176777 0.038060 -0.073223
v -0.165707 0.038060 -0.095671
v -0.151802 0.038060 -0.116481
v -0.135299 0.038060 -0.135299
v -0.116481 0.038060 -0.151802
v -0.095671 0.038060 -0.165707
v -0.073223 0.038060 -0.176777
v -0.049523 0.038060 -0.184822
v -0.024975 0.038060 -0.189705
v -0.000000 0.038060 -0.191342
v 0.024975 0.038060 -0.189705
v 0.049523 0.038060 -0.184822
v 0.073223 0.038060 -0.176777
v 0.095671 0.038060 -0.165707
v 0.116481 0.038060 -0.151802
v 0.135299 0.038060 -0.135299
v 0.151802 0.038060 -0.116481
v 0.165707 0.038060 -0.095671
v 0.176777 0.038060 -0.073223
v 0.184822 0.038060 -0.049523
v 0.189705 0.038060 -0.024975
v 0.191342 0.038060 -0.000000
v 0.129410 0.017037 0.000000
v 0.128302 0.017037 0.016891
v 0.125000 0.017037 0.033494
v 0.119559 0.017037 0.049523
v 0.112072 0.017037 0.064705
v 0.102667 0.017037 0.078780
v 0.091506 0.017037 0.091506
v 0.078780 0.017037 0.102667
v 0.064705 0.017037 0.112072
v 0.049523 0.017037 0.119559
v 0.033494 0.017037 0.125000
v 0.016891 0.017037 0.128302
v 0.000000 0.017037 0.129410
v -0.016891 0.017037 0.128302
v -0.033494 0.017037 0.125000
v -0.049523 0.017037 0.119559
v -0.064705 0.017037 0.112072
v -0.078780 0.017037 0.102667
v -0.091506 0.017037 0.091506
v -0.102667 0.017037 0.078780
v -0.112072 0.017037 0.064705
v -0.119559 0.017037 0.049523
v -0.125000 0.017037 0.033494
v -0.128302 0.017037 0.016891
v -0.129410 0.017037 0.000000
v -0.128302 0.017037 -0.016891
v -0.125000 0.017037 -0.033494
v -0.119559 0.017037 -0.049523
v -0.112072 0.017037 -0.064705
v -0.102667 0.017037 -0.078780
v -0.091506 0.017037 -0.091506
v -0.078780 0.017037 -0.102667
v -0.064705 0.017037 -0.112072
v -0.049523 0.017037 -0.119559
v -0.033494 0.017037 -0.125000
v -0.016891 0.017037 -0.128302
v -0.000000 0.017037 -0.129410
v 0.016891 0.017037 -0.128302
v 0.033494 0.017037 -0.125000
v 0.049523 0.017037 -0.119559
v 0.064705 0.017037 -0.112072
v 0.078780 0.017037 -0.102667
v 0.091506 0.017037 -0.091506
v 0.102667 0.017037 -0.078780
v 0.112072 0.017037 -0.064705
v 0.119559 0.017037 -0.049523
v 0.125000 0.017037 -0.033494
v 0.128302 0.017037 -0.016891
v 0.129410 0.017037 -0.000000
v 0.065263 0.004278 0.000000
v 0.064705 0.004278 0.008519
v 0.063039 0.004278 0.016891
v 0.060295 0.004278 0.024975
v 0.056519 0.004278 0.032632
v 0.051777 0.004278 0.039730
v 0.046148 0.004278 0.046148
v 0.039730 0.004278 0.051777
v 0.032632 0.004278 0.056519
v 0.024975 0.004278 0.060295
v 0.016891 0.004278 0.063039
v 0.008519 0.004278 0.064705
v 0.000000 0.004278 0.065263
v -0.008519 0.004278 0.064705
v -0.016891 0.004278 0.063039
v -0.024975 0.004278 0.060295
v -0.032632 0.004278 0.056519
v -0.039730 0.004278 0.051777
v -0.046148 0.004278 0.046148
v -0.051777 0.004278 0.039730
v -0.056519 0.004278 0.032632
v -0.060295 0.004278 0.024975
v -0.063039 0.004278 0.016891
v -0.064705 0.004278 0.008519
v -0.065263 0.004278 0.000000
v -0.064705 0.004278 -0.008519
v -0.063039 0.004278 -0.016891
v -0.060295 0.004278 -0.024975
v -0.056519 0.004278 -0.032632
v -0.051777 0.004278 -0.039730
v -0.046148 0.004278 -0.046148
v -0.039730 0.004278 -0.051777
v -0.032632 0.004278 -0.056519
v -0.024975 0.004278 -0.060295
v -0.016891 0.004278 -0.063039
v -0.008519 0.004278 -0.064705
v -0.000000 0.004278 -0.065263
v 0.008519 0.004278 -0.064705
v 0.016891 0.004278 -0.063039
v 0.024975 0.004278 -0.060295
v 0.032632 0.004278 -0.056519
v 0.039730 0.004278 -0.051777
v 0.046148 0.004278 -0.046148
v 0.051777 0.004278 -0.039730
v 0.056519 0.004278 -0.032632
v 0.060295 0.004278 -0.024975
v 0.063039 0.004278 -0.016891
v 0.064705 0.004278 -0.008519
v 0.065263 0.004278 -0.000000
v 0.000000 0.000000 0.000000
v 0.000000 0.000000 0.000000
v 0.000000 0.000000 0.000000
v 0.000000 0.000000 0.000000
v 0.000000 0.000000 0.000000
v 0.000000 0.000000 0.000000
v 0.000000 0.000000 0.000000
v 0.000000 0.000000 0.000000
v 0.000000 0.000000 0.000000
v 0.000000 0.000000 0.000000
v 0.000000 0.000000 0.000000
v 0.000000 0.000000 0.000000
v 0.000000 0.000000 0.000000
v -0.000000 0.000000 0.000000
v -0.000000 0.000000 0.000000
v -0.000000 0.000000 0.000000
v -0.000000 0.000000 0.000000
v -0.000000 0.000000 0.000000
v -0.000000 0.000000 0.000000
v -0.000000 0.000000 0.000000
v -0.000000 0.000000 0.000000
v -0.000000 0.000000 0.000000
v -0.000000 0.000000 0.000000
v -0.000000 0.000000 0.000000
v -0.000000 0.000000 0.000000
v -0.000000 0.000000 -0.000000
v -0.000000 0.000000 -0.000000
v -0.000000 0.000000 -0.000000
v -0.000000 0.000000 -0.000000
v -0.000000 0.000000 -0.000000
v -0.000000 0.000000 -0.000000
v -0.000000 0.000000 -0.000000
v -0.000000 0.000000 -0.000000
v -0.000000 0.000000 -0.000000
v -0.000000 0.000000 -0.000000
v -0.000000 0.000000 -0.000000
v -0.000000 0.000000 -0.000000
v 0.000000 0.000000 -0.000000
v 0.000000 0.000000 -0.000000
v 0.000000 0.000000 -0.000000
v 0.000000 0.000000 -0.000000
v 0.000000 0.000000 -0.000000
v 0.000000 0.000000 -0.000000
v 0.000000 0.000000 -0.000000
v 0.000000 0.000000 -0.000000
v 0.000000 0.000000 -0.000000
v 0.000000 0.000000 -0.000000
v 0.000000 0.000000 -0.000000
v 0.000000 0.000000 -0.000000
vt 0.000000 0.000000
vt 0.020833 0.000000
vt 0.041667 0.000000
vt 0.062500 0.000000
vt 0.083333 0.000000
vt 0.104167 0.000000
vt 0.125000 0.000000
vt 0.145833 0.000000
vt 0.166667 0.000000
vt 0.187500 0.000000
vt 0.208333 0.000000
vt 0.229167 0.000000
vt 0.250000 0.000000
vt 0.270833 0.000000
vt 0.291667 0.000000
vt 0.312500 0.000000
vt 0.333333 0.000000
vt 0.354167 0.000000
vt 0.375000 0.000000
vt 0.395833 0.000000
vt 0.416667 0.000000
vt 0.437500 0.000000
vt 0.458333 0.000000
vt 0.479167 0.000000
vt 0.500000 0.000000
vt 0.520833 0.000000
vt 0.541667 0.000000
vt 0.562500 0.000000
vt 0.583333 0.000000
vt 0.604167 0.000000
vt 0.625000 0.000000
vt 0.645833 0.000000
vt 0.666667 0.000000
vt 0.687500 0.000000
vt 0.708333 0.000000
vt 0.729167 0.000000
vt 0.750000 0.000000
vt 0.770833 0.000000
vt 0.791667 0.000000
vt 0.812500 0.000000
vt 0.833333 0.000000
vt 0.854167 0.000000
vt 0.875000 0.000000
vt 0.895833 0.000000
vt 0.916667 0.000000
vt 0.937500 0.000000
vt 0.958333 0.000000
vt 0.979167 0.000000
vt 1.000000 0.000000
vt 0.000000 0.041667
vt 0.020833 0.041667
vt 0.041667 0.041667
vt 0.062500 0.041667
vt 0.083333 0.041667
vt 0.104167 0.041667
vt 0.125000 0.041667
vt 0.145833 0.041667
vt 0.166667 0.041667
vt 0.187500 0.041667
vt 0.208333 0.041667
vt 0.229167 0.041667
vt 0.250000 0.041667
vt 0.270833 0.041667
vt 0.291667 0.041667
vt 0.312500 0.041667
vt 0.333333 0.041667
vt 0.354167 0.041667
vt 0.375000 0.041667
vt 0.395833 0.041667
vt 0.416667 0.041667
vt 0.437500 0.041667
vt 0.458333 0.041667
vt 0.479167 0.041667
vt 0.500000 0.041667
vt 0.520833 0.041667
vt 0.541667 0.041667
vt 0.562500 0.041667
vt 0.583333 0.041667
vt 0.604167 0.041667
vt 0.625000 0.041667
vt 0.645833 0.041667
vt 0.666667 0.041667
vt 0.687500 0.041667
vt 0.708333 0.041667
vt 0.729167 0.041667
vt 0.750000 0.041667
vt 0.770833 0.041667
vt 0.791667 0.041667
vt 0.812500 0.041667
vt 0.833333 0.041667
vt 0.854167 0.041667
vt 0.875000 0.041667
vt 0.895833 0.041667
vt 0.916667 0.041667
vt 0.937500 0.041667
vt 0.958333 0.041667
vt 0.979167 0.041667
vt 1.000000 0.041667
vt 0.000000 0.083333
vt 0.020833 0.083333
vt 0.041667 0.083333
vt 0.062500 0.083333
vt 0.083333 0.083333
vt 0.104167 0.083333
vt 0.125000 0.083333
vt 0.145833 0.083333
vt 0.166667 0.083333
vt 0.187500 0.083333
vt 0.208333 0.083333
vt 0.229167 0.083333
vt 0.250000 0.083333
vt 0.270833 0.083333
vt 0.291667 0.083333
vt 0.312500 0.083333
vt 0.333333 0.083333
vt 0.354167 0.083333
vt 0.375000 0.083333
vt 0.395833 0.083333
vt 0.416667 0.083333
vt 0.437500 0.083333
vt 0.458333 0.083333
vt 0.479167 0.083333
vt 0.500000 0.083333
vt 0.520833 0.083333
vt 0.541667 0.083333
vt 0.562500 0.083333
vt 0.583333 0.083333
vt 0.604167 0.083333
vt 0.625000 0.083333
vt 0.645833 0.083333
vt 0.666667 0.083333
vt 0.687500 0.083333
vt 0.708333 0.083333
vt 0.729167 0.083333
vt 0.750000 0.083333
vt 0.770833 0.083333
vt 0.791667 0.083333
vt 0.812500 0.083333
vt 0.833333 0.083333
vt 0.854167 0.083333
vt 0.875000 0.083333
vt 0.895833 0.083333
vt 0.916667 0.083333
vt 0.937500 0.083333
vt 0.958333 0.083333
vt 0.979167 0.083333
vt 1.000000 0.083333
vt 0.000000 0.125000
vt 0.020833 0.125000
vt 0.041667 0.125000
vt 0.062500 0.125000
vt 0.083333 0.125000
vt 0.104167 0.125000
vt 0.125000 0.125000
vt 0.145833 0.125000
vt 0.166667 0.125000
vt 0.187500 0.125000
vt 0.208333 0.125000
vt 0.229167 0.125000
vt 0.250000 0.125000
vt 0.270833 0.125000
vt 0.291667 0.125000
vt 0.312500 0.125000
vt 0.333333 0.125000
vt 0.354167 0.125000
vt 0.375000 0.125000
vt 0.395833 0.125000
vt 0.416667 0.125000
vt 0.437500 0.125000
vt 0.458333 0.125000
vt 0.479167 0.125000
vt 0.500000 0.125000
vt 0.520833 0.125000
vt 0.541667 0.125000
vt 0.562500 0.125000
vt 0.583333 0.125000
vt 0.604167 0.125000
vt 0.625000 0.125000
vt 0.645833 0.125000
vt 0.666667 0.125000
vt 0.687500 0.125000
vt 0.708333 0.125000
vt 0.729167 0.125000
vt 0.750000 0.125000
vt 0.770833 0.125000
vt 0.791667 0.125000
vt 0.812500 0.125000
vt 0.833333 0.125000
vt 0.854167 0.125000
vt 0.875000 0.125000
vt 0.895833 0.125000
vt 0.916667 0.125000
vt 0.937500 0.125000
vt 0.958333 0.125000
vt 0.979167 0.125000
vt 1.000000 0.125000
vt 0.000000 0.166667
vt 0.020833 0.166667
vt 0.041667 0.166667
vt 0.062500 0.166667
vt 0.083333 0.166667
vt 0.104167 0.166667
vt 0.125000 0.166667
vt 0.145833 0.166667
vt 0.166667 0.166667
vt 0.187500 0.166667
vt 0.208333 0.166667
vt 0.229167 0.166667
vt 0.250000 0.166667
vt 0.270833 0.166667
vt 0.291667 0.166667
vt 0.312500 0.166667
vt 0.333333 0.166667
vt 0.354167 0.166667
vt 0.375000 0.166667
vt 0.395833 0.166667
vt 0.416667 0.166667
vt 0.437500 0.166667
vt 0.458333 0.166667
vt 0.479167 0.166667
vt 0.500000 0.166667
vt 0.520833 0.166667
vt 0.541667 0.166667
vt 0.562500 0.166667
vt 0.583333 0.166667
vt 0.604167 0.166667
vt 0.625000 0.166667
vt 0.645833 0.166667
vt 0.666667 0.166667
vt 0.687500 0.166667
vt 0.708333 0.166667
vt 0.729167 0.166667
vt 0.750000 0.166667
vt 0.770833 0.166667
vt 0.791667 0.166667
vt 0.812500 0.166667
vt 0.833333 0.166667
vt 0.854167 0.166667
vt 0.875000 0.166667
vt 0.895833 0.166667
vt 0.916667 0.166667
vt 0.937500 0.166667
vt 0.958333 0.166667
vt 0.979167 0.166667
vt 1.000000 0.166667
vt 0.000000 0.208333
vt 0.020833 0.208333
vt 0.041667 0.208333
vt 0.062500 0.208333
vt 0.083333 0.208333
vt 0.104167 0.208333
vt 0.125000 0.208333
vt 0.145833 0.208333
vt 0.166667 0.208333
vt 0.187500 0.208333
vt 0.208333 0.208333
vt 0.229167 0.208333
vt 0.250000 0.208333
vt 0.270833 0.208333
vt 0.291667 0.208333
vt 0.312500 0.208333
vt 0.333333 0.208333
vt 0.354167 0.208333
vt 0.375000 0.208333
vt 0.395833 0.208333
vt 0.416667 0.208333
vt 0.437500 0.208333
vt 0.458333 0.208333
vt 0.479167 0.208333
vt 0.500000 0.208333
vt 0.520833 0.208333
vt 0.541667 0.208333
vt 0.562500 0.208333
vt 0.583333 0.208333
vt 0.604167 0.208333
vt 0.625000 0.208333
vt 0.645833 0.208333
vt 0.666667 0.208333
vt 0.687500 0.208333
vt 0.708333 0.208333
vt 0.729167 0.208333
vt 0.750000 0.208333
vt 0.770833 0.208333
vt 0.791667 0.208333
vt 0.812500 0.208333
vt 0.833333 0.208333
vt 0.854167 0.208333
vt 0.875000 0.208333
vt 0.895833 0.208333
vt 0.916667 0.208333
vt 0.937500 0.208333
vt 0.958333 0.208333
vt 0.979167 0.208333
vt 1.000000 0.208333
vt 0.000000 0.250000
vt 0.020833 0.250000
vt 0.041667 0.250000
vt 0.062500 0.250000
vt 0.083333 0.250000
vt 0.104167 0.250000
vt 0.125000 0.250000
vt 0.145833 0.250000
vt 0.166667 0.250000
vt 0.187500 0.250000
vt 0.208333 0.250000
vt 0.229167 0.250000
vt 0.250000 0.250000
vt 0.270833 0.250000
vt 0.291667 0.250000
vt 0.312500 0.250000
vt 0.333333 0.250000
vt 0.354167 0.250000
vt 0.375000 0.250000
vt 0.395833 0.250000
vt 0.416667 0.250000
vt 0.437500 0.250000
vt 0.458333 0.250000
vt 0.479167 0.250000
vt 0.500000 0.250000
vt 0.520833 0.250000
vt 0.541667 0.250000
vt 0.562500 0.250000
vt 0.583333 0.250000
vt 0.604167 0.250000
vt 0.625000 0.250000
vt 0.645833 0.250000
vt 0.666667 0.250000
vt 0.687500 0.250000
vt 0.708333 0.250000
vt 0.729167 0.250000
vt 0.750000 0.250000
vt 0.770833 0.250000
vt 0.791667 0.250000
vt 0.812500 0.250000
vt 0.833333 0.250000
vt 0.854167 0.250000
vt 0.875000 0.250000
vt 0.895833 0.250000
vt 0.916667 0.250000
vt 0.937500 0.250000
vt 0.958333 0.250000
vt 0.979167 0.250000
vt 1.000000 0.250000
vt 0.000000 0.291667
vt 0.020833 0.291667
vt 0.041667 0.291667
vt 0.062500 0.291667
vt 0.083333 0.291667
vt 0.104167 0.291667
vt 0.125000 0.291667
vt 0.145833 0.291667
vt 0.166667 0.291667
vt 0.187500 0.291667
vt 0.208333 0.291667
vt 0.229167 0.291667
vt 0.250000 0.291667
vt 0.270833 0.291667
vt 0.291667 0.291667
vt 0.312500 0.291667
vt 0.333333 0.291667
vt 0.354167 0.291667
vt 0.375000 0.291667
vt 0.395833 0.291667
vt 0.416667 0.291667
vt 0.437500 0.291667
vt 0.458333 0.291667
vt 0.479167 0.291667
vt 0.500000 0.291667
vt 0.520833 0.291667
vt 0.541667 0.291667
vt 0.562500 0.291667
vt 0.583333 0.291667
vt 0.604167 0.291667
vt 0.625000 0.291667
vt 0.645833 0.291667
vt 0.666667 0.291667
vt 0.687500 0.291667
vt 0.708333 0.291667
vt 0.729167 0.291667
vt 0.750000 0.291667
vt 0.770833 0.291667
vt 0.791667 0.291667
vt 0.812500 0.291667
vt 0.833333 0.291667
vt 0.854167 0.291667
vt 0.875000 0.291667
vt 0.895833 0.291667
vt 0.916667 0.291667
vt 0.937500 0.291667
vt 0.958333 0.291667
vt 0.979167 0.291667
vt 1.000000 0.291667
vt 0.000000 0.333333
vt 0.020833 0.333333
vt 0.041667 0.333333
vt 0.062500 0.333333
vt 0.083333 0.333333
vt 0.104167 0.333333
vt 0.125000 0.333333
vt 0.145833 0.333333
vt 0.166667 0.333333
vt 0.187500 0.333333
vt 0.208333 0.333333
vt 0.229167 0.333333
vt 0.250000 0.333333
vt 0.270833 0.333333
vt 0.291667 0.333333
vt 0.312500 0.333333
vt 0.333333 0.333333
vt 0.354167 0.333333
vt 0.375000 0.333333
vt 0.395833 0.333333
vt 0.416667 0.333333
vt 0.437500 0.333333
vt 0.458333 0.333333
vt 0.479167 0.333333
vt 0.500000 0.333333
vt 0.520833 0.333333
vt 0.541667 0.333333
vt 0.562500 0.333333
vt 0.583333 0.333333
vt 0.604167 0.333333
vt 0.625000 0.333333
vt 0.645833 0.333333
vt 0.666667 0.333333
vt 0.687500 0.333333
vt 0.708333 0.333333
vt 0.729167 0.333333
vt 0.750000 0.333333
vt 0.770833 0.333333
vt 0.791667 0.333333
vt 0.812500 0.333333
vt 0.833333 0.333333
vt 0.854167 0.333333
vt 0.875000 0.333333
vt 0.895833 0.333333
vt 0.916667 0.333333
vt 0.937500 0.333333
vt 0.958333 0.333333
vt 0.979167 0.333333
vt 1.000000 0.333333
vt 0.000000 0.375000
vt 0.020833 0.375000
vt 0.041667 0.375000
vt 0.062500 0.375000
vt 0.083333 0.375000
vt 0.104167 0.375000
vt 0.125000 0.375000
vt 0.145833 0.375000
vt 0.166667 0.375000
vt 0.187500 0.375000
vt 0.208333 0.375000
vt 0.229167 0.375000
vt 0.250000 0.375000
vt 0.270833 0.375000
vt 0.291667 0.375000
vt 0.312500 0.375000
vt 0.333333 0.375000
vt 0.354167 0.375000
vt 0.375000 0.375000
vt 0.395833 0.375000
vt 0.416667 0.375000
vt 0.437500 0.375000
vt 0.458333 0.375000
vt 0.479167 0.375000
vt 0.500000 0.375000
vt 0.520833 0.375000
vt 0.541667 0.375000
vt 0.562500 0.375000
vt 0.583333 0.375000
vt 0.604167 0.375000
vt 0.625000 0.375000
vt 0.645833 0.375000
vt 0.666667 0.375000
vt 0.687500 0.375000
vt 0.708333 0.375000
vt 0.729167 0.375000
vt 0.750000 0.375000
vt 0.770833 0.375000
vt 0.791667 0.375000
vt 0.812500 0.375000
vt 0.833333 0.375000
vt 0.854167 0.375000
vt 0.875000 0.375000
vt 0.895833 0.375000
vt 0.916667 0.375000
vt 0.937500 0.375000
vt 0.958333 0.375000
vt 0.979167 0.375000
vt 1.000000 0.375000
vt 0.000000 0.416667
vt 0.020833 0.416667
vt 0.041667 0.416667
vt 0.062500 0.416667
vt 0.083333 0.416667
vt 0.104167 0.416667
vt 0.125000 0.416667
vt 0.145833 0.416667
vt 0.166667 0.416667
vt 0.187500 0.416667
vt 0.208333 0.416667
vt 0.229167 0.416667
vt 0.250000 0.416667
vt 0.270833 0.416667
vt 0.291667 0.416667
vt 0.312500 0.416667
vt 0.333333 0.416667
vt 0.354167 0.416667
vt 0.375000 0.416667
vt 0.395833 0.416667
vt 0.416667 0.416667
vt 0.437500 0.416667
vt 0.458333 0.416667
vt 0.479167 0.416667
vt 0.500000 0.416667
vt 0.520833 0.416667
vt 0.541667 0.416667
vt 0.562500 0.416667
vt 0.583333 0.416667
vt 0.604167 0.416667
vt 0.625000 0.416667
vt 0.645833 0.416667
vt 0.666667 0.416667
vt 0.687500 0.416667
vt 0.708333 0.416667
vt 0.729167 0.416667
vt 0.750000 0.416667
vt 0.770833 0.416667
vt 0.791667 0.416667
vt 0.812500 0.416667
vt 0.833333 0.416667
vt 0.854167 0.416667
vt 0.875000 0.416667
vt 0.895833 0.416667
vt 0.916667 0.416667
vt 0.937500 0.416667
vt 0.958333 0.416667
vt 0.979167 0.416667
vt 1.000000 0.416667
vt 0.000000 0.458333
vt 0.020833 0.458333
vt 0.041667 0.458333
vt 0.062500 0.458333
vt 0.083333 0.458333
vt 0.104167 0.458333
vt 0.125000 0.458333
vt 0.145833 0.458333
vt 0.166667 0.458333
vt 0.187500 0.458333
vt 0.208333 0.458333
vt 0.229167 0.458333
vt 0.250000 0.458333
vt 0.270833 0.458333
vt 0.291667 0.458333
vt 0.312500 0.458333
vt 0.333333 0.458333
vt 0.354167 0.458333
vt 0.375000 0.458333
vt 0.395833 0.458333
vt 0.416667 0.458333
vt 0.437500 0.458333
vt 0.458333 0.458333
vt 0.479167 0.458333
vt 0.500000 0.458333
vt 0.520833 0.458333
vt 0.541667 0.458333
vt 0.562500 0.458333
vt 0.583333 0.458333
vt 0.604167 0.458333
vt 0.625000 0.458333
vt 0.645833 0.458333
vt 0.666667 0.458333
vt 0.687500 0.458333
vt 0.708333 0.458333
vt 0.729167 0.458333
vt 0.750000 0.458333
vt 0.770833 0.458333
vt 0.791667 0.458333
vt 0.812500 0.458333
vt 0.833333 0.458333
vt 0.854167 0.458333
vt 0.875000 0.458333
vt 0.895833 0.458333
vt 0.916667 0.458333
vt 0.937500 0.458333
vt 0.958333 0.458333
vt 0.979167 0.458333
vt 1.000000 0.458333
vt 0.000000 0.500000
vt 0.020833 0.500000
vt 0.041667 0.500000
vt 0.062500 0.500000
vt 0.083333 0.500000
vt 0.104167 0.500000
vt 0.125000 0.500000
vt 0.145833 0.500000
vt 0.166667 0.500000
vt 0.187500 0.500000
vt 0.208333 0.500000
vt 0.229167 0.500000
vt 0.250000 0.500000
vt 0.270833 0.500000
vt 0.291667 0.500000
vt 0.312500 0.500000
vt 0.333333 0.500000
vt 0.354167 0.500000
vt 0.375000 0.500000
vt 0.395833 0.500000
vt 0.416667 0.500000
vt 0.437500 0.500000
vt 0.458333 0.500000
vt 0.479167 0.500000
vt 0.500000 0.500000
vt 0.520833 0.500000
vt 0.541667 0.500000
vt 0.562500 0.500000
vt 0.583333 0.500000
vt 0.604167 0.500000
vt 0.625000 0.500000
vt 0.645833 0.500000
vt 0.666667 0.500000
vt 0.687500 0.500000
vt 0.708333 0.500000
vt 0.729167 0.500000
vt 0.750000 0.500000
vt 0.770833 0.500000
vt 0.791667 0.500000
vt 0.812500 0.500000
vt 0.833333 0.500000
vt 0.854167 0.500000
vt 0.875000 0.500000
vt 0.895833 0.500000
vt 0.916667 0.500000
vt 0.937500 0.500000
vt 0.958333 0.500000
vt 0.979167 0.500000
vt 1.000000 0.500000
vt 0.000000 0.541667
vt 0.020833 0.541667
vt 0.041667 0.541667
vt 0.062500 0.541667
vt 0.083333 0.541667
vt 0.104167 0.541667
vt 0.125000 0.541667
vt 0.145833 0.541667
vt 0.166667 0.541667
vt 0.187500 0.541667
vt 0.208333 0.541667
vt 0.229167 0.541667
vt 0.250000 0.541667
vt 0.270833 0.541667
vt 0.291667 0.541667
vt 0.312500 0.541667
vt 0.333333 0.541667
vt 0.354167 0.541667
vt 0.375000 0.541667
vt 0.395833 0.541667
vt 0.416667 0.541667
vt 0.437500 0.541667
vt 0.458333 0.541667
vt 0.479167 0.541667
vt 0.500000 0.541667
vt 0.520833 0.541667
vt 0.541667 0.541667
vt 0.562500 0.541667
vt 0.583333 0.541667
vt 0.604167 0.541667
vt 0.625000 0.541667
vt 0.645833 0.541667
vt 0.666667 0.541667
vt 0.687500 0.541667
vt 0.708333 0.541667
vt 0.729167 0.541667
vt 0.750000 0.541667
vt 0.770833 0.541667
vt 0.791667 0.541667
vt 0.812500 0.541667
vt 0.833333 0.541667
vt 0.854167 0.541667
vt 0.875000 0.541667
vt 0.895833 0.541667
vt 0.916667 0.541667
vt 0.937500 0.541667
vt 0.958333 0.541667
vt 0.979167 0.541667
vt 1.000000 0.541667
vt 0.000000 0.583333
vt 0.020833 0.583333
vt 0.041667 0.583333
vt 0.062500 0.583333
vt 0.083333 0.583333
vt 0.104167 0.583333
vt 0.125000 0.583333
vt 0.145833 0.583333
vt 0.166667 0.583333
vt 0.187500 0.583333
vt 0.208333 0.583333
vt 0.229167 0.583333
vt 0.250000 0.583333
vt 0.270833 0.583333
vt 0.291667 0.583333
vt 0.312500 0.583333
vt 0.333333 0.583333
vt 0.354167 0.583333
vt 0.375000 0.583333
vt 0.395833 0.583333
vt 0.416667 0.583333
vt 0.437500 0.583333
vt 0.458333 0.583333
vt 0.479167 0.583333
vt 0.500000 0.583333
vt 0.520833 0.583333
vt 0.541667 0.583333
vt 0.562500 0.583333
vt 0.583333 0.583333
vt 0.604167 0.583333
vt 0.625000 0.583333
vt 0.645833 0.583333
vt 0.666667 0.583333
vt 0.687500 0.583333
vt 0.708333 0.583333
vt 0.729167 0.583333
vt 0.750000 0.583333
vt 0.770833 0.583333
vt 0.791667 0.583333
vt 0.812500 0.583333
vt 0.833333 0.583333
vt 0.854167 0.583333
vt 0.875000 0.583333
vt 0.895833 0.583333
vt 0.916667 0.583333
vt 0.937500 0.583333
vt 0.958333 0.583333
vt 0.979167 0.583333
vt 1.000000 0.583333
vt 0.000000 0.625000
vt 0.020833 0.625000
vt 0.041667 0.625000
vt 0.062500 0.625000
vt 0.083333 0.625000
vt 0.104167 0.625000
vt 0.125000 0.625000
vt 0.145833 0.625000
vt 0.166667 0.625000
vt 0.187500 0.625000
vt 0.208333 0.625000
vt 0.229167 0.625000
vt 0.250000 0.625000
vt 0.270833 0.625000
vt 0.291667 0.625000
vt 0.312500 0.625000
vt 0.333333 0.625000
vt 0.354167 0.625000
vt 0.375000 0.625000
vt 0.395833 0.625000
vt 0.416667 0.625000
vt 0.437500 0.625000
vt 0.458333 0.625000
vt 0.479167 0.625000
vt 0.500000 0.625000
vt 0.520833 0.625000
vt 0.541667 0.625000
vt 0.562500 0.625000
vt 0.583333 0.625000
vt 0.604167 0.625000
vt 0.625000 0.625000
vt 0.645833 0.625000
vt 0.666667 0.625000
vt 0.687500 0.625000
vt 0.708333 0.625000
vt 0.729167 0.625000
vt 0.750000 0.625000
vt 0.770833 0.625000
vt 0.791667 0.625000
vt 0.812500 0.625000
vt 0.833333 0.625000
vt 0.854167 0.625000
vt 0.875000 0.625000
vt 0.895833 0.625000
vt 0.916667 0.625000
vt 0.937500 0.625000
vt 0.958333 0.625000
vt 0.979167 0.625000
vt 1.000000 0.625000
vt 0.000000 0.666667
vt 0.020833 0.666667
vt 0.041667 0.666667
vt 0.062500 0.666667
vt 0.083333 0.666667
vt 0.104167 0.666667
vt 0.125000 0.666667
vt 0.145833 0.666667
vt 0.166667 0.666667
vt 0.187500 0.666667
vt 0.208333 0.666667
vt 0.229167 0.666667
vt 0.250000 0.666667
vt 0.270833 0.666667
vt 0.291667 0.666667
vt 0.312500 0.666667
vt 0.333333 0.666667
vt 0.354167 0.666667
vt 0.375000 0.666667
vt 0.395833 0.666667
vt 0.416667 0.666667
vt 0.437500 0.666667
vt 0.458333 0.666667
vt 0.479167 0.666667
vt 0.500000 0.666667
vt 0.520833 0.666667
vt 0.541667 0.666667
vt 0.562500 0.666667
vt 0.583333 0.666667
vt 0.604167 0.666667
vt 0.625000 0.666667
vt 0.645833 0.666667
vt 0.666667 0.666667
vt 0.687500 0.666667
vt 0.708333 0.666667
vt 0.729167 0.666667
vt 0.750000 0.666667
vt 0.770833 0.666667
vt 0.791667 0.666667
vt 0.812500 0.666667
vt 0.833333 0.666667
vt 0.854167 0.666667
vt 0.875000 0.666667
vt 0.895833 0.666667
vt 0.916667 0.666667
vt 0.937500 0.666667
vt 0.958333 0.666667
vt 0.979167 0.666667
vt 1.000000 0.666667
vt 0.000000 0.708333
vt 0.020833 0.708333
vt 0.041667 0.708333
vt 0.062500 0.708333
vt 0.083333 0.708333
vt 0.104167 0.708333
vt 0.125000 0.708333
vt 0.145833 0.708333
vt 0.166667 0.708333
vt 0.187500 0.708333
vt 0.208333 0.708333
vt 0.229167 0.708333
vt 0.250000 0.708333
vt 0.270833 0.708333
vt 0.291667 0.708333
vt 0.312500 0.708333
vt 0.333333 0.708333
vt 0.354167 0.708333
vt 0.375000 0.708333
vt 0.395833 0.708333
vt 0.416667 0.708333
vt 0.437500 0.708333
vt 0.458333 0.708333
vt 0.479167 0.708333
vt 0.500000 0.708333
vt 0.520833 0.708333
vt 0.541667 0.708333
vt 0.562500 0.708333
vt 0.583333 0.708333
vt 0.604167 0.708333
vt 0.625000 0.708333
vt 0.645833 0.708333
vt 0.666667 0.708333
vt 0.687500 0.708333
vt 0.708333 0.708333
vt 0.729167 0.708333
vt 0.750000 0.708333
vt 0.770833 0.708333
vt 0.791667 0.708333
vt 0.812500 0.708333
vt 0.833333 0.708333
vt 0.854167 0.708333
vt 0.875000 0.708333
vt 0.895833 0.708333
vt 0.916667 0.708333
vt 0.937500 0.708333
vt 0.958333 0.708333
vt 0.979167 0.708333
vt 1.000000 0.708333
vt 0.000000 0.750000
vt 0.020833 0.750000
vt 0.041667 0.750000
vt 0.062500 0.750000
vt 0.083333 0.750000
vt 0.104167 0.750000
vt 0.125000 0.750000
vt 0.145833 0.750000
vt 0.166667 0.750000
vt 0.187500 0.750000
vt 0.208333 0.750000
vt 0.229167 0.750000
vt 0.250000 0.750000
vt 0.270833 0.750000
vt 0.291667 0.750000
vt 0.312500 0.750000
vt 0.333333 0.750000
vt 0.354167 0.750000
vt 0.375000 0.750000
vt 0.395833 0.750000
vt 0.416667 0.750000
vt 0.437500 0.750000
vt 0.458333 0.750000
vt 0.479167 0.750000
vt 0.500000 0.750000
vt 0.520833 0.750000
vt 0.541667 0.750000
vt 0.562500 0.750000
vt 0.583333 0.750000
vt 0.604167 0.750000
vt 0.625000 0.750000
vt 0.645833 0.750000
vt 0.666667 0.750000
vt 0.687500 0.750000
vt 0.708333 0.750000
vt 0.729167 0.750000
vt 0.750000 0.750000
vt 0.770833 0.750000
vt 0.791667 0.750000
vt 0.812500 0.750000
vt 0.833333 0.750000
vt 0.854167 0.750000
vt 0.875000 0.750000
vt 0.895833 0.750000
vt 0.916667 0.750000
vt 0.937500 0.750000
vt 0.958333 0.750000
vt 0.979167 0.750000
vt 1.000000 0.750000
vt 0.000000 0.791667
vt 0.020833 0.791667
vt 0.041667 0.791667
vt 0.062500 0.791667
vt 0.083333 0.791667
vt 0.104167 0.791667
vt 0.125000 0.791667
vt 0.145833 0.791667
vt 0.166667 0.791667
vt 0.187500 0.791667
vt 0.208333 0.791667
vt 0.229167 0.791667
vt 0.250000 0.791667
vt 0.270833 0.791667
vt 0.291667 0.791667
vt 0.312500 0.791667
vt 0.333333 0.791667
vt 0.354167 0.791667
vt 0.375000 0.791667
vt 0.395833 0.791667
vt 0.416667 0.791667
vt 0.437500 0.791667
vt 0.458333 0.791667
vt 0.479167 0.791667
vt 0.500000 0.791667
vt 0.520833 0.791667
vt 0.541667 0.791667
vt 0.562500 0.791667
vt 0.583333 0.791667
vt 0.604167 0.791667
vt 0.625000 0.791667
vt 0.645833 0.791667
vt 0.666667 0.791667
vt 0.687500 0.791667
vt 0.708333 0.791667
vt 0.729167 0.791667
vt 0.750000 0.791667
vt 0.770833 0.791667
vt 0.791667 0.791667
vt 0.812500 0.791667
vt 0.833333 0.791667
vt 0.854167 0.791667
vt 0.875000 0.791667
vt 0.895833 0.791667
vt 0.916667 0.791667
vt 0.937500 0.791667
vt 0.958333 0.791667
vt 0.979167 0.791667
vt 1.000000 0.791667
vt 0.000000 0.833333
vt 0.020833 0.833333
vt 0.041667 0.833333
vt 0.062500 0.833333
vt 0.083333 0.833333
vt 0.104167 0.833333
vt 0.125000 0.833333
vt 0.145833 0.833333
vt 0.166667 0.833333
vt 0.187500 0.833333
vt 0.208333 0.833333
vt 0.229167 0.833333
vt 0.250000 0.833333
vt 0.270833 0.833333
vt 0.291667 0.833333
vt 0.312500 0.833333
vt 0.333333 0.833333
vt 0.354167 0.833333
vt 0.375000 0.833333
vt 0.395833 0.833333
vt 0.416667 0.833333
vt 0.437500 0.833333
vt 0.458333 0.833333
vt 0.479167 0.833333
vt 0.500000 0.833333
vt 0.520833 0.833333
vt 0.541667 0.833333
vt 0.562500 0.833333
vt 0.583333 0.833333
vt 0.604167 0.833333
vt 0.625000 0.833333
vt 0.645833 0.833333
vt 0.666667 0.833333
vt 0.687500 0.833333
vt 0.708333 0.833333
vt 0.729167 0.833333
vt 0.750000 0.833333
vt 0.770833 0.833333
vt 0.791667 0.833333
vt 0.812500 0.833333
vt 0.833333 0.833333
vt 0.854167 0.833333
vt 0.875000 0.833333
vt 0.895833 0.833333
vt 0.916667 0.833333
vt 0.937500 0.833333
vt 0.958333 0.833333
vt 0.979167 0.833333
vt 1.000000 0.833333
vt 0.000000 0.875000
vt 0.020833 0.875000
vt 0.041667 0.875000
vt 0.062500 0.875000
vt 0.083333 0.875000
vt 0.104167 0.875000
vt 0.125000 0.875000
vt 0.145833 0.875000
vt 0.166667 0.875000
vt 0.187500 0.875000
vt 0.208333 0.875000
vt 0.229167 0.875000
vt 0.250000 0.875000
vt 0.270833 0.875000
vt 0.291667 0.875000
vt 0.312500 0.875000
vt 0.333333 0.875000
vt 0.354167 0.875000
vt 0.375000 0.875000
vt 0.395833 0.875000
vt 0.416667 0.875000
vt 0.437500 0.875000
vt 0.458333 0.875000
vt 0.479167 0.875000
vt 0.500000 0.875000
vt 0.520833 0.875000
vt 0.541667 0.875000
vt 0.562500 0.875000
vt 0.583333 0.875000
vt 0.604167 0.875000
vt 0.625000 0.875000
vt 0.645833 0.875000
vt 0.666667 0.875000
vt 0.687500 0.875000
vt 0.708333 0.875000
vt 0.729167 0.875000
vt 0.750000 0.875000
vt 0.770833 0.875000
vt 0.791667 0.875000
vt 0.812500 0.875000
vt 0.833333 0.875000
vt 0.854167 0.875000
vt 0.875000 0.875000
vt 0.895833 0.875000
vt 0.916667 0.875000
vt 0.937500 0.875000
vt 0.958333 0.875000
vt 0.979167 0.875000
vt 1.000000 0.875000
vt 0.000000 0.916667
vt 0.020833 0.916667
vt 0.041667 0.916667
vt 0.062500 0.916667
vt 0.083333 0.916667
vt 0.104167 0.916667
vt 0.125000 0.916667
vt 0.145833 0.916667
vt 0.166667 0.916667
vt 0.187500 0.916667
vt 0.208333 0.916667
vt 0.229167 0.916667
vt 0.250000 0.916667
vt 0.270833 0.916667
vt 0.291667 0.916667
vt 0.312500 0.916667
vt 0.333333 0.916667
vt 0.354167 0.916667
vt 0.375000 0.916667
vt 0.395833 0.916667
vt 0.416667 0.916667
vt 0.437500 0.916667
vt 0.458333 0.916667
vt 0.479167 0.916667
vt 0.500000 0.916667
vt 0.520833 0.916667
vt 0.541667 0.916667
vt 0.562500 0.916667
vt 0.583333 0.916667
vt 0.604167 0.916667
vt 0.625000 0.916667
vt 0.645833 0.916667
vt 0.666667 0.916667
vt 0.687500 0.916667
vt 0.708333 0.916667
vt 0.729167 0.916667
vt 0.750000 0.916667
vt 0.770833 0.916667
vt 0.791667 0.916667
vt 0.812500 0.916667
vt 0.833333 0.916667
vt 0.854167 0.916667
vt 0.875000 0.916667
vt 0.895833 0.916667
vt 0.916667 0.916667
vt 0.937500 0.916667
vt 0.958333 0.916667
vt 0.979167 0.916667
vt 1.000000 0.916667
vt 0.000000 0.958333
vt 0.020833 0.958333
vt 0.041667 0.958333
vt 0.062500 0.958333
vt 0.083333 0.958333
vt 0.104167 0.958333
vt 0.125000 0.958333
vt 0.145833 0.958333
vt 0.166667 0.958333
vt 0.187500 0.958333
vt 0.208333 0.958333
vt 0.229167 0.958333
vt 0.250000 0.958333
vt 0.270833 0.958333
vt 0.291667 0.958333
vt 0.312500 0.958333
vt 0.333333 0.958333
vt 0.354167 0.958333
vt 0.375000 0.958333
vt 0.395833 0.958333
vt 0.416667 0.958333
vt 0.437500 0.958333
vt 0.458333 0.958333
vt 0.479167 0.958333
vt 0.500000 0.958333
vt 0.520833 0.958333
vt 0.541667 0.958333
vt 0.562500 0.958333
vt 0.583333 0.958333
vt 0.604167 0.958333
vt 0.625000 0.958333
vt 0.645833 0.958333
vt 0.666667 0.958333
vt 0.687500 0.958333
vt 0.708333 0.958333
vt 0.729167 0.958333
vt 0.750000 0.958333
vt 0.770833 0.958333
vt 0.791667 0.958333
vt 0.812500 0.958333
vt 0.833333 0.958333
vt 0.854167 0.958333
vt 0.875000 0.958333
vt 0.895833 0.958333
vt 0.916667 0.958333
vt 0.937500 0.958333
vt 0.958333 0.958333
vt 0.979167 0.958333
vt 1.000000 0.958333
vt 0.000000 1.000000
vt 0.020833 1.000000
vt 0.041667 1.000000
vt 0.062500 1.000000
vt 0.083333 1.000000
vt 0.104167 1.000000
vt 0.125000 1.000000
vt 0.145833 1.000000
vt 0.166667 1.000000
vt 0.187500 1.000000
vt 0.208333 1.000000
vt 0.229167 1.000000
vt 0.250000 1.000000
vt 0.270833 1.000000
vt 0.291667 1.000000
vt 0.312500 1.000000
vt 0.333333 1.000000
vt 0.354167 1.000000
vt 0.375000 1.000000
vt 0.395833 1.000000
vt 0.416667 1.000000
vt 0.437500 1.000000
vt 0.458333 1.000000
vt 0.479167 1.000000
vt 0.500000 1.000000
vt 0.520833 1.000000
vt 0.541667 1.000000
vt 0.562500 1.000000
vt 0.583333 1.000000
vt 0.604167 1.000000
vt 0.625000 1.000000
vt 0.645833 1.000000
vt 0.666667 1.000000
vt 0.687500 1.000000
vt 0.708333 1.000000
vt 0.729167 1.000000
vt 0.750000 1.000000
vt 0.770833 1.000000
vt 0.791667 1.000000
vt 0.812500 1.000000
vt 0.833333 1.000000
vt 0.854167 1.000000
vt 0.875000 1.000000
vt 0.895833 1.000000
vt 0.916667 1.000000
vt 0.937500 1.000000
vt 0.958333 1.000000
vt 0.979167 1.000000
vt 1.000000 1.000000
f 1851/1851 1900/1900 1852/1852
f 1852/1852 1900/1900 1901/1901
f 1852/1852 1901/1901 1853/1853
f 1853/1853 1901/1901 1902/1902
f 1853/1853 1902/1902 1854/1854
f 1854/1854 1902/1902 1903/1903
f 1854/1854 1903/1903 1855/1855
f 1855/1855 1903/1903 1904/1904
f 1855/1855 1904/1904 1856/1856
f 1856/1856 1904/1904 1905/1905
f 1856/1856 1905/1905 1857/1857
f 1857/1857 1905/1905 1906/1906
f 1857/1857 1906/1906 1858/1858
f 1858/1858 1906/1906 1907/1907
f 1858/1858 1907/1907 1859/1859
f 1859/1859 1907/1907 1908/1908
f 1859/1859 1908/1908 1860/1860
f 1860/1860 1908/1908 1909/1909
f 1860/1860 1909/1909 1861/1861
f 1861/1861 1909/1909 1910/1910
f 1861/1861 1910/1910 1862/1862
f 1862/1862 1910/1910 1911/1911
f 1862/1862 1911/1911 1863/1863
f 1863/1863 1911/1911 1912/1912
f 1863/1863 1912/1912 1864/1864
f 1864/1864 1912/1912 1913/1913
f 1864/1864 1913/1913 1865/1865
f 1865/1865 1913/1913 1914/1914
f 1865/1865 1914/1914 1866/1866
f 1866/1866 1914/1914 1915/1915
f 1866/1866 1915/1915 1867/1867
f 1867/1867 1915/1915 1916/1916
f 1867/1867 1916/1916 1868/1868
f 1868/1868 1916/1916 1917/1917
f 1868/1868 1917/1917 1869/1869
f 1869/1869 1917/1917 1918/1918
f 1869/1869 1918/1918 1870/1870
f 1870/1870 1918/1918 1919/1919
f 1870/1870 1919/1919 1871/1871
f 1871/1871 1919/1919 1920/1920
f 1871/1871 1920/1920 1872/1872
f 1872/1872 1920/1920 1921/1921
f 1872/1872 1921/1921 1873/1873
f 1873/1873 1921/1921 1922/1922
f 1873/1873 1922/1922 1874/1874
f 1874/1874 1922/1922 1923/1923
f 1874/1874 1923/1923 1875/1875
f 1875/1875 1923/1923 1924/1924
f 1875/1875 1924/1924 1876/1876
f 1876/1876 1924/1924 1925/1925
f 1876/1876 1925/1925 1877/1877
f 1877/1877 1925/1925 1926/1926
f 1877/1877 1926/1926 1878/1878
f 1878/1878 1926/1926 1927/1927
f 1878/1878 1927/1927 1879/1879
f 1879/1879 1927/1927 1928/1928
f 1879/1879 1928/1928 1880/1880
f 1880/1880 1928/1928 1929/1929
f 1880/1880 1929/1929 1881/1881
f 1881/1881 1929/1929 1930/1930
f 1881/1881 1930/1930 1882/1882
f 1882/1882 1930/1930 1931/1931
f 1882/1882 1931/1931 1883/1883
f 1883/1883 1931/1931 1932/1932
f 1883/1883 1932/1932 1884/1884
f 1884/1884 1932/1932 1933/1933
f 1884/1884 1933/1933 1885/1885
f 1885/1885 1933/1933 1934/1934
f 1885/1885 1934/1934 1886/1886
f 1886/1886 1934/1934 1935/1935
f 1886/1886 1935/1935 1887/1887
f 1887/1887 1935/1935 1936/1936
f 1887/1887 1936/1936 1888/1888
f 1888/1888 1936/1936 1937/1937
f 1888/1888 1937/1937 1889/1889
f 1889/1889 1937/1937 1938/1938
f 1889/1889 1938/1938 1890/1890
f 1890/1890 1938/1938 1939/1939
f 1890/1890 1939/1939 1891/1891
f 1891/1891 1939/1939 1940/1940
f 1891/1891 1940/1940 1892/1892
f 1892/1892 1940/1940 1941/1941
f 1892/1892 1941/1941 1893/1893
f 1893/1893 1941/1941 1942/1942
f 1893/1893 1942/1942 1894/1894
f 1894/1894 1942/1942 1943/1943
f 1894/1894 1943/1943 1895/1895
f 1895/1895 1943/1943 1944/1944
f 1895/1895 1944/1944 1896/1896
f 1896/1896 1944/1944 1945/1945
f 1896/1896 1945/1945 1897/1897
f 1897/1897 1945/1945 1946/1946
f 1897/1897 1946/1946 1898/1898
f 1898/1898 1946/1946 1947/1947
f 1898/1898 1947/1947 1899/1899
f 1899/1899 1947/1947 1948/1948
f 1900/1900 1949/1949 1901/1901
f 1901/1901 1949/1949 1950/1950
f 1901/1901 1950/1950 1902/1902
f 1902/1902 1950/1950 1951/1951
f 1902/1902 1951/1951 1903/1903
f 1903/1903 1951/1951 1952/1952
f 1903/1903 1952/1952 1904/1904
f 1904/1904 1952/1952 1953/1953
f 1904/1904 1953/1953 1905/1905
f 1905/1905 1953/1953 1954/1954
f 1905/1905 1954/1954 1906/1906
f 1906/1906 1954/1954 1955/1955
f 1906/1906 1955/1955 1907/1907
f 1907/1907 1955/1955 1956/1956
f 1907/1907 1956/1956 1908/1908
f 1908/1908 1956/1956 1957/1957
f 1908/1908 1957/1957 1909/1909
f 1909/1909 1957/1957 1958/1958
f 1909/1909 1958/1958 1910/1910
f 1910/1910 1958/1958 1959/1959
f 1910/1910 1959/1959 1911/1911
f 1911/1911 1959/1959 1960/1960
f 1911/1911 1960/1960 1912/1912
f 1912/1912 1960/1960 1961/1961
f 1912/1912 1961/1961 1913/1913
f 1913/1913 1961/1961 1962/1962
f 1913/1913 1962/1962 1914/1914
f 1914/1914 1962/1962 1963/1963
f 1914/1914 1963/1963 1915/1915
f 1915/1915 1963/1963 1964/1964
f 1915/1915 1964/1964 1916/1916
f 1916/1916 1964/1964 1965/1965
f 1916/1916 1965/1965 1917/1917
f 1917/1917 1965/1965 1966/1966
f 1917/1917 1966/1966 1918/1918
f 1918/1918 1966/1966 1967/1967
f 1918/1918 1967/1967 1919/1919
f 1919/1919 1967/1967 1968/1968
f 1919/1919 1968/1968 1920/1920
f 1920/1920 1968/1968 1969/1969
f 1920/1920 1969/1969 1921/1921
f 1921/1921 1969/1969 1970/1970
f 1921/1921 1970/1970 1922/1922
f 1922/1922 1970/1970 1971/1971
f 1922/1922 1971/1971 1923/1923
f 1923/1923 1971/1971 1972/1972
f 1923/1923 1972/1972 1924/1924
f 1924/1924 1972/1972 1973/1973
f 1924/1924 1973/1973 1925/1925
f 1925/1925 1973/1973 1974/1974
f 1925/1925 1974/1974 1926/1926
f 1926/1926 1974/1974 1975/1975
f 1926/1926 1975/1975 1927/1927
f 1927/1927 1975/1975 1976/1976
f 1927/1927 1976/1976 1928/1928
f 1928/1928 1976/1976 1977/1977
f 1928/1928 1977/1977 1929/1929
f 1929/1929 1977/1977 1978/1978
f 1929/1929 1978/1978 1930/1930
f 1930/1930 1978/1978 1979/1979
f 1930/1930 1979/1979 1931/1931
f 1931/1931 1979/1979 1980/1980
f 1931/1931 1980/1980 1932/1932
f 1932/1932 1980/1980 1981/1981
f 1932/1932 1981/1981 1933/1933
f 1933/1933 1981/1981 1982/1982
f 1933/1933 1982/1982 1934/1934
f 1934/1934 1982/1982 1983/1983
f 1934/1934 1983/1983 1935/1935
f 1935/1935 1983/1983 1984/1984
f 1935/1935 1984/1984 1936/1936
f 1936/1936 1984/1984 1985/1985
f 1936/1936 1985/1985 1937/1937
f 1937/1937 1985/1985 1986/1986
f 1937/1937 1986/1986 1938/1938
f 1938/1938 1986/1986 1987/1987
f 1938/1938 1987/1987 1939/1939
f 1939/1939 1987/1987 1988/1988
f 1939/1939 1988/1988 1940/1940
f 1940/1940 1988/1988 1989/1989
f 1940/1940 1989/1989 1941/1941
f 1941/1941 1989/1989 1990/1990
f 1941/1941 1990/1990 1942/1942
f 1942/1942 1990/1990 1991/1991
f 1942/1942 1991/1991 1943/1943
f 1943/1943 1991/1991 1992/1992
f 1943/1943 1992/1992 1944/1944
f 1944/1944 1992/1992 1993/1993
f 1944/1944 1993/1993 1945/1945
f 1945/1945 1993/1993 1994/1994
f 1945/1945 1994/1994 1946/1946
f 1946/1946 1994/1994 1995/1995
f 1946/1946 1995/1995 1947/1947
f 1947/1947 1995/1995 1996/1996
f 1947/1947 1996/1996 1948/1948
f 1948/1948 1996/1996 1997/1997
f 1949/1949 1998/1998 1950/1950
f 1950/1950 1998/1998 1999/1999
f 1950/1950 1999/1999 1951/1951
f 1951/1951 1999/1999 2000/2000
f 1951/1951 2000/2000 1952/1952
f 1952/1952 2000/2000 2001/2001
f 1952/1952 2001/2001 1953/1953
f 1953/1953 2001/2001 2002/2002
f 1953/1953 2002/2002 1954/1954
f 1954/1954 2002/2002 2003/2003
f 1954/1954 2003/2003 1955/1955
f 1955/1955 2003/2003 2004/2004
f 1955/1955 2004/2004 1956/1956
f 1956/1956 2004/2004 2005/2005
f 1956/1956 2005/2005 1957/1957
f 1957/1957 2005/2005 2006/2006
f 1957/1957 2006/2006 1958/1958
f 1958/1958 2006/2006 2007/2007
f 1958/1958 2007/2007 1959/1959
f 1959/1959 2007/2007 2008/2008
f 1959/1959 2008/2008 1960/1960
f 1960/1960 2008/2008 2009/2009
f 1960/1960 2009/2009 1961/1961
f 1961/1961 2009/2009 2010/2010
f 1961/1961 2010/2010 1962/1962
f 1962/1962 2010/2010 2011/2011
f 1962/1962 2011/2011 1963/1963
f 1963/1963 2011/2011 2012/2012
f 1963/1963 2012/2012 1964/1964
f 1964/1964 2012/2012 2013/2013
f 1964/1964 2013/2013 1965/1965
f 1965/1965 2013/2013 2014/2014
f 1965/1965 2014/2014 1966/1966
f 1966/1966 2014/2014 2015/2015
f 1966/1966 2015/2015 1967/1967
f 1967/1967 2015/2015 2016/2016
f 1967/1967 2016/2016 1968/1968
f 1968/1968 2016/2016 2017/2017
f 1968/1968 2017/2017 1969/1969
f 1969/1969 2017/2017 2018/2018
f 1969/1969 2018/2018 1970/1970
f 1970/1970 2018/2018 2019/2019
f 1970/1970 2019/2019 1971/1971
f 1971/1971 2019/2019 2020/2020
f 1971/1971 2020/2020 1972/1972
f 1972/1972 2020/2020 2021/2021
f 1972/1972 2021/2021 1973/1973
f 1973/1973 2021/2021 2022/2022
f 1973/1973 2022/2022 1974/1974
f 1974/1974 2022/2022 2023/2023
f 1974/1974 2023/2023 1975/1975
f 1975/1975 2023/2023 2024/2024
f 1975/1975 2024/2024 1976/1976
f 1976/1976 2024/2024 2025/2025
f 1976/1976 2025/2025 1977/1977
f 1977/1977 2025/2025 2026/2026
f 1977/1977 2026/2026 1978/1978
f 1978/1978 2026/2026 2027/2027
f 1978/1978 2027/2027 1979/1979
f 1979/1979 2027/2027 2028/2028
f 1979/1979 2028/2028 1980/1980
f 1980/1980 2028/2028 2029/2029
f 1980/1980 2029/2029 1981/1981
f 1981/1981 2029/2029 2030/2030
f 1981/1981 2030/2030 1982/1982
f 1982/1982 2030/2030 2031/2031
f 1982/1982 2031/2031 1983/1983
f 1983/1983 2031/2031 2032/2032
f 1983/1983 2032/2032 1984/1984
f 1984/1984 2032/2032 2033/2033
f 1984/1984 2033/2033 1985/1985
f 1985/1985 2033/2033 2034/2034
f 1985/1985 2034/2034 1986/1986
f 1986/1986 2034/2034 2035/2035
f 1986/1986 2035/2035 1987/1987
f 1987/1987 2035/2035 2036/2036
f 1987/1987 2036/2036 1988/1988
f 1988/1988 2036/2036 2037/2037
f 1988/1988 2037/2037 1989/1989
f 1989/1989 2037/2037 2038/2038
f 1989/1989 2038/2038 1990/1990
f 1990/1990 2038/2038 2039/2039
f 1990/1990 2039/2039 1991/1991
f 1991/1991 2039/2039 2040/2040
f 1991/1991 2040/2040 1992/1992
f 1992/1992 2040/2040 2041/2041
f 1992/1992 2041/2041 1993/1993
f 1993/1993 2041/2041 2042/2042
f 1993/1993 2042/2042 1994/1994
f 1994/1994 2042/2042 2043/2043
f 1994/1994 2043/2043 1995/1995
f 1995/1995 2043/2043 2044/2044
f 1995/1995 2044/2044 1996/1996
f 1996/1996 2044/2044 2045/2045
f 1996/1996 2045/2045 1997/1997
f 1997/1997 2045/2045 2046/2046
f 1998/1998 2047/2047 1999/1999
f 1999/1999 2047/2047 2048/2048
f 1999/1999 2048/2048 2000/2000
f 2000/2000 2048/2048 2049/2049
f 2000/2000 2049/2049 2001/2001
f 2001/2001 2049/2049 2050/2050
f 2001/2001 2050/2050 2002/2002
f 2002/2002 2050/2050 2051/2051
f 2002/2002 2051/2051 2003/2003
f 2003/2003 2051/2051 2052/2052
f 2003/2003 2052/2052 2004/2004
f 2004/2004 2052/2052 2053/2053
f 2004/2004 2053/2053 2005/2005
f 2005/2005 2053/2053 2054/2054
f 2005/2005 2054/2054 2006/2006
f 2006/2006 2054/2054 2055/2055
f 2006/2006 2055/2055 2007/2007
f 2007/2007 2055/2055 2056/2056
f 2007/2007 2056/2056 2008/2008
f 2008/2008 2056/2056 2057/2057
f 2008/2008 2057/2057 2009/2009
f 2009/2009 2057/2057 2058/2058
f 2009/2009 2058/2058 2010/2010
f 2010/2010 2058/2058 2059/2059
f 2010/2010 2059/2059 2011/2011
f 2011/2011 2059/2059 2060/2060
f 2011/2011 2060/2060 2012/2012
f 2012/2012 2060/2060 2061/2061
f 2012/2012 2061/2061 2013/2013
f 2013/2013 2061/2061 2062/2062
f 2013/2013 2062/2062 2014/2014
f 2014/2014 2062/2062 2063/2063
f 2014/2014 2063/2063 2015/2015
f 2015/2015 2063/2063 2064/2064
f 2015/2015 2064/2064 2016/2016
f 2016/2016 2064/2064 2065/2065
f 2016/2016 2065/2065 2017/2017
f 2017/2017 2065/2065 2066/2066
f 2017/2017 2066/2066 2018/2018
f 2018/2018 2066/2066 2067/2067
f 2018/2018 2067/2067 2019/2019
f 2019/2019 2067/2067 2068/2068
f 2019/2019 2068/2068 2020/2020
f 2020/2020 2068/2068 2069/2069
f 2020/2020 2069/2069 2021/2021
f 2021/2021 2069/2069 2070/2070
f 2021/2021 2070/2070 2022/2022
f 2022/2022 2070/2070 2071/2071
f 2022/2022 2071/2071 2023/2023
f 2023/2023 2071/2071 2072/2072
f 2023/2023 2072/2072 2024/2024
f 2024/2024 2072/2072 2073/2073
f 2024/2024 2073/2073 2025/2025
f 2025/2025 2073/2073 2074/2074
f 2025/2025 2074/2074 2026/2026
f 2026/2026 2074/2074 2075/2075
f 2026/2026 2075/2075 2027/2027
f 2027/2027 2075/2075 2076/2076
f 2027/2027 2076/2076 2028/2028
f 2028/2028 2076/2076 2077/2077
f 2028/2028 2077/2077 2029/2029
f 2029/2029 2077/2077 2078/2078
f 2029/2029 2078/2078 2030/2030
f 2030/2030 2078/2078 2079/2079
f 2030/2030 2079/2079 2031/2031
f 2031/2031 2079/2079 2080/2080
f 2031/2031 2080/2080 2032/2032
f 2032/2032 2080/2080 2081/2081
f 2032/2032 2081/2081 2033/2033
f 2033/2033 2081/2081 2082/2082
f 2033/2033 2082/2082 2034/2034
f 2034/2034 2082/2082 2083/2083
f 2034/2034 2083/2083 2035/2035
f 2035/2035 2083/2083 2084/2084
f 2035/2035 2084/2084 2036/2036
f 2036/2036 2084/2084 2085/2085
f 2036/2036 2085/2085 2037/2037
f 2037/2037 2085/2085 2086/2086
f 2037/2037 2086/2086 2038/2038
f 2038/2038 2086/2086 2087/2087
f 2038/2038 2087/2087 2039/2039
f 2039/2039 2087/2087 2088/2088
f 2039/2039 2088/2088 2040/2040
f 2040/2040 2088/2088 2089/2089
f 2040/2040 2089/2089 2041/2041
f 2041/2041 2089/2089 2090/2090
f 2041/2041 2090/2090 2042/2042
f 2042/2042 2090/2090 2091/2091
f 2042/2042 2091/2091 2043/2043
f 2043/2043 2091/2091 2092/2092
f 2043/2043 2092/2092 2044/2044
f 2044/2044 2092/2092 2093/2093
f 2044/2044 2093/2093 2045/2045
f 2045/2045 2093/2093 2094/2094
f 2045/2045 2094/2094 2046/2046
f 2046/2046 2094/2094 2095/2095
f 2047/2047 2096/2096 2048/2048
f 2048/2048 2096/2096 2097/2097
f 2048/2048 2097/2097 2049/2049
f 2049/2049 2097/2097 2098/2098
f 2049/2049 2098/2098 2050/2050
f 2050/2050 2098/2098 2099/2099
f 2050/2050 2099/2099 2051/2051
f 2051/2051 2099/2099 2100/2100
f 2051/2051 2100/2100 2052/2052
f 2052/2052 2100/2100 2101/2101
f 2052/2052 2101/2101 2053/2053
f 2053/2053 2101/2101 2102/2102
f 2053/2053 2102/2102 2054/2054
f 2054/2054 2102/2102 2103/2103
f 2054/2054 2103/2103 2055/2055
f 2055/2055 2103/2103 2104/2104
f 2055/2055 2104/2104 2056/2056
f 2056/2056 2104/2104 2105/2105
f 2056/2056 2105/2105 2057/2057
f 2057/2057 2105/2105 2106/2106
f 2057/2057 2106/2106 2058/2058
f 2058/2058 2106/2106 2107/2107
f 2058/2058 2107/2107 2059/2059
f 2059/2059 2107/2107 2108/2108
f 2059/2059 2108/2108 2060/2060
f 2060/2060 2108/2108 2109/2109
f 2060/2060 2109/2109 2061/2061
f 2061/2061 2109/2109 2110/2110
f 2061/2061 2110/2110 2062/2062
f 2062/2062 2110/2110 2111/2111
f 2062/2062 2111/2111 2063/2063
f 2063/2063 2111/2111 2112/2112
f 2063/2063 2112/2112 2064/2064
f 2064/2064 2112/2112 2113/2113
f 2064/2064 2113/2113 2065/2065
f 2065/2065 2113/2113 2114/2114
f 2065/2065 2114/2114 2066/2066
f 2066/2066 2114/2114 2115/2115
f 2066/2066 2115/2115 2067/2067
f 2067/2067 2115/2115 2116/2116
f 2067/2067 2116/2116 2068/2068
f 2068/2068 2116/2116 2117/2117
f 2068/2068 2117/2117 2069/2069
f 2069/2069 2117/2117 2118/2118
f 2069/2069 2118/2118 2070/2070
f 2070/2070 2118/2118 2119/2119
f 2070/2070 2119/2119 2071/2071
f 2071/2071 2119/2119 2120/2120
f 2071/2071 2120/2120 2072/2072
f 2072/2072 2120/2120 2121/2121
f 2072/2072 2121/2121 2073/2073
f 2073/2073 2121/2121 2122/2122
f 2073/2073 2122/2122 2074/2074
f 2074/2074 2122/2122 2123/2123
f 2074/2074 2123/2123 2075/2075
f 2075/2075 2123/2123 2124/2124
f 2075/2075 2124/2124 2076/2076
f 2076/2076 2124/2124 2125/2125
f 2076/2076 2125/2125 2077/2077
f 2077/2077 2125/2125 2126/2126
f 2077/2077 2126/2126 2078/2078
f 2078/2078 2126/2126 2127/2127
f 2078/2078 2127/2127 2079/2079
f 2079/2079 2127/2127 2128/2128
f 2079/2079 2128/2128 2080/2080
f 2080/2080 2128/2128 2129/2129
f 2080/2080 2129/2129 2081/2081
f 2081/2081 2129/2129 2130/2130
f 2081/2081 2130/2130 2082/2082
f 2082/2082 2130/2130 2131/2131
f 2082/2082 2131/2131 2083/2083
f 2083/2083 2131/2131 2132/2132
f 2083/2083 2132/2132 2084/2084
f 2084/2084 2132/2132 2133/2133
f 2084/2084 2133/2133 2085/2085
f 2085/2085 2133/2133 2134/2134
f 2085/2085 2134/2134 2086/2086
f 2086/2086 2134/2134 2135/2135
f 2086/2086 2135/2135 2087/2087
f 2087/2087 2135/2135 2136/2136
f 2087/2087 2136/2136 2088/2088
f 2088/2088 2136/2136 2137/2137
f 2088/2088 2137/2137 2089/2089
f 2089/2089 2137/2137 2138/2138
f 2089/2089 2138/2138 2090/2090
f 2090/2090 2138/2138 2139/2139
f 2090/2090 2139/2139 2091/2091
f 2091/2091 2139/2139 2140/2140
f 2091/2091 2140/2140 2092/2092
f 2092/2092 2140/2140 2141/2141
f 2092/2092 2141/2141 2093/2093
f 2093/2093 2141/2141 2142/2142
f 2093/2093 2142/2142 2094/2094
f 2094/2094 2142/2142 2143/2143
f 2094/2094 2143/2143 2095/2095
f 2095/2095 2143/2143 2144/2144
f 2096/2096 2145/2145 2097/2097
f 2097/2097 2145/2145 2146/2146
f 2097/2097 2146/2146 2098/2098
f 2098/2098 2146/2146 2147/2147
f 2098/2098 2147/2147 2099/2099
f 2099/2099 2147/2147 2148/2148
f 2099/2099 2148/2148 2100/2100
f 2100/2100 2148/2148 2149/2149
f 2100/2100 2149/2149 2101/2101
f 2101/2101 2149/2149 2150/2150
f 2101/2101 2150/2150 2102/2102
f 2102/2102 2150/2150 2151/2151
f 2102/2102 2151/2151 2103/2103
f 2103/2103 2151/2151 2152/2152
f 2103/2103 2152/2152 2104/2104
f 2104/2104 2152/2152 2153/2153
f 2104/2104 2153/2153 2105/2105
f 2105/2105 2153/2153 2154/2154
f 2105/2105 2154/2154 2106/2106
f 2106/2106 2154/2154 2155/2155
f 2106/2106 2155/2155 2107/2107
f 2107/2107 2155/2155 2156/2156
f 2107/2107 2156/2156 2108/2108
f 2108/2108 2156/2156 2157/2157
f 2108/2108 2157/2157 2109/2109
f 2109/2109 2157/2157 2158/2158
f 2109/2109 2158/2158 2110/2110
f 2110/2110 2158/2158 2159/2159
f 2110/2110 2159/2159 2111/2111
f 2111/2111 2159/2159 2160/2160
f 2111/2111 2160/2160 2112/2112
f 2112/2112 2160/2160 2161/2161
f 2112/2112 2161/2161 2113/2113
f 2113/2113 2161/2161 2162/2162
f 2113/2113 2162/2162 2114/2114
f 2114/2114 2162/2162 2163/2163
f 2114/2114 2163/2163 2115/2115
f 2115/2115 2163/2163 2164/2164
f 2115/2115 2164/2164 2116/2116
f 2116/2116 2164/2164 2165/2165
f 2116/2116 2165/2165 2117/2117
f 2117/2117 2165/2165 2166/2166
f 2117/2117 2166/2166 2118/2118
f 2118/2118 2166/2166 2167/2167
f 2118/2118 2167/2167 2119/2119
f 2119/2119 2167/2167 2168/2168
f 2119/2119 2168/2168 2120/2120
f 2120/2120 2168/2168 2169/2169
f 2120/2120 2169/2169 2121/2121
f 2121/2121 2169/2169 2170/2170
f 2121/2121 2170/2170 2122/2122
f 2122/2122 2170/2170 2171/2171
f 2122/2122 2171/2171 2123/2123
f 2123/2123 2171/2171 2172/2172
f 2123/2123 2172/2172 2124/2124
f 2124/2124 2172/2172 2173/2173
f 2124/2124 2173/2173 2125/2125
f 2125/2125 2173/2173 2174/2174
f 2125/2125 2174/2174 2126/2126
f 2126/2126 2174/2174 2175/2175
f 2126/2126 2175/2175 2127/2127
f 2127/2127 2175/2175 2176/2176
f 2127/2127 2176/2176 2128/2128
f 2128/2128 2176/2176 2177/2177
f 2128/2128 2177/2177 2129/2129
f 2129/2129 2177/2177 2178/2178
f 2129/2129 2178/2178 2130/2130
f 2130/2130 2178/2178 2179/2179
f 2130/2130 2179/2179 2131/2131
f 2131/2131 2179/2179 2180/2180
f 2131/2131 2180/2180 2132/2132
f 2132/2132 2180/2180 2181/2181
f 2132/2132 2181/2181 2133/2133
f 2133/2133 2181/2181 2182/2182
f 2133/2133 2182/2182 2134/2134
f 2134/2134 2182/2182 2183/2183
f 2134/2134 2183/2183 2135/2135
f 2135/2135 2183/2183 2184/2184
f 2135/2135 2184/2184 2136/2136
f 2136/2136 2184/2184 2185/2185
f 2136/2136 2185/2185 2137/2137
f 2137/2137 2185/2185 2186/2186
f 2137/2137 2186/2186 2138/2138
f 2138/2138 2186/2186 2187/2187
f 2138/2138 2187/2187 2139/2139
f 2139/2139 2187/2187 2188/2188
f 2139/2139 2188/2188 2140/2140
f 2140/2140 2188/2188 2189/2189
f 2140/2140 2189/2189 2141/2141
f 2141/2141 2189/2189 2190/2190
f 2141/2141 2190/2190 2142/2142
f 2142/2142 2190/2190 2191/2191
f 2142/2142 2191/2191 2143/2143
f 2143/2143 2191/2191 2192/2192
f 2143/2143 2192/2192 2144/2144
f 2144/2144 2192/2192 2193/2193
f 2145/2145 2194/2194 2146/2146
f 2146/2146 2194/2194 2195/2195
f 2146/2146 2195/2195 2147/2147
f 2147/2147 2195/2195 2196/2196
f 2147/2147 2196/2196 2148/2148
f 2148/2148 2196/2196 2197/2197
f 2148/2148 2197/2197 2149/2149
f 2149/2149 2197/2197 2198/2198
f 2149/2149 2198/2198 2150/2150
f 2150/2150 2198/2198 2199/2199
f 2150/2150 2199/2199 2151/2151
f 2151/2151 2199/2199 2200/2200
f 2151/2151 2200/2200 2152/2152
f 2152/2152 2200/2200 2201/2201
f 2152/2152 2201/2201 2153/2153
f 2153/2153 2201/2201 2202/2202
f 2153/2153 2202/2202 2154/2154
f 2154/2154 2202/2202 2203/2203
f 2154/2154 2203/2203 2155/2155
f 2155/2155 2203/2203 2204/2204
f 2155/2155 2204/2204 2156/2156
f 2156/2156 2204/2204 2205/2205
f 2156/2156 2205/2205 2157/2157
f 2157/2157 2205/2205 2206/2206
f 2157/2157 2206/2206 2158/2158
f 2158/2158 2206/2206 2207/2207
f 2158/2158 2207/2207 2159/2159
f 2159/2159 2207/2207 2208/2208
f 2159/2159 2208/2208 2160/2160
f 2160/2160 2208/2208 2209/2209
f 2160/2160 2209/2209 2161/2161
f 2161/2161 2209/2209 2210/2210
f 2161/2161 2210/2210 2162/2162
f 2162/2162 2210/2210 2211/2211
f 2162/2162 2211/2211 2163/2163
f 2163/2163 2211/2211 2212/2212
f 2163/2163 2212/2212 2164/2164
f 2164/2164 2212/2212 2213/2213
f 2164/2164 2213/2213 2165/2165
f 2165/2165 2213/2213 2214/2214
f 2165/2165 2214/2214 2166/2166
f 2166/2166 2214/2214 2215/2215
f 2166/2166 2215/2215 2167/2167
f 2167/2167 2215/2215 2216/2216
f 2167/2167 2216/2216 2168/2168
f 2168/2168 2216/2216 2217/2217
f 2168/2168 2217/2217 2169/2169
f 2169/2169 2217/2217 2218/2218
f 2169/2169 2218/2218 2170/2170
f 2170/2170 2218/2218 2219/2219
f 2170/2170 2219/2219 2171/2171
f 2171/2171 2219/2219 2220/2220
f 2171/2171 2220/2220 2172/2172
f 2172/2172 2220/2220 2221/2221
f 2172/2172 2221/2221 2173/2173
f 2173/2173 2221/2221 2222/2222
f 2173/2173 2222/2222 2174/2174
f 2174/2174 2222/2222 2223/2223
f 2174/2174 2223/2223 2175/2175
f 2175/2175 2223/2223 2224/2224
f 2175/2175 2224/2224 2176/2176
f 2176/2176 2224/2224 2225/2225
f 2176/2176 2225/2225 2177/2177
f 2177/2177 2225/2225 2226/2226
f 2177/2177 2226/2226 2178/2178
f 2178/2178 2226/2226 2227/2227
f 2178/2178 2227/2227 2179/2179
f 2179/2179 2227/2227 2228/2228
f 2179/2179 2228/2228 2180/2180
f 2180/2180 2228/2228 2229/2229
f 2180/2180 2229/2229 2181/2181
f 2181/2181 2229/2229 2230/2230
f 2181/2181 2230/2230 2182/2182
f 2182/2182 2230/2230 2231/2231
f 2182/2182 2231/2231 2183/2183
f 2183/2183 2231/2231 2232/2232
f 2183/2183 2232/2232 2184/2184
f 2184/2184 2232/2232 2233/2233
f 2184/2184 2233/2233 2185/2185
f 2185/2185 2233/2233 2234/2234
f 2185/2185 2234/2234 2186/2186
f 2186/2186 2234/2234 2235/2235
f 2186/2186 2235/2235 2187/2187
f 2187/2187 2235/2235 2236/2236
f 2187/2187 2236/2236 2188/2188
f 2188/2188 2236/2236 2237/2237
f 2188/2188 2237/2237 2189/2189
f 2189/2189 2237/2237 2238/2238
f 2189/2189 2238/2238 2190/2190
f 2190/2190 2238/2238 2239/2239
f 2190/2190 2239/2239 2191/2191
f 2191/2191 2239/2239 2240/2240
f 2191/2191 2240/2240 2192/2192
f 2192/2192 2240/2240 2241/2241
f 2192/2192 2241/2241 2193/2193
f 2193/2193 2241/2241 2242/2242
f 2194/2194 2243/2243 2195/2195
f 2195/2195 2243/2243 2244/2244
f 2195/2195 2244/2244 2196/2196
f 2196/2196 2244/2244 2245/2245
f 2196/2196 2245/2245 2197/2197
f 2197/2197 2245/2245 2246/2246
f 2197/2197 2246/2246 2198/2198
f 2198/2198 2246/2246 2247/2247
f 2198/2198 2247/2247 2199/2199
f 2199/2199 2247/2247 2248/2248
f 2199/2199 2248/2248 2200/2200
f 2200/2200 2248/2248 2249/2249
f 2200/2200 2249/2249 2201/2201
f 2201/2201 2249/2249 2250/2250
f 2201/2201 2250/2250 2202/2202
f 2202/2202 2250/2250 2251/2251
f 2202/2202 2251/2251 2203/2203
f 2203/2203 2251/2251 2252/2252
f 2203/2203 2252/2252 2204/2204
f 2204/2204 2252/2252 2253/2253
f 2204/2204 2253/2253 2205/2205
f 2205/2205 2253/2253 2254/2254
f 2205/2205 2254/2254 2206/2206
f 2206/2206 2254/2254 2255/2255
f 2206/2206 2255/2255 2207/2207
f 2207/2207 2255/2255 2256/2256
f 2207/2207 2256/2256 2208/2208
f 2208/2208 2256/2256 2257/2257
f 2208/2208 2257/2257 2209/2209
f 2209/2209 2257/2257 2258/2258
f 2209/2209 2258/2258 2210/2210
f 2210/2210 2258/2258 2259/2259
f 2210/2210 2259/2259 2211/2211
f 2211/2211 2259/2259 2260/2260
f 2211/2211 2260/2260 2212/2212
f 2212/2212 2260/2260 2261/2261
f 2212/2212 2261/2261 2213/2213
f 2213/2213 2261/2261 2262/2262
f 2213/2213 2262/2262 2214/2214
f 2214/2214 2262/2262 2263/2263
f 2214/2214 2263/2263 2215/2215
f 2215/2215 2263/2263 2264/2264
f 2215/2215 2264/2264 2216/2216
f 2216/2216 2264/2264 2265/2265
f 2216/2216 2265/2265 2217/2217
f 2217/2217 2265/2265 2266/2266
f 2217/2217 2266/2266 2218/2218
f 2218/2218 2266/2266 2267/2267
f 2218/2218 2267/2267 2219/2219
f 2219/2219 2267/2267 2268/2268
f 2219/2219 2268/2268 2220/2220
f 2220/2220 2268/2268 2269/2269
f 2220/2220 2269/2269 2221/2221
f 2221/2221 2269/2269 2270/2270
f 2221/2221 2270/2270 2222/2222
f 2222/2222 2270/2270 2271/2271
f 2222/2222 2271/2271 2223/2223
f 2223/2223 2271/2271 2272/2272
f 2223/2223 2272/2272 2224/2224
f 2224/2224 2272/2272 2273/2273
f 2224/2224 2273/2273 2225/2225
f 2225/2225 2273/2273 2274/2274
f 2225/2225 2274/2274 2226/2226
f 2226/2226 2274/2274 2275/2275
f 2226/2226 2275/2275 2227/2227
f 2227/2227 2275/2275 2276/2276
f 2227/2227 2276/2276 2228/2228
f 2228/2228 2276/2276 2277/2277
f 2228/2228 2277/2277 2229/2229
f 2229/2229 2277/2277 2278/2278
f 2229/2229 2278/2278 2230/2230
f 2230/2230 2278/2278 2279/2279
f 2230/2230 2279/2279 2231/2231
f 2231/2231 2279/2279 2280/2280
f 2231/2231 2280/2280 2232/2232
f 2232/2232 2280/2280 2281/2281
f 2232/2232 2281/2281 2233/2233
f 2233/2233 2281/2281 2282/2282
f 2233/2233 2282/2282 2234/2234
f 2234/2234 2282/2282 2283/2283
f 2234/2234 2283/2283 2235/2235
f 2235/2235 2283/2283 2284/2284
f 2235/2235 2284/2284 2236/2236
f 2236/2236 2284/2284 2285/2285
f 2236/2236 2285/2285 2237/2237
f 2237/2237 2285/2285 2286/2286
f 2237/2237 2286/2286 2238/2238
f 2238/2238 2286/2286 2287/2287
f 2238/2238 2287/2287 2239/2239
f 2239/2239 2287/2287 2288/2288
f 2239/2239 2288/2288 2240/2240
f 2240/2240 2288/2288 2289/2289
f 2240/2240 2289/2289 2241/2241
f 2241/2241 2289/2289 2290/2290
f 2241/2241 2290/2290 2242/2242
f 2242/2242 2290/2290 2291/2291
f 2243/2243 2292/2292 2244/2244
f 2244/2244 2292/2292 2293/2293
f 2244/2244 2293/2293 2245/2245
f 2245/2245 2293/2293 2294/2294
f 2245/2245 2294/2294 2246/2246
f 2246/2246 2294/2294 2295/2295
f 2246/2246 2295/2295 2247/2247
f 2247/2247 2295/2295 2296/2296
f 2247/2247 2296/2296 2248/2248
f 2248/2248 2296/2296 2297/2297
f 2248/2248 2297/2297 2249/2249
f 2249/2249 2297/2297 2298/2298
f 2249/2249 2298/2298 2250/2250
f 2250/2250 2298/2298 2299/2299
f 2250/2250 2299/2299 2251/2251
f 2251/2251 2299/2299 2300/2300
f 2251/2251 2300/2300 2252/2252
f 2252/2252 2300/2300 2301/2301
f 2252/2252 2301/2301 2253/2253
f 2253/2253 2301/2301 2302/2302
f 2253/2253 2302/2302 2254/2254
f 2254/2254 2302/2302 2303/2303
f 2254/2254 2303/2303 2255/2255
f 2255/2255 2303/2303 2304/2304
f 2255/2255 2304/2304 2256/2256
f 2256/2256 2304/2304 2305/2305
f 2256/2256 2305/2305 2257/2257
f 2257/2257 2305/2305 2306/2306
f 2257/2257 2306/2306 2258/2258
f 2258/2258 2306/2306 2307/2307
f 2258/2258 2307/2307 2259/2259
f 2259/2259 2307/2307 2308/2308
f 2259/2259 2308/2308 2260/2260
f 2260/2260 2308/2308 2309/2309
f 2260/2260 2309/2309 2261/2261
f 2261/2261 2309/2309 2310/2310
f 2261/2261 2310/2310 2262/2262
f 2262/2262 2310/2310 2311/2311
f 2262/2262 2311/2311 2263/2263
f 2263/2263 2311/2311 2312/2312
f 2263/2263 2312/2312 2264/2264
f 2264/2264 2312/2312 2313/2313
f 2264/2264 2313/2313 2265/2265
f 2265/2265 2313/2313 2314/2314
f 2265/2265 2314/2314 2266/2266
f 2266/2266 2314/2314 2315/2315
f 2266/2266 2315/2315 2267/2267
f 2267/2267 2315/2315 2316/2316
f 2267/2267 2316/2316 2268/2268
f 2268/2268 2316/2316 2317/2317
f 2268/2268 2317/2317 2269/2269
f 2269/2269 2317/2317 2318/2318
f 2269/2269 2318/2318 2270/2270
f 2270/2270 2318/2318 2319/2319
f 2270/2270 2319/2319 2271/2271
f 2271/2271 2319/2319 2320/2320
f 2271/2271 2320/2320 2272/2272
f 2272/2272 2320/2320 2321/2321
f 2272/2272 2321/2321 2273/2273
f 2273/2273 2321/2321 2322/2322
f 2273/2273 2322/2322 2274/2274
f 2274/2274 2322/2322 2323/2323
f 2274/2274 2323/2323 2275/2275
f 2275/2275 2323/2323 2324/2324
f 2275/2275 2324/2324 2276/2276
f 2276/2276 2324/2324 2325/2325
f 2276/2276 2325/2325 2277/2277
f 2277/2277 2325/2325 2326/2326
f 2277/2277 2326/2326 2278/2278
f 2278/2278 2326/2326 2327/2327
f 2278/2278 2327/2327 2279/2279
f 2279/2279 2327/2327 2328/2328
f 2279/2279 2328/2328 2280/2280
f 2280/2280 2328/2328 2329/2329
f 2280/2280 2329/2329 2281/2281
f 2281/2281 2329/2329 2330/2330
f 2281/2281 2330/2330 2282/2282
f 2282/2282 2330/2330 2331/2331
f 2282/2282 2331/2331 2283/2283
f 2283/2283 2331/2331 2332/2332
f 2283/2283 2332/2332 2284/2284
f 2284/2284 2332/2332 2333/2333
f 2284/2284 2333/2333 2285/2285
f 2285/2285 2333/2333 2334/2334
f 2285/2285 2334/2334 2286/2286
f 2286/2286 2334/2334 2335/2335
f 2286/2286 2335/2335 2287/2287
f 2287/2287 2335/2335 2336/2336
f 2287/2287 2336/2336 2288/2288
f 2288/2288 2336/2336 2337/2337
f 2288/2288 2337/2337 2289/2289
f 2289/2289 2337/2337 2338/2338
f 2289/2289 2338/2338 2290/2290
f 2290/2290 2338/2338 2339/2339
f 2290/2290 2339/2339 2291/2291
f 2291/2291 2339/2339 2340/2340
f 2292/2292 2341/2341 2293/2293
f 2293/2293 2341/2341 2342/2342
f 2293/2293 2342/2342 2294/2294
f 2294/2294 2342/2342 2343/2343
f 2294/2294 2343/2343 2295/2295
f 2295/2295 2343/2343 2344/2344
f 2295/2295 2344/2344 2296/2296
f 2296/2296 2344/2344 2345/2345
f 2296/2296 2345/2345 2297/2297
f 2297/2297 2345/2345 2346/2346
f 2297/2297 2346/2346 2298/2298
f 2298/2298 2346/2346 2347/2347
f 2298/2298 2347/2347 2299/2299
f 2299/2299 2347/2347 2348/2348
f 2299/2299 2348/2348 2300/2300
f 2300/2300 2348/2348 2349/2349
f 2300/2300 2349/2349 2301/2301
f 2301/2301 2349/2349 2350/2350
f 2301/2301 2350/2350 2302/2302
f 2302/2302 2350/2350 2351/2351
f 2302/2302 2351/2351 2303/2303
f 2303/2303 2351/2351 2352/2352
f 2303/2303 2352/2352 2304/2304
f 2304/2304 2352/2352 2353/2353
f 2304/2304 2353/2353 2305/2305
f 2305/2305 2353/2353 2354/2354
f 2305/2305 2354/2354 2306/2306
f 2306/2306 2354/2354 2355/2355
f 2306/2306 2355/2355 2307/2307
f 2307/2307 2355/2355 2356/2356
f 2307/2307 2356/2356 2308/2308
f 2308/2308 2356/2356 2357/2357
f 2308/2308 2357/2357 2309/2309
f 2309/2309 2357/2357 2358/2358
f 2309/2309 2358/2358 2310/2310
f 2310/2310 2358/2358 2359/2359
f 2310/2310 2359/2359 2311/2311
f 2311/2311 2359/2359 2360/2360
f 2311/2311 2360/2360 2312/2312
f 2312/2312 2360/2360 2361/2361
f 2312/2312 2361/2361 2313/2313
f 2313/2313 2361/2361 2362/2362
f 2313/2313 2362/2362 2314/2314
f 2314/2314 2362/2362 2363/2363
f 2314/2314 2363/2363 2315/2315
f 2315/2315 2363/2363 2364/2364
f 2315/2315 2364/2364 2316/2316
f 2316/2316 2364/2364 2365/2365
f 2316/2316 2365/2365 2317/2317
f 2317/2317 2365/2365 2366/2366
f 2317/2317 2366/2366 2318/2318
f 2318/2318 2366/2366 2367/2367
f 2318/2318 2367/2367 2319/2319
f 2319/2319 2367/2367 2368/2368
f 2319/2319 2368/2368 2320/2320
f 2320/2320 2368/2368 2369/2369
f 2320/2320 2369/2369 2321/2321
f 2321/2321 2369/2369 2370/2370
f 2321/2321 2370/2370 2322/2322
f 2322/2322 2370/2370 2371/2371
f 2322/2322 2371/2371 2323/2323
f 2323/2323 2371/2371 2372/2372
f 2323/2323 2372/2372 2324/2324
f 2324/2324 2372/2372 2373/2373
f 2324/2324 2373/2373 2325/2325
f 2325/2325 2373/2373 2374/2374
f 2325/2325 2374/2374 2326/2326
f 2326/2326 2374/2374 2375/2375
f 2326/2326 2375/2375 2327/2327
f 2327/2327 2375/2375 2376/2376
f 2327/2327 2376/2376 2328/2328
f 2328/2328 2376/2376 2377/2377
f 2328/2328 2377/2377 2329/2329
f 2329/2329 2377/2377 2378/2378
f 2329/2329 2378/2378 2330/2330
f 2330/2330 2378/2378 2379/2379
f 2330/2330 2379/2379 2331/2331
f 2331/2331 2379/2379 2380/2380
f 2331/2331 2380/2380 2332/2332
f 2332/2332 2380/2380 2381/2381
f 2332/2332 2381/2381 2333/2333
f 2333/2333 2381/2381 2382/2382
f 2333/2333 2382/2382 2334/2334
f 2334/2334 2382/2382 2383/2383
f 2334/2334 2383/2383 2335/2335
f 2335/2335 2383/2383 2384/2384
f 2335/2335 2384/2384 2336/2336
f 2336/2336 2384/2384 2385/2385
f 2336/2336 2385/2385 2337/2337
f 2337/2337 2385/2385 2386/2386
f 2337/2337 2386/2386 2338/2338
f 2338/2338 2386/2386 2387/2387
f 2338/2338 2387/2387 2339/2339
f 2339/2339 2387/2387 2388/2388
f 2339/2339 2388/2388 2340/2340
f 2340/2340 2388/2388 2389/2389
f 2341/2341 2390/2390 2342/2342
f 2342/2342 2390/2390 2391/2391
f 2342/2342 2391/2391 2343/2343
f 2343/2343 2391/2391 2392/2392
f 2343/2343 2392/2392 2344/2344
f 2344/2344 2392/2392 2393/2393
f 2344/2344 2393/2393 2345/2345
f 2345/2345 2393/2393 2394/2394
f 2345/2345 2394/2394 2346/2346
f 2346/2346 2394/2394 2395/2395
f 2346/2346 2395/2395 2347/2347
f 2347/2347 2395/2395 2396/2396
f 2347/2347 2396/2396 2348/2348
f 2348/2348 2396/2396 2397/2397
f 2348/2348 2397/2397 2349/2349
f 2349/2349 2397/2397 2398/2398
f 2349/2349 2398/2398 2350/2350
f 2350/2350 2398/2398 2399/2399
f 2350/2350 2399/2399 2351/2351
f 2351/2351 2399/2399 2400/2400
f 2351/2351 2400/2400 2352/2352
f 2352/2352 2400/2400 2401/2401
f 2352/2352 2401/2401 2353/2353
f 2353/2353 2401/2401 2402/2402
f 2353/2353 2402/2402 2354/2354
f 2354/2354 2402/2402 2403/2403
f 2354/2354 2403/2403 2355/2355
f 2355/2355 2403/2403 2404/2404
f 2355/2355 2404/2404 2356/2356
f 2356/2356 2404/2404 2405/2405
f 2356/2356 2405/2405 2357/2357
f 2357/2357 2405/2405 2406/2406
f 2357/2357 2406/2406 2358/2358
f 2358/2358 2406/2406 2407/2407
f 2358/2358 2407/2407 2359/2359
f 2359/2359 2407/2407 2408/2408
f 2359/2359 2408/2408 2360/2360
f 2360/2360 2408/2408 2409/2409
f 2360/2360 2409/2409 2361/2361
f 2361/2361 2409/2409 2410/2410
f 2361/2361 2410/2410 2362/2362
f 2362/2362 2410/2410 2411/2411
f 2362/2362 2411/2411 2363/2363
f 2363/2363 2411/2411 2412/2412
f 2363/2363 2412/2412 2364/2364
f 2364/2364 2412/2412 2413/2413
f 2364/2364 2413/2413 2365/2365
f 2365/2365 2413/2413 2414/2414
f 2365/2365 2414/2414 2366/2366
f 2366/2366 2414/2414 2415/2415
f 2366/2366 2415/2415 2367/2367
f 2367/2367 2415/2415 2416/2416
f 2367/2367 2416/2416 2368/2368
f 2368/2368 2416/2416 2417/2417
f 2368/2368 2417/2417 2369/2369
f 2369/2369 2417/2417 2418/2418
f 2369/2369 2418/2418 2370/2370
f 2370/2370 2418/2418 2419/2419
f 2370/2370 2419/2419 2371/2371
f 2371/2371 2419/2419 2420/2420
f 2371/2371 2420/2420 2372/2372
f 2372/2372 2420/2420 2421/2421
f 2372/2372 2421/2421 2373/2373
f 2373/2373 2421/2421 2422/2422
f 2373/2373 2422/2422 2374/2374
f 2374/2374 2422/2422 2423/2423
f 2374/2374 2423/2423 2375/2375
f 2375/2375 2423/2423 2424/2424
f 2375/2375 2424/2424 2376/2376
f 2376/2376 2424/2424 2425/2425
f 2376/2376 2425/2425 2377/2377
f 2377/2377 2425/2425 2426/2426
f 2377/2377 2426/2426 2378/2378
f 2378/2378 2426/2426 2427/2427
f 2378/2378 2427/2427 2379/2379
f 2379/2379 2427/2427 2428/2428
f 2379/2379 2428/2428 2380/2380
f 2380/2380 2428/2428 2429/2429
f 2380/2380 2429/2429 2381/2381
f 2381/2381 2429/2429 2430/2430
f 2381/2381 2430/2430 2382/2382
f 2382/2382 2430/2430 2431/2431
f 2382/2382 2431/2431 2383/2383
f 2383/2383 2431/2431 2432/2432
f 2383/2383 2432/2432 2384/2384
f 2384/2384 2432/2432 2433/2433
f 2384/2384 2433/2433 2385/2385
f 2385/2385 2433/2433 2434/2434
f 2385/2385 2434/2434 2386/2386
f 2386/2386 2434/2434 2435/2435
f 2386/2386 2435/2435 2387/2387
f 2387/2387 2435/2435 2436/2436
f 2387/2387 2436/2436 2388/2388
f 2388/2388 2436/2436 2437/2437
f 2388/2388 2437/2437 2389/2389
f 2389/2389 2437/2437 2438/2438
f 2390/2390 2439/2439 2391/2391
f 2391/2391 2439/2439 2440/2440
f 2391/2391 2440/2440 2392/2392
f 2392/2392 2440/2440 2441/2441
f 2392/2392 2441/2441 2393/2393
f 2393/2393 2441/2441 2442/2442
f 2393/2393 2442/2442 2394/2394
f 2394/2394 2442/2442 2443/2443
f 2394/2394 2443/2443 2395/2395
f 2395/2395 2443/2443 2444/2444
f 2395/2395 2444/2444 2396/2396
f 2396/2396 2444/2444 2445/2445
f 2396/2396 2445/2445 2397/2397
f 2397/2397 2445/2445 2446/2446
f 2397/2397 2446/2446 2398/2398
f 2398/2398 2446/2446 2447/2447
f 2398/2398 2447/2447 2399/2399
f 2399/2399 2447/2447 2448/2448
f 2399/2399 2448/2448 2400/2400
f 2400/2400 2448/2448 2449/2449
f 2400/2400 2449/2449 2401/2401
f 2401/2401 2449/2449 2450/2450
f 2401/2401 2450/2450 2402/2402
f 2402/2402 2450/2450 2451/2451
f 2402/2402 2451/2451 2403/2403
f 2403/2403 2451/2451 2452/2452
f 2403/2403 2452/2452 2404/2404
f 2404/2404 2452/2452 2453/2453
f 2404/2404 2453/2453 2405/2405
f 2405/2405 2453/2453 2454/2454
f 2405/2405 2454/2454 2406/2406
f 2406/2406 2454/2454 2455/2455
f 2406/2406 2455/2455 2407/2407
f 2407/2407 2455/2455 2456/2456
f 2407/2407 2456/2456 2408/2408
f 2408/2408 2456/2456 2457/2457
f 2408/2408 2457/2457 2409/2409
f 2409/2409 2457/2457 2458/2458
f 2409/2409 2458/2458 2410/2410
f 2410/2410 2458/2458 2459/2459
f 2410/2410 2459/2459 2411/2411
f 2411/2411 2459/2459 2460/2460
f 2411/2411 2460/2460 2412/2412
f 2412/2412 2460/2460 2461/2461
f 2412/2412 2461/2461 2413/2413
f 2413/2413 2461/2461 2462/2462
f 2413/2413 2462/2462 2414/2414
f 2414/2414 2462/2462 2463/2463
f 2414/2414 2463/2463 2415/2415
f 2415/2415 2463/2463 2464/2464
f 2415/2415 2464/2464 2416/2416
f 2416/2416 2464/2464 2465/2465
f 2416/2416 2465/2465 2417/2417
f 2417/2417 2465/2465 2466/2466
f 2417/2417 2466/2466 2418/2418
f 2418/2418 2466/2466 2467/2467
f 2418/2418 2467/2467 2419/2419
f 2419/2419 2467/2467 2468/2468
f 2419/2419 2468/2468 2420/2420
f 2420/2420 2468/2468 2469/2469
f 2420/2420 2469/2469 2421/2421
f 2421/2421 2469/2469 2470/2470
f 2421/2421 2470/2470 2422/2422
f 2422/2422 2470/2470 2471/2471
f 2422/2422 2471/2471 2423/2423
f 2423/2423 2471/2471 2472/2472
f 2423/2423 2472/2472 2424/2424
f 2424/2424 2472/2472 2473/2473
f 2424/2424 2473/2473 2425/2425
f 2425/2425 2473/2473 2474/2474
f 2425/2425 2474/2474 2426/2426
f 2426/2426 2474/2474 2475/2475
f 2426/2426 2475/2475 2427/2427
f 2427/2427 2475/2475 2476/2476
f 2427/2427 2476/2476 2428/2428
f 2428/2428 2476/2476 2477/2477
f 2428/2428 2477/2477 2429/2429
f 2429/2429 2477/2477 2478/2478
f 2429/2429 2478/2478 2430/2430
f 2430/2430 2478/2478 2479/2479
f 2430/2430 2479/2479 2431/2431
f 2431/2431 2479/2479 2480/2480
f 2431/2431 2480/2480 2432/2432
f 2432/2432 2480/2480 2481/2481
f 2432/2432 2481/2481 2433/2433
f 2433/2433 2481/2481 2482/2482
f 2433/2433 2482/2482 2434/2434
f 2434/2434 2482/2482 2483/2483
f 2434/2434 2483/2483 2435/2435
f 2435/2435 2483/2483 2484/2484
f 2435/2435 2484/2484 2436/2436
f 2436/2436 2484/2484 2485/2485
f 2436/2436 2485/2485 2437/2437
f 2437/2437 2485/2485 2486/2486
f 2437/2437 2486/2486 2438/2438
f 2438/2438 2486/2486 2487/2487
f 2439/2439 2488/2488 2440/2440
f 2440/2440 2488/2488 2489/2489
f 2440/2440 2489/2489 2441/2441
f 2441/2441 2489/2489 2490/2490
f 2441/2441 2490/2490 2442/2442
f 2442/2442 2490/2490 2491/2491
f 2442/2442 2491/2491 2443/2443
f 2443/2443 2491/2491 2492/2492
f 2443/2443 2492/2492 2444/2444
f 2444/2444 2492/2492 2493/2493
f 2444/2444 2493/2493 2445/2445
f 2445/2445 2493/2493 2494/2494
f 2445/2445 2494/2494 2446/2446
f 2446/2446 2494/2494 2495/2495
f 2446/2446 2495/2495 2447/2447
f 2447/2447 2495/2495 2496/2496
f 2447/2447 2496/2496 2448/2448
f 2448/2448 2496/2496 2497/2497
f 2448/2448 2497/2497 2449/2449
f 2449/2449 2497/2497 2498/2498
f 2449/2449 2498/2498 2450/2450
f 2450/2450 2498/2498 2499/2499
f 2450/2450 2499/2499 2451/2451
f 2451/2451 2499/2499 2500/2500
f 2451/2451 2500/2500 2452/2452
f 2452/2452 2500/2500 2501/2501
f 2452/2452 2501/2501 2453/2453
f 2453/2453 2501/2501 2502/2502
f 2453/2453 2502/2502 2454/2454
f 2454/2454 2502/2502 2503/2503
f 2454/2454 2503/2503 2455/2455
f 2455/2455 2503/2503 2504/2504
f 2455/2455 2504/2504 2456/2456
f 2456/2456 2504/2504 2505/2505
f 2456/2456 2505/2505 2457/2457
f 2457/2457 2505/2505 2506/2506
f 2457/2457 2506/2506 2458/2458
f 2458/2458 2506/2506 2507/2507
f 2458/2458 2507/2507 2459/2459
f 2459/2459 2507/2507 2508/2508
f 2459/2459 2508/2508 2460/2460
f 2460/2460 2508/2508 2509/2509
f 2460/2460 2509/2509 2461/2461
f 2461/2461 2509/2509 2510/2510
f 2461/2461 2510/2510 2462/2462
f 2462/2462 2510/2510 2511/2511
f 2462/2462 2511/2511 2463/2463
f 2463/2463 2511/2511 2512/2512
f 2463/2463 2512/2512 2464/2464
f 2464/2464 2512/2512 2513/2513
f 2464/2464 2513/2513 2465/2465
f 2465/2465 2513/2513 2514/2514
f 2465/2465 2514/2514 2466/2466
f 2466/2466 2514/2514 2515/2515
f 2466/2466 2515/2515 2467/2467
f 2467/2467 2515/2515 2516/2516
f 2467/2467 2516/2516 2468/2468
f 2468/2468 2516/2516 2517/2517
f 2468/2468 2517/2517 2469/2469
f 2469/2469 2517/2517 2518/2518
f 2469/2469 2518/2518 2470/2470
f 2470/2470 2518/2518 2519/2519
f 2470/2470 2519/2519 2471/2471
f 2471/2471 2519/2519 2520/2520
f 2471/2471 2520/2520 2472/2472
f 2472/2472 2520/2520 2521/2521
f 2472/2472 2521/2521 2473/2473
f 2473/2473 2521/2521 2522/2522
f 2473/2473 2522/2522 2474/2474
f 2474/2474 2522/2522 2523/2523
f 2474/2474 2523/2523 2475/2475
f 2475/2475 2523/2523 2524/2524
f 2475/2475 2524/2524 2476/2476
f 2476/2476 2524/2524 2525/2525
f 2476/2476 2525/2525 2477/2477
f 2477/2477 2525/2525 2526/2526
f 2477/2477 2526/2526 2478/2478
f 2478/2478 2526/2526 2527/2527
f 2478/2478 2527/2527 2479/2479
f 2479/2479 2527/2527 2528/2528
f 2479/2479 2528/2528 2480/2480
f 2480/2480 2528/2528 2529/2529
f 2480/2480 2529/2529 2481/2481
f 2481/2481 2529/2529 2530/2530
f 2481/2481 2530/2530 2482/2482
f 2482/2482 2530/2530 2531/2531
f 2482/2482 2531/2531 2483/2483
f 2483/2483 2531/2531 2532/2532
f 2483/2483 2532/2532 2484/2484
f 2484/2484 2532/2532 2533/2533
f 2484/2484 2533/2533 2485/2485
f 2485/2485 2533/2533 2534/2534
f 2485/2485 2534/2534 2486/2486
f 2486/2486 2534/2534 2535/2535
f 2486/2486 2535/2535 2487/2487
f 2487/2487 2535/2535 2536/2536
f 2488/2488 2537/2537 2489/2489
f 2489/2489 2537/2537 2538/2538
f 2489/2489 2538/2538 2490/2490
f 2490/2490 2538/2538 2539/2539
f 2490/2490 2539/2539 2491/2491
f 2491/2491 2539/2539 2540/2540
f 2491/2491 2540/2540 2492/2492
f 2492/2492 2540/2540 2541/2541
f 2492/2492 2541/2541 2493/2493
f 2493/2493 2541/2541 2542/2542
f 2493/2493 2542/2542 2494/2494
f 2494/2494 2542/2542 2543/2543
f 2494/2494 2543/2543 2495/2495
f 2495/2495 2543/2543 2544/2544
f 2495/2495 2544/2544 2496/2496
f 2496/2496 2544/2544 2545/2545
f 2496/2496 2545/2545 2497/2497
f 2497/2497 2545/2545 2546/2546
f 2497/2497 2546/2546 2498/2498
f 2498/2498 2546/2546 2547/2547
f 2498/2498 2547/2547 2499/2499
f 2499/2499 2547/2547 2548/2548
f 2499/2499 2548/2548 2500/2500
f 2500/2500 2548/2548 2549/2549
f 2500/2500 2549/2549 2501/2501
f 2501/2501 2549/2549 2550/2550
f 2501/2501 2550/2550 2502/2502
f 2502/2502 2550/2550 2551/2551
f 2502/2502 2551/2551 2503/2503
f 2503/2503 2551/2551 2552/2552
f 2503/2503 2552/2552 2504/2504
f 2504/2504 2552/2552 2553/2553
f 2504/2504 2553/2553 2505/2505
f 2505/2505 2553/2553 2554/2554
f 2505/2505 2554/2554 2506/2506
f 2506/2506 2554/2554 2555/2555
f 2506/2506 2555/2555 2507/2507
f 2507/2507 2555/2555 2556/2556
f 2507/2507 2556/2556 2508/2508
f 2508/2508 2556/2556 2557/2557
f 2508/2508 2557/2557 2509/2509
f 2509/2509 2557/2557 2558/2558
f 2509/2509 2558/2558 2510/2510
f 2510/2510 2558/2558 2559/2559
f 2510/2510 2559/2559 2511/2511
f 2511/2511 2559/2559 2560/2560
f 2511/2511 2560/2560 2512/2512
f 2512/2512 2560/2560 2561/2561
f 2512/2512 2561/2561 2513/2513
f 2513/2513 2561/2561 2562/2562
f 2513/2513 2562/2562 2514/2514
f 2514/2514 2562/2562 2563/2563
f 2514/2514 2563/2563 2515/2515
f 2515/2515 2563/2563 2564/2564
f 2515/2515 2564/2564 2516/2516
f 2516/2516 2564/2564 2565/2565
f 2516/2516 2565/2565 2517/2517
f 2517/2517 2565/2565 2566/2566
f 2517/2517 2566/2566 2518/2518
f 2518/2518 2566/2566 2567/2567
f 2518/2518 2567/2567 2519/2519
f 2519/2519 2567/2567 2568/2568
f 2519/2519 2568/2568 2520/2520
f 2520/2520 2568/2568 2569/2569
f 2520/2520 2569/2569 2521/2521
f 2521/2521 2569/2569 2570/2570
f 2521/2521 2570/2570 2522/2522
f 2522/2522 2570/2570 2571/2571
f 2522/2522 2571/2571 2523/2523
f 2523/2523 2571/2571 2572/2572
f 2523/2523 2572/2572 2524/2524
f 2524/2524 2572/2572 2573/2573
f 2524/2524 2573/2573 2525/2525
f 2525/2525 2573/2573 2574/2574
f 2525/2525 2574/2574 2526/2526
f 2526/2526 2574/2574 2575/2575
f 2526/2526 2575/2575 2527/2527
f 2527/2527 2575/2575 2576/2576
f 2527/2527 2576/2576 2528/2528
f 2528/2528 2576/2576 2577/2577
f 2528/2528 2577/2577 2529/2529
f 2529/2529 2577/2577 2578/2578
f 2529/2529 2578/2578 2530/2530
f 2530/2530 2578/2578 2579/2579
f 2530/2530 2579/2579 2531/2531
f 2531/2531 2579/2579 2580/2580
f 2531/2531 2580/2580 2532/2532
f 2532/2532 2580/2580 2581/2581
f 2532/2532 2581/2581 2533/2533
f 2533/2533 2581/2581 2582/2582
f 2533/2533 2582/2582 2534/2534
f 2534/2534 2582/2582 2583/2583
f 2534/2534 2583/2583 2535/2535
f 2535/2535 2583/2583 2584/2584
f 2535/2535 2584/2584 2536/2536
f 2536/2536 2584/2584 2585/2585
f 2537/2537 2586/2586 2538/2538
f 2538/2538 2586/2586 2587/2587
f 2538/2538 2587/2587 2539/2539
f 2539/2539 2587/2587 2588/2588
f 2539/2539 2588/2588 2540/2540
f 2540/2540 2588/2588 2589/2589
f 2540/2540 2589/2589 2541/2541
f 2541/2541 2589/2589 2590/2590
f 2541/2541 2590/2590 2542/2542
f 2542/2542 2590/2590 2591/2591
f 2542/2542 2591/2591 2543/2543
f 2543/2543 2591/2591 2592/2592
f 2543/2543 2592/2592 2544/2544
f 2544/2544 2592/2592 2593/2593
f 2544/2544 2593/2593 2545/2545
f 2545/2545 2593/2593 2594/2594
f 2545/2545 2594/2594 2546/2546
f 2546/2546 2594/2594 2595/2595
f 2546/2546 2595/2595 2547/2547
f 2547/2547 2595/2595 2596/2596
f 2547/2547 2596/2596 2548/2548
f 2548/2548 2596/2596 2597/2597
f 2548/2548 2597/2597 2549/2549
f 2549/2549 2597/2597 2598/2598
f 2549/2549 2598/2598 2550/2550
f 2550/2550 2598/2598 2599/2599
f 2550/2550 2599/2599 2551/2551
f 2551/2551 2599/2599 2600/2600
f 2551/2551 2600/2600 2552/2552
f 2552/2552 2600/2600 2601/2601
f 2552/2552 2601/2601 2553/2553
f 2553/2553 2601/2601 2602/2602
f 2553/2553 2602/2602 2554/2554
f 2554/2554 2602/2602 2603/2603
f 2554/2554 2603/2603 2555/2555
f 2555/2555 2603/2603 2604/2604
f 2555/2555 2604/2604 2556/2556
f 2556/2556 2604/2604 2605/2605
f 2556/2556 2605/2605 2557/2557
f 2557/2557 2605/2605 2606/2606
f 2557/2557 2606/2606 2558/2558
f 2558/2558 2606/2606 2607/2607
f 2558/2558 2607/2607 2559/2559
f 2559/2559 2607/2607 2608/2608
f 2559/2559 2608/2608 2560/2560
f 2560/2560 2608/2608 2609/2609
f 2560/2560 2609/2609 2561/2561
f 2561/2561 2609/2609 2610/2610
f 2561/2561 2610/2610 2562/2562
f 2562/2562 2610/2610 2611/2611
f 2562/2562 2611/2611 2563/2563
f 2563/2563 2611/2611 2612/2612
f 2563/2563 2612/2612 2564/2564
f 2564/2564 2612/2612 2613/2613
f 2564/2564 2613/2613 2565/2565
f 2565/2565 2613/2613 2614/2614
f 2565/2565 2614/2614 2566/2566
f 2566/2566 2614/2614 2615/2615
f 2566/2566 2615/2615 2567/2567
f 2567/2567 2615/2615 2616/2616
f 2567/2567 2616/2616 2568/2568
f 2568/2568 2616/2616 2617/2617
f 2568/2568 2617/2617 2569/2569
f 2569/2569 2617/2617 2618/2618
f 2569/2569 2618/2618 2570/2570
f 2570/2570 2618/2618 2619/2619
f 2570/2570 2619/2619 2571/2571
f 2571/2571 2619/2619 2620/2620
f 2571/2571 2620/2620 2572/2572
f 2572/2572 2620/2620 2621/2621
f 2572/2572 2621/2621 2573/2573
f 2573/2573 2621/2621 2622/2622
f 2573/2573 2622/2622 2574/2574
f 2574/2574 2622/2622 2623/2623
f 2574/2574 2623/2623 2575/2575
f 2575/2575 2623/2623 2624/2624
f 2575/2575 2624/2624 2576/2576
f 2576/2576 2624/2624 2625/2625
f 2576/2576 2625/2625 2577/2577
f 2577/2577 2625/2625 2626/2626
f 2577/2577 2626/2626 2578/2578
f 2578/2578 2626/2626 2627/2627
f 2578/2578 2627/2627 2579/2579
f 2579/2579 2627/2627 2628/2628
f 2579/2579 2628/2628 2580/2580
f 2580/2580 2628/2628 2629/2629
f 2580/2580 2629/2629 2581/2581
f 2581/2581 2629/2629 2630/2630
f 2581/2581 2630/2630 2582/2582
f 2582/2582 2630/2630 2631/2631
f 2582/2582 2631/2631 2583/2583
f 2583/2583 2631/2631 2632/2632
f 2583/2583 2632/2632 2584/2584
f 2584/2584 2632/2632 2633/2633
f 2584/2584 2633/2633 2585/2585
f 2585/2585 2633/2633 2634/2634
f 2586/2586 2635/2635 2587/2587
f 2587/2587 2635/2635 2636/2636
f 2587/2587 2636/2636 2588/2588
f 2588/2588 2636/2636 2637/2637
f 2588/2588 2637/2637 2589/2589
f 2589/2589 2637/2637 2638/2638
f 2589/2589 2638/2638 2590/2590
f 2590/2590 2638/2638 2639/2639
f 2590/2590 2639/2639 2591/2591
f 2591/2591 2639/2639 2640/2640
f 2591/2591 2640/2640 2592/2592
f 2592/2592 2640/2640 2641/2641
f 2592/2592 2641/2641 2593/2593
f 2593/2593 2641/2641 2642/2642
f 2593/2593 2642/2642 2594/2594
f 2594/2594 2642/2642 2643/2643
f 2594/2594 2643/2643 2595/2595
f 2595/2595 2643/2643 2644/2644
f 2595/2595 2644/2644 2596/2596
f 2596/2596 2644/2644 2645/2645
f 2596/2596 2645/2645 2597/2597
f 2597/2597 2645/2645 2646/2646
f 2597/2597 2646/2646 2598/2598
f 2598/2598 2646/2646 2647/2647
f 2598/2598 2647/2647 2599/2599
f 2599/2599 2647/2647 2648/2648
f 2599/2599 2648/2648 2600/2600
f 2600/2600 2648/2648 2649/2649
f 2600/2600 2649/2649 2601/2601
f 2601/2601 2649/2649 2650/2650
f 2601/2601 2650/2650 2602/2602
f 2602/2602 2650/2650 2651/2651
f 2602/2602 2651/2651 2603/2603
f 2603/2603 2651/2651 2652/2652
f 2603/2603 2652/2652 2604/2604
f 2604/2604 2652/2652 2653/2653
f 2604/2604 2653/2653 2605/2605
f 2605/2605 2653/2653 2654/2654
f 2605/2605 2654/2654 2606/2606
f 2606/2606 2654/2654 2655/2655
f 2606/2606 2655/2655 2607/2607
f 2607/2607 2655/2655 2656/2656
f 2607/2607 2656/2656 2608/2608
f 2608/2608 2656/2656 2657/2657
f 2608/2608 2657/2657 2609/2609
f 2609/2609 2657/2657 2658/2658
f 2609/2609 2658/2658 2610/2610
f 2610/2610 2658/2658 2659/2659
f 2610/2610 2659/2659 2611/2611
f 2611/2611 2659/2659 2660/2660
f 2611/2611 2660/2660 2612/2612
f 2612/2612 2660/2660 2661/2661
f 2612/2612 2661/2661 2613/2613
f 2613/2613 2661/2661 2662/2662
f 2613/2613 2662/2662 2614/2614
f 2614/2614 2662/2662 2663/2663
f 2614/2614 2663/2663 2615/2615
f 2615/2615 2663/2663 2664/2664
f 2615/2615 2664/2664 2616/2616
f 2616/2616 2664/2664 2665/2665
f 2616/2616 2665/2665 2617/2617
f 2617/2617 2665/2665 2666/2666
f 2617/2617 2666/2666 2618/2618
f 2618/2618 2666/2666 2667/2667
f 2618/2618 2667/2667 2619/2619
f 2619/2619 2667/2667 2668/2668
f 2619/2619 2668/2668 2620/2620
f 2620/2620 2668/2668 2669/2669
f 2620/2620 2669/2669 2621/2621
f 2621/2621 2669/2669 2670/2670
f 2621/2621 2670/2670 2622/2622
f 2622/2622 2670/2670 2671/2671
f 2622/2622 2671/2671 2623/2623
f 2623/2623 2671/2671 2672/2672
f 2623/2623 2672/2672 2624/2624
f 2624/2624 2672/2672 2673/2673
f 2624/2624 2673/2673 2625/2625
f 2625/2625 2673/2673 2674/2674
f 2625/2625 2674/2674 2626/2626
f 2626/2626 2674/2674 2675/2675
f 2626/2626 2675/2675 2627/2627
f 2627/2627 2675/2675 2676/2676
f 2627/2627 2676/2676 2628/2628
f 2628/2628 2676/2676 2677/2677
f 2628/2628 2677/2677 2629/2629
f 2629/2629 2677/2677 2678/2678
f 2629/2629 2678/2678 2630/2630
f 2630/2630 2678/2678 2679/2679
f 2630/2630 2679/2679 2631/2631
f 2631/2631 2679/2679 2680/2680
f 2631/2631 2680/2680 2632/2632
f 2632/2632 2680/2680 2681/2681
f 2632/2632 2681/2681 2633/2633
f 2633/2633 2681/2681 2682/2682
f 2633/2633 2682/2682 2634/2634
f 2634/2634 2682/2682 2683/2683
f 2635/2635 2684/2684 2636/2636
f 2636/2636 2684/2684 2685/2685
f 2636/2636 2685/2685 2637/2637
f 2637/2637 2685/2685 2686/2686
f 2637/2637 2686/2686 2638/2638
f 2638/2638 2686/2686 2687/2687
f 2638/2638 2687/2687 2639/2639
f 2639/2639 2687/2687 2688/2688
f 2639/2639 2688/2688 2640/2640
f 2640/2640 2688/2688 2689/2689
f 2640/2640 2689/2689 2641/2641
f 2641/2641 2689/2689 2690/2690
f 2641/2641 2690/2690 2642/2642
f 2642/2642 2690/2690 2691/2691
f 2642/2642 2691/2691 2643/2643
f 2643/2643 2691/2691 2692/2692
f 2643/2643 2692/2692 2644/2644
f 2644/2644 2692/2692 2693/2693
f 2644/2644 2693/2693 2645/2645
f 2645/2645 2693/2693 2694/2694
f 2645/2645 2694/2694 2646/2646
f 2646/2646 2694/2694 2695/2695
f 2646/2646 2695/2695 2647/2647
f 2647/2647 2695/2695 2696/2696
f 2647/2647 2696/2696 2648/2648
f 2648/2648 2696/2696 2697/2697
f 2648/2648 2697/2697 2649/2649
f 2649/2649 2697/2697 2698/2698
f 2649/2649 2698/2698 2650/2650
f 2650/2650 2698/2698 2699/2699
f 2650/2650 2699/2699 2651/2651
f 2651/2651 2699/2699 2700/2700
f 2651/2651 2700/2700 2652/2652
f 2652/2652 2700/2700 2701/2701
f 2652/2652 2701/2701 2653/2653
f 2653/2653 2701/2701 2702/2702
f 2653/2653 2702/2702 2654/2654
f 2654/2654 2702/2702 2703/2703
f 2654/2654 2703/2703 2655/2655
f 2655/2655 2703/2703 2704/2704
f 2655/2655 2704/2704 2656/2656
f 2656/2656 2704/2704 2705/2705
f 2656/2656 2705/2705 2657/2657
f 2657/2657 2705/2705 2706/2706
f 2657/2657 2706/2706 2658/2658
f 2658/2658 2706/2706 2707/2707
f 2658/2658 2707/2707 2659/2659
f 2659/2659 2707/2707 2708/2708
f 2659/2659 2708/2708 2660/2660
f 2660/2660 2708/2708 2709/2709
f 2660/2660 2709/2709 2661/2661
f 2661/2661 2709/2709 2710/2710
f 2661/2661 2710/2710 2662/2662
f 2662/2662 2710/2710 2711/2711
f 2662/2662 2711/2711 2663/2663
f 2663/2663 2711/2711 2712/2712
f 2663/2663 2712/2712 2664/2664
f 2664/2664 2712/2712 2713/2713
f 2664/2664 2713/2713 2665/2665
f 2665/2665 2713/2713 2714/2714
f 2665/2665 2714/2714 2666/2666
f 2666/2666 2714/2714 2715/2715
f 2666/2666 2715/2715 2667/2667
f 2667/2667 2715/2715 2716/2716
f 2667/2667 2716/2716 2668/2668
f 2668/2668 2716/2716 2717/2717
f 2668/2668 2717/2717 2669/2669
f 2669/2669 2717/2717 2718/2718
f 2669/2669 2718/2718 2670/2670
f 2670/2670 2718/2718 2719/2719
f 2670/2670 2719/2719 2671/2671
f 2671/2671 2719/2719 2720/2720
f 2671/2671 2720/2720 2672/2672
f 2672/2672 2720/2720 2721/2721
f 2672/2672 2721/2721 2673/2673
f 2673/2673 2721/2721 2722/2722
f 2673/2673 2722/2722 2674/2674
f 2674/2674 2722/2722 2723/2723
f 2674/2674 2723/2723 2675/2675
f 2675/2675 2723/2723 2724/2724
f 2675/2675 2724/2724 2676/2676
f 2676/2676 2724/2724 2725/2725
f 2676/2676 2725/2725 2677/2677
f 2677/2677 2725/2725 2726/2726
f 2677/2677 2726/2726 2678/2678
f 2678/2678 2726/2726 2727/2727
f 2678/2678 2727/2727 2679/2679
f 2679/2679 2727/2727 2728/2728
f 2679/2679 2728/2728 2680/2680
f 2680/2680 2728/2728 2729/2729
f 2680/2680 2729/2729 2681/2681
f 2681/2681 2729/2729 2730/2730
f 2681/2681 2730/2730 2682/2682
f 2682/2682 2730/2730 2731/2731
f 2682/2682 2731/2731 2683/2683
f 2683/2683 2731/2731 2732/2732
f 2684/2684 2733/2733 2685/2685
f 2685/2685 2733/2733 2734/2734
f 2685/2685 2734/2734 2686/2686
f 2686/2686 2734/2734 2735/2735
f 2686/2686 2735/2735 2687/2687
f 2687/2687 2735/2735 2736/2736
f 2687/2687 2736/2736 2688/2688
f 2688/2688 2736/2736 2737/2737
f 2688/2688 2737/2737 2689/2689
f 2689/2689 2737/2737 2738/2738
f 2689/2689 2738/2738 2690/2690
f 2690/2690 2738/2738 2739/2739
f 2690/2690 2739/2739 2691/2691
f 2691/2691 2739/2739 2740/2740
f 2691/2691 2740/2740 2692/2692
f 2692/2692 2740/2740 2741/2741
f 2692/2692 2741/2741 2693/2693
f 2693/2693 2741/2741 2742/2742
f 2693/2693 2742/2742 2694/2694
f 2694/2694 2742/2742 2743/2743
f 2694/2694 2743/2743 2695/2695
f 2695/2695 2743/2743 2744/2744
f 2695/2695 2744/2744 2696/2696
f 2696/2696 2744/2744 2745/2745
f 2696/2696 2745/2745 2697/2697
f 2697/2697 2745/2745 2746/2746
f 2697/2697 2746/2746 2698/2698
f 2698/2698 2746/2746 2747/2747
f 2698/2698 2747/2747 2699/2699
f 2699/2699 2747/2747 2748/2748
f 2699/2699 2748/2748 2700/2700
f 2700/2700 2748/2748 2749/2749
f 2700/2700 2749/2749 2701/2701
f 2701/2701 2749/2749 2750/2750
f 2701/2701 2750/2750 2702/2702
f 2702/2702 2750/2750 2751/2751
f 2702/2702 2751/2751 2703/2703
f 2703/2703 2751/2751 2752/2752
f 2703/2703 2752/2752 2704/2704
f 2704/2704 2752/2752 2753/2753
f 2704/2704 2753/2753 2705/2705
f 2705/2705 2753/2753 2754/2754
f 2705/2705 2754/2754 2706/2706
f 2706/2706 2754/2754 2755/2755
f 2706/2706 2755/2755 2707/2707
f 2707/2707 2755/2755 2756/2756
f 2707/2707 2756/2756 2708/2708
f 2708/2708 2756/2756 2757/2757
f 2708/2708 2757/2757 2709/2709
f 2709/2709 2757/2757 2758/2758
f 2709/2709 2758/2758 2710/2710
f 2710/2710 2758/2758 2759/2759
f 2710/2710 2759/2759 2711/2711
f 2711/2711 2759/2759 2760/2760
f 2711/2711 2760/2760 2712/2712
f 2712/2712 2760/2760 2761/2761
f 2712/2712 2761/2761 2713/2713
f 2713/2713 2761/2761 2762/2762
f 2713/2713 2762/2762 2714/2714
f 2714/2714 2762/2762 2763/2763
f 2714/2714 2763/2763 2715/2715
f 2715/2715 2763/2763 2764/2764
f 2715/2715 2764/2764 2716/2716
f 2716/2716 2764/2764 2765/2765
f 2716/2716 2765/2765 2717/2717
f 2717/2717 2765/2765 2766/2766
f 2717/2717 2766/2766 2718/2718
f 2718/2718 2766/2766 2767/2767
f 2718/2718 2767/2767 2719/2719
f 2719/2719 2767/2767 2768/2768
f 2719/2719 2768/2768 2720/2720
f 2720/2720 2768/2768 2769/2769
f 2720/2720 2769/2769 2721/2721
f 2721/2721 2769/2769 2770/2770
f 2721/2721 2770/2770 2722/2722
f 2722/2722 2770/2770 2771/2771
f 2722/2722 2771/2771 2723/2723
f 2723/2723 2771/2771 2772/2772
f 2723/2723 2772/2772 2724/2724
f 2724/2724 2772/2772 2773/2773
f 2724/2724 2773/2773 2725/2725
f 2725/2725 2773/2773 2774/2774
f 2725/2725 2774/2774 2726/2726
f 2726/2726 2774/2774 2775/2775
f 2726/2726 2775/2775 2727/2727
f 2727/2727 2775/2775 2776/2776
f 2727/2727 2776/2776 2728/2728
f 2728/2728 2776/2776 2777/2777
f 2728/2728 2777/2777 2729/2729
f 2729/2729 2777/2777 2778/2778
f 2729/2729 2778/2778 2730/2730
f 2730/2730 2778/2778 2779/2779
f 2730/2730 2779/2779 2731/2731
f 2731/2731 2779/2779 2780/2780
f 2731/2731 2780/2780 2732/2732
f 2732/2732 2780/2780 2781/2781
f 2733/2733 2782/2782 2734/2734
f 2734/2734 2782/2782 2783/2783
f 2734/2734 2783/2783 2735/2735
f 2735/2735 2783/2783 2784/2784
f 2735/2735 2784/2784 2736/2736
f 2736/2736 2784/2784 2785/2785
f 2736/2736 2785/2785 2737/2737
f 2737/2737 2785/2785 2786/2786
f 2737/2737 2786/2786 2738/2738
f 2738/2738 2786/2786 2787/2787
f 2738/2738 2787/2787 2739/2739
f 2739/2739 2787/2787 2788/2788
f 2739/2739 2788/2788 2740/2740
f 2740/2740 2788/2788 2789/2789
f 2740/2740 2789/2789 2741/2741
f 2741/2741 2789/2789 2790/2790
f 2741/2741 2790/2790 2742/2742
f 2742/2742 2790/2790 2791/2791
f 2742/2742 2791/2791 2743/2743
f 2743/2743 2791/2791 2792/2792
f 2743/2743 2792/2792 2744/2744
f 2744/2744 2792/2792 2793/2793
f 2744/2744 2793/2793 2745/2745
f 2745/2745 2793/2793 2794/2794
f 2745/2745 2794/2794 2746/2746
f 2746/2746 2794/2794 2795/2795
f 2746/2746 2795/2795 2747/2747
f 2747/2747 2795/2795 2796/2796
f 2747/2747 2796/2796 2748/2748
f 2748/2748 2796/2796 2797/2797
f 2748/2748 2797/2797 2749/2749
f 2749/2749 2797/2797 2798/2798
f 2749/2749 2798/2798 2750/2750
f 2750/2750 2798/2798 2799/2799
f 2750/2750 2799/2799 2751/2751
f 2751/2751 2799/2799 2800/2800
f 2751/2751 2800/2800 2752/2752
f 2752/2752 2800/2800 2801/2801
f 2752/2752 2801/2801 2753/2753
f 2753/2753 2801/2801 2802/2802
f 2753/2753 2802/2802 2754/2754
f 2754/2754 2802/2802 2803/2803
f 2754/2754 2803/2803 2755/2755
f 2755/2755 2803/2803 2804/2804
f 2755/2755 2804/2804 2756/2756
f 2756/2756 2804/2804 2805/2805
f 2756/2756 2805/2805 2757/2757
f 2757/2757 2805/2805 2806/2806
f 2757/2757 2806/2806 2758/2758
f 2758/2758 2806/2806 2807/2807
f 2758/2758 2807/2807 2759/2759
f 2759/2759 2807/2807 2808/2808
f 2759/2759 2808/2808 2760/2760
f 2760/2760 2808/2808 2809/2809
f 2760/2760 2809/2809 2761/2761
f 2761/2761 2809/2809 2810/2810
f 2761/2761 2810/2810 2762/2762
f 2762/2762 2810/2810 2811/2811
f 2762/2762 2811/2811 2763/2763
f 2763/2763 2811/2811 2812/2812
f 2763/2763 2812/2812 2764/2764
f 2764/2764 2812/2812 2813/2813
f 2764/2764 2813/2813 2765/2765
f 2765/2765 2813/2813 2814/2814
f 2765/2765 2814/2814 2766/2766
f 2766/2766 2814/2814 2815/2815
f 2766/2766 2815/2815 2767/2767
f 2767/2767 2815/2815 2816/2816
f 2767/2767 2816/2816 2768/2768
f 2768/2768 2816/2816 2817/2817
f 2768/2768 2817/2817 2769/2769
f 2769/2769 2817/2817 2818/2818
f 2769/2769 2818/2818 2770/2770
f 2770/2770 2818/2818 2819/2819
f 2770/2770 2819/2819 2771/2771
f 2771/2771 2819/2819 2820/2820
f 2771/2771 2820/2820 2772/2772
f 2772/2772 2820/2820 2821/2821
f 2772/2772 2821/2821 2773/2773
f 2773/2773 2821/2821 2822/2822
f 2773/2773 2822/2822 2774/2774
f 2774/2774 2822/2822 2823/2823
f 2774/2774 2823/2823 2775/2775
f 2775/2775 2823/2823 2824/2824
f 2775/2775 2824/2824 2776/2776
f 2776/2776 2824/2824 2825/2825
f 2776/2776 2825/2825 2777/2777
f 2777/2777 2825/2825 2826/2826
f 2777/2777 2826/2826 2778/2778
f 2778/2778 2826/2826 2827/2827
f 2778/2778 2827/2827 2779/2779
f 2779/2779 2827/2827 2828/2828
f 2779/2779 2828/2828 2780/2780
f 2780/2780 2828/2828 2829/2829
f 2780/2780 2829/2829 2781/2781
f 2781/2781 2829/2829 2830/2830
f 2782/2782 2831/2831 2783/2783
f 2783/2783 2831/2831 2832/2832
f 2783/2783 2832/2832 2784/2784
f 2784/2784 2832/2832 2833/2833
f 2784/2784 2833/2833 2785/2785
f 2785/2785 2833/2833 2834/2834
f 2785/2785 2834/2834 2786/2786
f 2786/2786 2834/2834 2835/2835
f 2786/2786 2835/2835 2787/2787
f 2787/2787 2835/2835 2836/2836
f 2787/2787 2836/2836 2788/2788
f 2788/2788 2836/2836 2837/2837
f 2788/2788 2837/2837 2789/2789
f 2789/2789 2837/2837 2838/2838
f 2789/2789 2838/2838 2790/2790
f 2790/2790 2838/2838 2839/2839
f 2790/2790 2839/2839 2791/2791
f 2791/2791 2839/2839 2840/2840
f 2791/2791 2840/2840 2792/2792
f 2792/2792 2840/2840 2841/2841
f 2792/2792 2841/2841 2793/2793
f 2793/2793 2841/2841 2842/2842
f 2793/2793 2842/2842 2794/2794
f 2794/2794 2842/2842 2843/2843
f 2794/2794 2843/2843 2795/2795
f 2795/2795 2843/2843 2844/2844
f 2795/2795 2844/2844 2796/2796
f 2796/2796 2844/2844 2845/2845
f 2796/2796 2845/2845 2797/2797
f 2797/2797 2845/2845 2846/2846
f 2797/2797 2846/2846 2798/2798
f 2798/2798 2846/2846 2847/2847
f 2798/2798 2847/2847 2799/2799
f 2799/2799 2847/2847 2848/2848
f 2799/2799 2848/2848 2800/2800
f 2800/2800 2848/2848 2849/2849
f 2800/2800 2849/2849 2801/2801
f 2801/2801 2849/2849 2850/2850
f 2801/2801 2850/2850 2802/2802
f 2802/2802 2850/2850 2851/2851
f 2802/2802 2851/2851 2803/2803
f 2803/2803 2851/2851 2852/2852
f 2803/2803 2852/2852 2804/2804
f 2804/2804 2852/2852 2853/2853
f 2804/2804 2853/2853 2805/2805
f 2805/2805 2853/2853 2854/2854
f 2805/2805 2854/2854 2806/2806
f 2806/2806 2854/2854 2855/2855
f 2806/2806 2855/2855 2807/2807
f 2807/2807 2855/2855 2856/2856
f 2807/2807 2856/2856 2808/2808
f 2808/2808 2856/2856 2857/2857
f 2808/2808 2857/2857 2809/2809
f 2809/2809 2857/2857 2858/2858
f 2809/2809 2858/2858 2810/2810
f 2810/2810 2858/2858 2859/2859
f 2810/2810 2859/2859 2811/2811
f 2811/2811 2859/2859 2860/2860
f 2811/2811 2860/2860 2812/2812
f 2812/2812 2860/2860 2861/2861
f 2812/2812 2861/2861 2813/2813
f 2813/2813 2861/2861 2862/2862
f 2813/2813 2862/2862 2814/2814
f 2814/2814 2862/2862 2863/2863
f 2814/2814 2863/2863 2815/2815
f 2815/2815 2863/2863 2864/2864
f 2815/2815 2864/2864 2816/2816
f 2816/2816 2864/2864 2865/2865
f 2816/2816 2865/2865 2817/2817
f 2817/2817 2865/2865 2866/2866
f 2817/2817 2866/2866 2818/2818
f 2818/2818 2866/2866 2867/2867
f 2818/2818 2867/2867 2819/2819
f 2819/2819 2867/2867 2868/2868
f 2819/2819 2868/2868 2820/2820
f 2820/2820 2868/2868 2869/2869
f 2820/2820 2869/2869 2821/2821
f 2821/2821 2869/2869 2870/2870
f 2821/2821 2870/2870 2822/2822
f 2822/2822 2870/2870 2871/2871
f 2822/2822 2871/2871 2823/2823
f 2823/2823 2871/2871 2872/2872
f 2823/2823 2872/2872 2824/2824
f 2824/2824 2872/2872 2873/2873
f 2824/2824 2873/2873 2825/2825
f 2825/2825 2873/2873 2874/2874
f 2825/2825 2874/2874 2826/2826
f 2826/2826 2874/2874 2875/2875
f 2826/2826 2875/2875 2827/2827
f 2827/2827 2875/2875 2876/2876
f 2827/2827 2876/2876 2828/2828
f 2828/2828 2876/2876 2877/2877
f 2828/2828 2877/2877 2829/2829
f 2829/2829 2877/2877 2878/2878
f 2829/2829 2878/2878 2830/2830
f 2830/2830 2878/2878 2879/2879
f 2831/2831 2880/2880 2832/2832
f 2832/2832 2880/2880 2881/2881
f 2832/2832 2881/2881 2833/2833
f 2833/2833 2881/2881 2882/2882
f 2833/2833 2882/2882 2834/2834
f 2834/2834 2882/2882 2883/2883
f 2834/2834 2883/2883 2835/2835
f 2835/2835 2883/2883 2884/2884
f 2835/2835 2884/2884 2836/2836
f 2836/2836 2884/2884 2885/2885
f 2836/2836 2885/2885 2837/2837
f 2837/2837 2885/2885 2886/2886
f 2837/2837 2886/2886 2838/2838
f 2838/2838 2886/2886 2887/2887
f 2838/2838 2887/2887 2839/2839
f 2839/2839 2887/2887 2888/2888
f 2839/2839 2888/2888 2840/2840
f 2840/2840 2888/2888 2889/2889
f 2840/2840 2889/2889 2841/2841
f 2841/2841 2889/2889 2890/2890
f 2841/2841 2890/2890 2842/2842
f 2842/2842 2890/2890 2891/2891
f 2842/2842 2891/2891 2843/2843
f 2843/2843 2891/2891 2892/2892
f 2843/2843 2892/2892 2844/2844
f 2844/2844 2892/2892 2893/2893
f 2844/2844 2893/2893 2845/2845
f 2845/2845 2893/2893 2894/2894
f 2845/2845 2894/2894 2846/2846
f 2846/2846 2894/2894 2895/2895
f 2846/2846 2895/2895 2847/2847
f 2847/2847 2895/2895 2896/2896
f 2847/2847 2896/2896 2848/2848
f 2848/2848 2896/2896 2897/2897
f 2848/2848 2897/2897 2849/2849
f 2849/2849 2897/2897 2898/2898
f 2849/2849 2898/2898 2850/2850
f 2850/2850 2898/2898 2899/2899
f 2850/2850 2899/2899 2851/2851
f 2851/2851 2899/2899 2900/2900
f 2851/2851 2900/2900 2852/2852
f 2852/2852 2900/2900 2901/2901
f 2852/2852 2901/2901 2853/2853
f 2853/2853 2901/2901 2902/2902
f 2853/2853 2902/2902 2854/2854
f 2854/2854 2902/2902 2903/2903
f 2854/2854 2903/2903 2855/2855
f 2855/2855 2903/2903 2904/2904
f 2855/2855 2904/2904 2856/2856
f 2856/2856 2904/2904 2905/2905
f 2856/2856 2905/2905 2857/2857
f 2857/2857 2905/2905 2906/2906
f 2857/2857 2906/2906 2858/2858
f 2858/2858 2906/2906 2907/2907
f 2858/2858 2907/2907 2859/2859
f 2859/2859 2907/2907 2908/2908
f 2859/2859 2908/2908 2860/2860
f 2860/2860 2908/2908 2909/2909
f 2860/2860 2909/2909 2861/2861
f 2861/2861 2909/2909 2910/2910
f 2861/2861 2910/2910 2862/2862
f 2862/2862 2910/2910 2911/2911
f 2862/2862 2911/2911 2863/2863
f 2863/2863 2911/2911 2912/2912
f 2863/2863 2912/2912 2864/2864
f 2864/2864 2912/2912 2913/2913
f 2864/2864 2913/2913 2865/2865
f 2865/2865 2913/2913 2914/2914
f 2865/2865 2914/2914 2866/2866
f 2866/2866 2914/2914 2915/2915
f 2866/2866 2915/2915 2867/2867
f 2867/2867 2915/2915 2916/2916
f 2867/2867 2916/2916 2868/2868
f 2868/2868 2916/2916 2917/2917
f 2868/2868 2917/2917 2869/2869
f 2869/2869 2917/2917 2918/2918
f 2869/2869 2918/2918 2870/2870
f 2870/2870 2918/2918 2919/2919
f 2870/2870 2919/2919 2871/2871
f 2871/2871 2919/2919 2920/2920
f 2871/2871 2920/2920 2872/2872
f 2872/2872 2920/2920 2921/2921
f 2872/2872 2921/2921 2873/2873
f 2873/2873 2921/2921 2922/2922
f 2873/2873 2922/2922 2874/2874
f 2874/2874 2922/2922 2923/2923
f 2874/2874 2923/2923 2875/2875
f 2875/2875 2923/2923 2924/2924
f 2875/2875 2924/2924 2876/2876
f 2876/2876 2924/2924 2925/2925
f 2876/2876 2925/2925 2877/2877
f 2877/2877 2925/2925 2926/2926
f 2877/2877 2926/2926 2878/2878
f 2878/2878 2926/2926 2927/2927
f 2878/2878 2927/2927 2879/2879
f 2879/2879 2927/2927 2928/2928
f 2880/2880 2929/2929 2881/2881
f 2881/2881 2929/2929 2930/2930
f 2881/2881 2930/2930 2882/2882
f 2882/2882 2930/2930 2931/2931
f 2882/2882 2931/2931 2883/2883
f 2883/2883 2931/2931 2932/2932
f 2883/2883 2932/2932 2884/2884
f 2884/2884 2932/2932 2933/2933
f 2884/2884 2933/2933 2885/2885
f 2885/2885 2933/2933 2934/2934
f 2885/2885 2934/2934 2886/2886
f 2886/2886 2934/2934 2935/2935
f 2886/2886 2935/2935 2887/2887
f 2887/2887 2935/2935 2936/2936
f 2887/2887 2936/2936 2888/2888
f 2888/2888 2936/2936 2937/2937
f 2888/2888 2937/2937 2889/2889
f 2889/2889 2937/2937 2938/2938
f 2889/2889 2938/2938 2890/2890
f 2890/2890 2938/2938 2939/2939
f 2890/2890 2939/2939 2891/2891
f 2891/2891 2939/2939 2940/2940
f 2891/2891 2940/2940 2892/2892
f 2892/2892 2940/2940 2941/2941
f 2892/2892 2941/2941 2893/2893
f 2893/2893 2941/2941 2942/2942
f 2893/2893 2942/2942 2894/2894
f 2894/2894 2942/2942 2943/2943
f 2894/2894 2943/2943 2895/2895
f 2895/2895 2943/2943 2944/2944
f 2895/2895 2944/2944 2896/2896
f 2896/2896 2944/2944 2945/2945
f 2896/2896 2945/2945 2897/2897
f 2897/2897 2945/2945 2946/2946
f 2897/2897 2946/2946 2898/2898
f 2898/2898 2946/2946 2947/2947
f 2898/2898 2947/2947 2899/2899
f 2899/2899 2947/2947 2948/2948
f 2899/2899 2948/2948 2900/2900
f 2900/2900 2948/2948 2949/2949
f 2900/2900 2949/2949 2901/2901
f 2901/2901 2949/2949 2950/2950
f 2901/2901 2950/2950 2902/2902
f 2902/2902 2950/2950 2951/2951
f 2902/2902 2951/2951 2903/2903
f 2903/2903 2951/2951 2952/2952
f 2903/2903 2952/2952 2904/2904
f 2904/2904 2952/2952 2953/2953
f 2904/2904 2953/2953 2905/2905
f 2905/2905 2953/2953 2954/2954
f 2905/2905 2954/2954 2906/2906
f 2906/2906 2954/2954 2955/2955
f 2906/2906 2955/2955 2907/2907
f 2907/2907 2955/2955 2956/2956
f 2907/2907 2956/2956 2908/2908
f 2908/2908 2956/2956 2957/2957
f 2908/2908 2957/2957 2909/2909
f 2909/2909 2957/2957 2958/2958
f 2909/2909 2958/2958 2910/2910
f 2910/2910 2958/2958 2959/2959
f 2910/2910 2959/2959 2911/2911
f 2911/2911 2959/2959 2960/2960
f 2911/2911 2960/2960 2912/2912
f 2912/2912 2960/2960 2961/2961
f 2912/2912 2961/2961 2913/2913
f 2913/2913 2961/2961 2962/2962
f 2913/2913 2962/2962 2914/2914
f 2914/2914 2962/2962 2963/2963
f 2914/2914 2963/2963 2915/2915
f 2915/2915 2963/2963 2964/2964
f 2915/2915 2964/2964 2916/2916
f 2916/2916 2964/2964 2965/2965
f 2916/2916 2965/2965 2917/2917
f 2917/2917 2965/2965 2966/2966
f 2917/2917 2966/2966 2918/2918
f 2918/2918 2966/2966 2967/2967
f 2918/2918 2967/2967 2919/2919
f 2919/2919 2967/2967 2968/2968
f 2919/2919 2968/2968 2920/2920
f 2920/2920 2968/2968 2969/2969
f 2920/2920 2969/2969 2921/2921
f 2921/2921 2969/2969 2970/2970
f 2921/2921 2970/2970 2922/2922
f 2922/2922 2970/2970 2971/2971
f 2922/2922 2971/2971 2923/2923
f 2923/2923 2971/2971 2972/2972
f 2923/2923 2972/2972 2924/2924
f 2924/2924 2972/2972 2973/2973
f 2924/2924 2973/2973 2925/2925
f 2925/2925 2973/2973 2974/2974
f 2925/2925 2974/2974 2926/2926
f 2926/2926 2974/2974 2975/2975
f 2926/2926 2975/2975 2927/2927
f 2927/2927 2975/2975 2976/2976
f 2927/2927 2976/2976 2928/2928
f 2928/2928 2976/2976 2977/2977
f 2929/2929 2978/2978 2930/2930
f 2930/2930 2978/2978 2979/2979
f 2930/2930 2979/2979 2931/2931
f 2931/2931 2979/2979 2980/2980
f 2931/2931 2980/2980 2932/2932
f 2932/2932 2980/2980 2981/2981
f 2932/2932 2981/2981 2933/2933
f 2933/2933 2981/2981 2982/2982
f 2933/2933 2982/2982 2934/2934
f 2934/2934 2982/2982 2983/2983
f 2934/2934 2983/2983 2935/2935
f 2935/2935 2983/2983 2984/2984
f 2935/2935 2984/2984 2936/2936
f 2936/2936 2984/2984 2985/2985
f 2936/2936 2985/2985 2937/2937
f 2937/2937 2985/2985 2986/2986
f 2937/2937 2986/2986 2938/2938
f 2938/2938 2986/2986 2987/2987
f 2938/2938 2987/2987 2939/2939
f 2939/2939 2987/2987 2988/2988
f 2939/2939 2988/2988 2940/2940
f 2940/2940 2988/2988 2989/2989
f 2940/2940 2989/2989 2941/2941
f 2941/2941 2989/2989 2990/2990
f 2941/2941 2990/2990 2942/2942
f 2942/2942 2990/2990 2991/2991
f 2942/2942 2991/2991 2943/2943
f 2943/2943 2991/2991 2992/2992
f 2943/2943 2992/2992 2944/2944
f 2944/2944 2992/2992 2993/2993
f 2944/2944 2993/2993 2945/2945
f 2945/2945 2993/2993 2994/2994
f 2945/2945 2994/2994 2946/2946
f 2946/2946 2994/2994 2995/2995
f 2946/2946 2995/2995 2947/2947
f 2947/2947 2995/2995 2996/2996
f 2947/2947 2996/2996 2948/2948
f 2948/2948 2996/2996 2997/2997
f 2948/2948 2997/2997 2949/2949
f 2949/2949 2997/2997 2998/2998
f 2949/2949 2998/2998 2950/2950
f 2950/2950 2998/2998 2999/2999
f 2950/2950 2999/2999 2951/2951
f 2951/2951 2999/2999 3000/3000
f 2951/2951 3000/3000 2952/2952
f 2952/2952 3000/3000 3001/3001
f 2952/2952 3001/3001 2953/2953
f 2953/2953 3001/3001 3002/3002
f 2953/2953 3002/3002 2954/2954
f 2954/2954 3002/3002 3003/3003
f 2954/2954 3003/3003 2955/2955
f 2955/2955 3003/3003 3004/3004
f 2955/2955 3004/3004 2956/2956
f 2956/2956 3004/3004 3005/3005
f 2956/2956 3005/3005 2957/2957
f 2957/2957 3005/3005 3006/3006
f 2957/2957 3006/3006 2958/2958
f 2958/2958 3006/3006 3007/3007
f 2958/2958 3007/3007 2959/2959
f 2959/2959 3007/3007 3008/3008
f 2959/2959 3008/3008 2960/2960
f 2960/2960 3008/3008 3009/3009
f 2960/2960 3009/3009 2961/2961
f 2961/2961 3009/3009 3010/3010
f 2961/2961 3010/3010 2962/2962
f 2962/2962 3010/3010 3011/3011
f 2962/2962 3011/3011 2963/2963
f 2963/2963 3011/3011 3012/3012
f 2963/2963 3012/3012 2964/2964
f 2964/2964 3012/3012 3013/3013
f 2964/2964 3013/3013 2965/2965
f 2965/2965 3013/3013 3014/3014
f 2965/2965 3014/3014 2966/2966
f 2966/2966 3014/3014 3015/3015
f 2966/2966 3015/3015 2967/2967
f 2967/2967 3015/3015 3016/3016
f 2967/2967 3016/3016 2968/2968
f 2968/2968 3016/3016 3017/3017
f 2968/2968 3017/3017 2969/2969
f 2969/2969 3017/3017 3018/3018
f 2969/2969 3018/3018 2970/2970
f 2970/2970 3018/3018 3019/3019
f 2970/2970 3019/3019 2971/2971
f 2971/2971 3019/3019 3020/3020
f 2971/2971 3020/3020 2972/2972
f 2972/2972 3020/3020 3021/3021
f 2972/2972 3021/3021 2973/2973
f 2973/2973 3021/3021 3022/3022
f 2973/2973 3022/3022 2974/2974
f 2974/2974 3022/3022 3023/3023
f 2974/2974 3023/3023 2975/2975
f 2975/2975 3023/3023 3024/3024
f 2975/2975 3024/3024 2976/2976
f 2976/2976 3024/3024 3025/3025
f 2976/2976 3025/3025 2977/2977
f 2977/2977 3025/3025 3026/3026
f 2978/2978 3027/3027 2979/2979
f 2979/2979 3027/3027 3028/3028
f 2979/2979 3028/3028 2980/2980
f 2980/2980 3028/3028 3029/3029
f 2980/2980 3029/3029 2981/2981
f 2981/2981 3029/3029 3030/3030
f 2981/2981 3030/3030 2982/2982
f 2982/2982 3030/3030 3031/3031
f 2982/2982 3031/3031 2983/2983
f 2983/2983 3031/3031 3032/3032
f 2983/2983 3032/3032 2984/2984
f 2984/2984 3032/3032 3033/3033
f 2984/2984 3033/3033 2985/2985
f 2985/2985 3033/3033 3034/3034
f 2985/2985 3034/3034 2986/2986
f 2986/2986 3034/3034 3035/3035
f 2986/2986 3035/3035 2987/2987
f 2987/2987 3035/3035 3036/3036
f 2987/2987 3036/3036 2988/2988
f 2988/2988 3036/3036 3037/3037
f 2988/2988 3037/3037 2989/2989
f 2989/2989 3037/3037 3038/3038
f 2989/2989 3038/3038 2990/2990
f 2990/2990 3038/3038 3039/3039
f 2990/2990 3039/3039 2991/2991
f 2991/2991 3039/3039 3040/3040
f 2991/2991 3040/3040 2992/2992
f 2992/2992 3040/3040 3041/3041
f 2992/2992 3041/3041 2993/2993
f 2993/2993 3041/3041 3042/3042
f 2993/2993 3042/3042 2994/2994
f 2994/2994 3042/3042 3043/3043
f 2994/2994 3043/3043 2995/2995
f 2995/2995 3043/3043 3044/3044
f 2995/2995 3044/3044 2996/2996
f 2996/2996 3044/3044 3045/3045
f 2996/2996 3045/3045 2997/2997
f 2997/2997 3045/3045 3046/3046
f 2997/2997 3046/3046 2998/2998
f 2998/2998 3046/3046 3047/3047
f 2998/2998 3047/3047 2999/2999
f 2999/2999 3047/3047 3048/3048
f 2999/2999 3048/3048 3000/3000
f 3000/3000 3048/3048 3049/3049
f 3000/3000 3049/3049 3001/3001
f 3001/3001 3049/3049 3050/3050
f 3001/3001 3050/3050 3002/3002
f 3002/3002 3050/3050 3051/3051
f 3002/3002 3051/3051 3003/3003
f 3003/3003 3051/3051 3052/3052
f 3003/3003 3052/3052 3004/3004
f 3004/3004 3052/3052 3053/3053
f 3004/3004 3053/3053 3005/3005
f 3005/3005 3053/3053 3054/3054
f 3005/3005 3054/3054 3006/3006
f 3006/3006 3054/3054 3055/3055
f 3006/3006 3055/3055 3007/3007
f 3007/3007 3055/3055 3056/3056
f 3007/3007 3056/3056 3008/3008
f 3008/3008 3056/3056 3057/3057
f 3008/3008 3057/3057 3009/3009
f 3009/3009 3057/3057 3058/3058
f 3009/3009 3058/3058 3010/3010
f 3010/3010 3058/3058 3059/3059
f 3010/3010 3059/3059 3011/3011
f 3011/3011 3059/3059 3060/3060
f 3011/3011 3060/3060 3012/3012
f 3012/3012 3060/3060 3061/3061
f 3012/3012 3061/3061 3013/3013
f 3013/3013 3061/3061 3062/3062
f 3013/3013 3062/3062 3014/3014
f 3014/3014 3062/3062 3063/3063
f 3014/3014 3063/3063 3015/3015
f 3015/3015 3063/3063 3064/3064
f 3015/3015 3064/3064 3016/3016
f 3016/3016 3064/3064 3065/3065
f 3016/3016 3065/3065 3017/3017
f 3017/3017 3065/3065 3066/3066
f 3017/3017 3066/3066 3018/3018
f 3018/3018 3066/3066 3067/3067
f 3018/3018 3067/3067 3019/3019
f 3019/3019 3067/3067 3068/3068
f 3019/3019 3068/3068 3020/3020
f 3020/3020 3068/3068 3069/3069
f 3020/3020 3069/3069 3021/3021
f 3021/3021 3069/3069 3070/3070
f 3021/3021 3070/3070 3022/3022
f 3022/3022 3070/3070 3071/3071
f 3022/3022 3071/3071 3023/3023
f 3023/3023 3071/3071 3072/3072
f 3023/3023 3072/3072 3024/3024
f 3024/3024 3072/3072 3073/3073
f 3024/3024 3073/3073 3025/3025
f 3025/3025 3073/3073 3074/3074
f 3025/3025 3074/3074 3026/3026
f 3026/3026 3074/3074 3075/3075
o Moon
usemtl Moon
v -8.000000 8.500000 18.000000
v -8.000000 8.500000 18.000000
v -8.000000 8.500000 18.000000
v -8.000000 8.500000 18.000000
v -8.000000 8.500000 18.000000
v -8.000000 8.500000 18.000000
v -8.000000 8.500000 18.000000
v -8.000000 8.500000 18.000000
v -8.000000 8.500000 18.000000
v -8.000000 8.500000 18.000000
v -8.000000 8.500000 18.000000
v -8.000000 8.500000 18.000000
v -8.000000 8.500000 18.000000
v -8.000000 8.500000 18.000000
v -8.000000 8.500000 18.000000
v -8.000000 8.500000 18.000000
v -8.000000 8.500000 18.000000
v -8.000000 8.500000 18.000000
v -8.000000 8.500000 18.000000
v -8.000000 8.500000 18.000000
v -8.000000 8.500000 18.000000
v -8.000000 8.500000 18.000000
v -8.000000 8.500000 18.000000
v -8.000000 8.500000 18.000000
v -8.000000 8.500000 18.000000
v -8.000000 8.500000 18.000000
v -8.000000 8.500000 18.000000
v -8.000000 8.500000 18.000000
v -8.000000 8.500000 18.000000
v -8.000000 8.500000 18.000000
v -8.000000 8.500000 18.000000
v -8.000000 8.500000 18.000000
v -8.000000 8.500000 18.000000
v -8.000000 8.500000 18.000000
v -8.000000 8.500000 18.000000
v -8.000000 8.500000 18.000000
v -8.000000 8.500000 18.000000
v -8.000000 8.500000 18.000000
v -8.000000 8.500000 18.000000
v -8.000000 8.500000 18.000000
v -8.000000 8.500000 18.000000
v -8.000000 8.500000 18.000000
v -8.000000 8.500000 18.000000
v -8.000000 8.500000 18.000000
v -8.000000 8.500000 18.000000
v -8.000000 8.500000 18.000000
v -8.000000 8.500000 18.000000
v -8.000000 8.500000 18.000000
v -8.000000 8.500000 18.000000
v -8.000000 8.500000 18.000000
v -8.000000 8.500000 18.000000
v -8.000000 8.500000 18.000000
v -8.000000 8.500000 18.000000
v -8.000000 8.500000 18.000000
v -8.000000 8.500000 18.000000
v -8.000000 8.500000 18.000000
v -8.000000 8.500000 18.000000
v -8.000000 8.500000 18.000000
v -8.000000 8.500000 18.000000
v -8.000000 8.500000 18.000000
v -8.000000 8.500000 18.000000
v -8.000000 8.500000 18.000000
v -8.000000 8.500000 18.000000
v -8.000000 8.500000 18.000000
v -8.000000 8.500000 18.000000
v -7.754957 8.487962 18.000000
v -7.756137 8.487962 18.024018
v -7.759666 8.487962 18.047805
v -7.765509 8.487962 18.071132
v -7.773610 8.487962 18.093774
v -7.783891 8.487962 18.115512
v -7.796254 8.487962 18.136139
v -7.810579 8.487962 18.155454
v -7.826729 8.487962 18.173271
v -7.844546 8.487962 18.189421
v -7.863861 8.487962 18.203746
v -7.884488 8.487962 18.216109
v -7.906226 8.487962 18.226390
v -7.928868 8.487962 18.234491
v -7.952195 8.487962 18.240334
v -7.975982 8.487962 18.243863
v -8.000000 8.487962 18.245043
v -8.024018 8.487962 18.243863
v -8.047805 8.487962 18.240334
v -8.071132 8.487962 18.234491
v -8.093774 8.487962 18.226390
v -8.115512 8.487962 18.216109
v -8.136139 8.487962 18.203746
v -8.155454 8.487962 18.189421
v -8.173271 8.487962 18.173271
v -8.189421 8.487962 18.155454
v -8.203746 8.487962 18.136139
v -8.216109 8.487962 18.115512
v -8.226390 8.487962 18.093774
v -8.234491 8.487962 18.071132
v -8.240334 8.487962 18.047805
v -8.243863 8.487962 18.024018
v -8.245043 8.487962 18.000000
v -8.243863 8.487962 17.975982
v -8.240334 8.487962 17.952195
v -8.234491 8.487962 17.928868
v -8.226390 8.487962 17.906226
v -8.216109 8.487962 17.884488
v -8.203746 8.487962 17.863861
v -8.189421 8.487962 17.844546
v -8.173271 8.487962 17.826729
v -8.155454 8.487962 17.810579
v -8.136139 8.487962 17.796254
v -8.115512 8.487962 17.783891
v -8.093774 8.487962 17.773610
v -8.071132 8.487962 17.765509
v -8.047805 8.487962 17.759666
v -8.024018 8.487962 17.756137
v -8.000000 8.487962 17.754957
v -7.975982 8.487962 17.756137
v -7.952195 8.487962 17.759666
v -7.928868 8.487962 17.765509
v -7.906226 8.487962 17.773610
v -7.884488 8.487962 17.783891
v -7.863861 8.487962 17.796254
v -7.844546 8.487962 17.810579
v -7.826729 8.487962 17.826729
v -7.810579 8.487962 17.844546
v -7.796254 8.487962 17.863861
v -7.783891 8.487962 17.884488
v -7.773610 8.487962 17.906226
v -7.765509 8.487962 17.928868
v -7.759666 8.487962 17.952195
v -7.756137 8.487962 17.975982
v -7.754957 8.487962 18.000000
v -7.512274 8.451963 18.000000
v -7.514623 8.451963 18.047805
v -7.521646 8.451963 18.095151
v -7.533276 8.451963 18.141579
v -7.549400 8.451963 18.186645
v -7.569864 8.451963 18.229912
v -7.594471 8.451963 18.270966
v -7.622983 8.451963 18.309410
v -7.655126 8.451963 18.344874
v -7.690590 8.451963 18.377017
v -7.729034 8.451963 18.405529
v -7.770088 8.451963 18.430136
v -7.813355 8.451963 18.450600
v -7.858421 8.451963 18.466724
v -7.904849 8.451963 18.478354
v -7.952195 8.451963 18.485377
v -8.000000 8.451963 18.487726
v -8.047805 8.451963 18.485377
v -8.095151 8.451963 18.478354
v -8.141579 8.451963 18.466724
v -8.186645 8.451963 18.450600
v -8.229912 8.451963 18.430136
v -8.270966 8.451963 18.405529
v -8.309410 8.451963 18.377017
v -8.344874 8.451963 18.344874
v -8.377017 8.451963 18.309410
v -8.405529 8.451963 18.270966
v -8.430136 8.451963 18.229912
v -8.450600 8.451963 18.186645
v -8.466724 8.451963 18.141579
v -8.478354 8.451963 18.095151
v -8.485377 8.451963 18.047805
v -8.487726 8.451963 18.000000
v -8.485377 8.451963 17.952195
v -8.478354 8.451963 17.904849
v -8.466724 8.451963 17.858421
v -8.450600 8.451963 17.813355
v -8.430136 8.451963 17.770088
v -8.405529 8.451963 17.729034
v -8.377017 8.451963 17.690590
v -8.344874 8.451963 17.655126
v -8.309410 8.451963 17.622983
v -8.270966 8.451963 17.594471
v -8.229912 8.451963 17.569864
v -8.186645 8.451963 17.549400
v -8.141579 8.451963 17.533276
v -8.095151 8.451963 17.521646
v -8.047805 8.451963 17.514623
v -8.000000 8.451963 17.512274
v -7.952195 8.451963 17.514623
v -7.904849 8.451963 17.521646
v -7.858421 8.451963 17.533276
v -7.813355 8.451963 17.549400
v -7.770088 8.451963 17.569864
v -7.729034 8.451963 17.594471
v -7.690590 8.451963 17.622983
v -7.655126 8.451963 17.655126
v -7.622983 8.451963 17.690590
v -7.594471 8.451963 17.729034
v -7.569864 8.451963 17.770088
v -7.549400 8.451963 17.813355
v -7.533276 8.451963 17.858421
v -7.521646 8.451963 17.904849
v -7.514623 8.451963 17.952195
v -7.512274 8.451963 18.000000
v -7.274288 8.392351 18.000000
v -7.277783 8.392351 18.071132
v -7.288233 8.392351 18.141579
v -7.305537 8.392351 18.210663
v -7.329530 8.392351 18.277718
v -7.359979 8.392351 18.342098
v -7.396593 8.392351 18.403184
v -7.439017 8.392351 18.460387
v -7.486844 8.392351 18.513156
v -7.539613 8.392351 18.560983
v -7.596816 8.392351 18.603407
v -7.657902 8.392351 18.640021
v -7.722282 8.392351 18.670470
v -7.789337 8.392351 18.694463
v -7.858421 8.392351 18.711767
v -7.928868 8.392351 18.722217
v -8.000000 8.392351 18.725712
v -8.071132 8.392351 18.722217
v -8.141579 8.392351 18.711767
v -8.210663 8.392351 18.694463
v -8.277718 8.392351 18.670470
v -8.342098 8.392351 18.640021
v -8.403184 8.392351 18.603407
v -8.460387 8.392351 18.560983
v -8.513156 8.392351 18.513156
v -8.560983 8.392351 18.460387
v -8.603407 8.392351 18.403184
v -8.640021 8.392351 18.342098
v -8.670470 8.392351 18.277718
v -8.694463 8.392351 18.210663
v -8.711767 8.392351 18.141579
v -8.722217 8.392351 18.071132
v -8.725712 8.392351 18.000000
v -8.722217 8.392351 17.928868
v -8.711767 8.392351 17.858421
v -8.694463 8.392351 17.789337
v -8.670470 8.392351 17.722282
v -8.640021 8.392351 17.657902
v -8.603407 8.392351 17.596816
v -8.560983 8.392351 17.539613
v -8.513156 8.392351 17.486844
v -8.460387 8.392351 17.439017
v -8.403184 8.392351 17.396593
v -8.342098 8.392351 17.359979
v -8.277718 8.392351 17.329530
v -8.210663 8.392351 17.305537
v -8.141579 8.392351 17.288233
v -8.071132 8.392351 17.277783
v -8.000000 8.392351 17.274288
v -7.928868 8.392351 17.277783
v -7.858421 8.392351 17.288233
v -7.789337 8.392351 17.305537
v -7.722282 8.392351 17.329530
v -7.657902 8.392351 17.359979
v -7.596816 8.392351 17.396593
v -7.539613 8.392351 17.439017
v -7.486844 8.392351 17.486844
v -7.439017 8.392351 17.539613
v -7.396593 8.392351 17.596816
v -7.359979 8.392351 17.657902
v -7.329530 8.392351 17.722282
v -7.305537 8.392351 17.789337
v -7.288233 8.392351 17.858421
v -7.277783 8.392351 17.928868
v -7.274288 8.392351 18.000000
v -7.043291 8.309699 18.000000
v -7.047898 8.309699 18.093774
v -7.061674 8.309699 18.186645
v -7.084487 8.309699 18.277718
v -7.116117 8.309699 18.366117
v -7.156258 8.309699 18.450989
v -7.204526 8.309699 18.531519
v -7.260454 8.309699 18.606929
v -7.323505 8.309699 18.676495
v -7.393071 8.309699 18.739546
v -7.468481 8.309699 18.795474
v -7.549011 8.309699 18.843742
v -7.633883 8.309699 18.883883
v -7.722282 8.309699 18.915513
v -7.813355 8.309699 18.938326
v -7.906226 8.309699 18.952102
v -8.000000 8.309699 18.956709
v -8.093774 8.309699 18.952102
v -8.186645 8.309699 18.938326
v -8.277718 8.309699 18.915513
v -8.366117 8.309699 18.883883
v -8.450989 8.309699 18.843742
v -8.531519 8.309699 18.795474
v -8.606929 8.309699 18.739546
v -8.676495 8.309699 18.676495
v -8.739546 8.309699 18.606929
v -8.795474 8.309699 18.531519
v -8.843742 8.309699 18.450989
v -8.883883 8.309699 18.366117
v -8.915513 8.309699 18.277718
v -8.938326 8.309699 18.186645
v -8.952102 8.309699 18.093774
v -8.956709 8.309699 18.000000
v -8.952102 8.309699 17.906226
v -8.938326 8.309699 17.813355
v -8.915513 8.309699 17.722282
v -8.883883 8.309699 17.633883
v -8.843742 8.309699 17.549011
v -8.795474 8.309699 17.468481
v -8.739546 8.309699 17.393071
v -8.676495 8.309699 17.323505
v -8.606929 8.309699 17.260454
v -8.531519 8.309699 17.204526
v -8.450989 8.309699 17.156258
v -8.366117 8.309699 17.116117
v -8.277718 8.309699 17.084487
v -8.186645 8.309699 17.061674
v -8.093774 8.309699 17.047898
v -8.000000 8.309699 17.043291
v -7.906226 8.309699 17.047898
v -7.813355 8.309699 17.061674
v -7.722282 8.309699 17.084487
v -7.633883 8.309699 17.116117
v -7.549011 8.309699 17.156258
v -7.468481 8.309699 17.204526
v -7.393071 8.309699 17.260454
v -7.323505 8.309699 17.323505
v -7.260454 8.309699 17.393071
v -7.204526 8.309699 17.468481
v -7.156258 8.309699 17.549011
v -7.116117 8.309699 17.633883
v -7.084487 8.309699 17.722282
v -7.061674 8.309699 17.813355
v -7.047898 8.309699 17.906226
v -7.043291 8.309699 18.000000
v -6.821508 8.204803 18.000000
v -6.827183 8.204803 18.115512
v -6.844153 8.204803 18.229912
v -6.872254 8.204803 18.342098
v -6.911216 8.204803 18.450989
v -6.960663 8.204803 18.555537
v -7.020120 8.204803 18.654735
v -7.089013 8.204803 18.747627
v -7.166680 8.204803 18.833320
v -7.252373 8.204803 18.910987
v -7.345265 8.204803 18.979880
v -7.444463 8.204803 19.039337
v -7.549011 8.204803 19.088784
v -7.657902 8.204803 19.127746
v -7.770088 8.204803 19.155847
v -7.884488 8.204803 19.172817
v -8.000000 8.204803 19.178492
v -8.115512 8.204803 19.172817
v -8.229912 8.204803 19.155847
v -8.342098 8.204803 19.127746
v -8.450989 8.204803 19.088784
v -8.555537 8.204803 19.039337
v -8.654735 8.204803 18.979880
v -8.747627 8.204803 18.910987
v -8.833320 8.204803 18.833320
v -8.910987 8.204803 18.747627
v -8.979880 8.204803 18.654735
v -9.039337 8.204803 18.555537
v -9.088784 8.204803 18.450989
v -9.127746 8.204803 18.342098
v -9.155847 8.204803 18.229912
v -9.172817 8.204803 18.115512
v -9.178492 8.204803 18.000000
v -9.172817 8.204803 17.884488
v -9.155847 8.204803 17.770088
v -9.127746 8.204803 17.657902
v -9.088784 8.204803 17.549011
v -9.039337 8.204803 17.444463
v -8.979880 8.204803 17.345265
v -8.910987 8.204803 17.252373
v -8.833320 8.204803 17.166680
v -8.747627 8.204803 17.089013
v -8.654735 8.204803 17.020120
v -8.555537 8.204803 16.960663
v -8.450989 8.204803 16.911216
v -8.342098 8.204803 16.872254
v -8.229912 8.204803 16.844153
v -8.115512 8.204803 16.827183
v -8.000000 8.204803 16.821508
v -7.884488 8.204803 16.827183
v -7.770088 8.204803 16.844153
v -7.657902 8.204803 16.872254
v -7.549011 8.204803 16.911216
v -7.444463 8.204803 16.960663
v -7.345265 8.204803 17.020120
v -7.252373 8.204803 17.089013
v -7.166680 8.204803 17.166680
v -7.089013 8.204803 17.252373
v -7.020120 8.204803 17.345265
v -6.960663 8.204803 17.444463
v -6.911216 8.204803 17.549011
v -6.872254 8.204803 17.657902
v -6.844153 8.204803 17.770088
v -6.827183 8.204803 17.884488
v -6.821508 8.204803 18.000000
v -6.611074 8.078674 18.000000
v -6.617762 8.078674 18.136139
v -6.637762 8.078674 18.270966
v -6.670881 8.078674 18.403184
v -6.716800 8.078674 18.531519
v -6.775077 8.078674 18.654735
v -6.845151 8.078674 18.771646
v -6.926346 8.078674 18.881125
v -7.017881 8.078674 18.982119
v -7.118875 8.078674 19.073654
v -7.228354 8.078674 19.154849
v -7.345265 8.078674 19.224923
v -7.468481 8.078674 19.283200
v -7.596816 8.078674 19.329119
v -7.729034 8.078674 19.362238
v -7.863861 8.078674 19.382238
v -8.000000 8.078674 19.388926
v -8.136139 8.078674 19.382238
v -8.270966 8.078674 19.362238
v -8.403184 8.078674 19.329119
v -8.531519 8.078674 19.283200
v -8.654735 8.078674 19.224923
v -8.771646 8.078674 19.154849
v -8.881125 8.078674 19.073654
v -8.982119 8.078674 18.982119
v -9.073654 8.078674 18.881125
v -9.154849 8.078674 18.771646
v -9.224923 8.078674 18.654735
v -9.283200 8.078674 18.531519
v -9.329119 8.078674 18.403184
v -9.362238 8.078674 18.270966
v -9.382238 8.078674 18.136139
v -9.388926 8.078674 18.000000
v -9.382238 8.078674 17.863861
v -9.362238 8.078674 17.729034
v -9.329119 8.078674 17.596816
v -9.283200 8.078674 17.468481
v -9.224923 8.078674 17.345265
v -9.154849 8.078674 17.228354
v -9.073654 8.078674 17.118875
v -8.982119 8.078674 17.017881
v -8.881125 8.078674 16.926346
v -8.771646 8.078674 16.845151
v -8.654735 8.078674 16.775077
v -8.531519 8.078674 16.716800
v -8.403184 8.078674 16.670881
v -8.270966 8.078674 16.637762
v -8.136139 8.078674 16.617762
v -8.000000 8.078674 16.611074
v -7.863861 8.078674 16.617762
v -7.729034 8.078674 16.637762
v -7.596816 8.078674 16.670881
v -7.468481 8.078674 16.716800
v -7.345265 8.078674 16.775077
v -7.228354 8.078674 16.845151
v -7.118875 8.078674 16.926346
v -7.017881 8.078674 17.017881
v -6.926346 8.078674 17.118875
v -6.845151 8.078674 17.228354
v -6.775077 8.078674 17.345265
v -6.716800 8.078674 17.468481
v -6.670881 8.078674 17.596816
v -6.637762 8.078674 17.729034
v -6.617762 8.078674 17.863861
v -6.611074 8.078674 18.000000
v -6.414017 7.932526 18.000000
v -6.421654 7.932526 18.155454
v -6.444491 7.932526 18.309410
v -6.482309 7.932526 18.460387
v -6.534743 7.932526 18.606929
v -6.601288 7.932526 18.747627
v -6.681303 7.932526 18.881125
v -6.774018 7.932526 19.006137
v -6.878541 7.932526 19.121459
v -6.993863 7.932526 19.225982
v -7.118875 7.932526 19.318697
v -7.252373 7.932526 19.398712
v -7.393071 7.932526 19.465257
v -7.539613 7.932526 19.517691
v -7.690590 7.932526 19.555509
v -7.844546 7.932526 19.578346
v -8.000000 7.932526 19.585983
v -8.155454 7.932526 19.578346
v -8.309410 7.932526 19.555509
v -8.460387 7.932526 19.517691
v -8.606929 7.932526 19.465257
v -8.747627 7.932526 19.398712
v -8.881125 7.932526 19.318697
v -9.006137 7.932526 19.225982
v -9.121459 7.932526 19.121459
v -9.225982 7.932526 19.006137
v -9.318697 7.932526 18.881125
v -9.398712 7.932526 18.747627
v -9.465257 7.932526 18.606929
v -9.517691 7.932526 18.460387
v -9.555509 7.932526 18.309410
v -9.578346 7.932526 18.155454
v -9.585983 7.932526 18.000000
v -9.578346 7.932526 17.844546
v -9.555509 7.932526 17.690590
v -9.517691 7.932526 17.539613
v -9.465257 7.932526 17.393071
v -9.398712 7.932526 17.252373
v -9.318697 7.932526 17.118875
v -9.225982 7.932526 16.993863
v -9.121459 7.932526 16.878541
v -9.006137 7.932526 16.774018
v -8.881125 7.932526 16.681303
v -8.747627 7.932526 16.601288
v -8.606929 7.932526 16.534743
v -8.460387 7.932526 16.482309
v -8.309410 7.932526 16.444491
v -8.155454 7.932526 16.421654
v -8.000000 7.932526 16.414017
v -7.844546 7.932526 16.421654
v -7.690590 7.932526 16.444491
v -7.539613 7.932526 16.482309
v -7.393071 7.932526 16.534743
v -7.252373 7.932526 16.601288
v -7.118875 7.932526 16.681303
v -6.993863 7.932526 16.774018
v -6.878541 7.932526 16.878541
v -6.774018 7.932526 16.993863
v -6.681303 7.932526 17.118875
v -6.601288 7.932526 17.252373
v -6.534743 7.932526 17.393071
v -6.482309 7.932526 17.539613
v -6.444491 7.932526 17.690590
v -6.421654 7.932526 17.844546
v -6.414017 7.932526 18.000000
v -6.232233 7.767767 18.000000
v -6.240745 7.767767 18.173271
v -6.266200 7.767767 18.344874
v -6.308352 7.767767 18.513156
v -6.366796 7.767767 18.676495
v -6.440969 7.767767 18.833320
v -6.530155 7.767767 18.982119
v -6.633498 7.767767 19.121459
v -6.750000 7.767767 19.250000
v -6.878541 7.767767 19.366502
v -7.017881 7.767767 19.469845
v -7.166680 7.767767 19.559031
v -7.323505 7.767767 19.633204
v -7.486844 7.767767 19.691648
v -7.655126 7.767767 19.733800
v -7.826729 7.767767 19.759255
v -8.000000 7.767767 19.767767
v -8.173271 7.767767 19.759255
v -8.344874 7.767767 19.733800
v -8.513156 7.767767 19.691648
v -8.676495 7.767767 19.633204
v -8.833320 7.767767 19.559031
v -8.982119 7.767767 19.469845
v -9.121459 7.767767 19.366502
v -9.250000 7.767767 19.250000
v -9.366502 7.767767 19.121459
v -9.469845 7.767767 18.982119
v -9.559031 7.767767 18.833320
v -9.633204 7.767767 18.676495
v -9.691648 7.767767 18.513156
v -9.733800 7.767767 18.344874
v -9.759255 7.767767 18.173271
v -9.767767 7.767767 18.000000
v -9.759255 7.767767 17.826729
v -9.733800 7.767767 17.655126
v -9.691648 7.767767 17.486844
v -9.633204 7.767767 17.323505
v -9.559031 7.767767 17.166680
v -9.469845 7.767767 17.017881
v -9.366502 7.767767 16.878541
v -9.250000 7.767767 16.750000
v -9.121459 7.767767 16.633498
v -8.982119 7.767767 16.530155
v -8.833320 7.767767 16.440969
v -8.676495 7.767767 16.366796
v -8.513156 7.767767 16.308352
v -8.344874 7.767767 16.266200
v -8.173271 7.767767 16.240745
v -8.000000 7.767767 16.232233
v -7.826729 7.767767 16.240745
v -7.655126 7.767767 16.266200
v -7.486844 7.767767 16.308352
v -7.323505 7.767767 16.366796
v -7.166680 7.767767 16.440969
v -7.017881 7.767767 16.530155
v -6.878541 7.767767 16.633498
v -6.750000 7.767767 16.750000
v -6.633498 7.767767 16.878541
v -6.530155 7.767767 17.017881
v -6.440969 7.767767 17.166680
v -6.366796 7.767767 17.323505
v -6.308352 7.767767 17.486844
v -6.266200 7.767767 17.655126
v -6.240745 7.767767 17.826729
v -6.232233 7.767767 18.000000
v -6.067474 7.585983 18.000000
v -6.076780 7.585983 18.189421
v -6.104607 7.585983 18.377017
v -6.150688 7.585983 18.560983
v -6.214579 7.585983 18.739546
v -6.295664 7.585983 18.910987
v -6.393163 7.585983 19.073654
v -6.506137 7.585983 19.225982
v -6.633498 7.585983 19.366502
v -6.774018 7.585983 19.493863
v -6.926346 7.585983 19.606837
v -7.089013 7.585983 19.704336
v -7.260454 7.585983 19.785421
v -7.439017 7.585983 19.849312
v -7.622983 7.585983 19.895393
v -7.810579 7.585983 19.923220
v -8.000000 7.585983 19.932526
v -8.189421 7.585983 19.923220
v -8.377017 7.585983 19.895393
v -8.560983 7.585983 19.849312
v -8.739546 7.585983 19.785421
v -8.910987 7.585983 19.704336
v -9.073654 7.585983 19.606837
v -9.225982 7.585983 19.493863
v -9.366502 7.585983 19.366502
v -9.493863 7.585983 19.225982
v -9.606837 7.585983 19.073654
v -9.704336 7.585983 18.910987
v -9.785421 7.585983 18.739546
v -9.849312 7.585983 18.560983
v -9.895393 7.585983 18.377017
v -9.923220 7.585983 18.189421
v -9.932526 7.585983 18.000000
v -9.923220 7.585983 17.810579
v -9.895393 7.585983 17.622983
v -9.849312 7.585983 17.439017
v -9.785421 7.585983 17.260454
v -9.704336 7.585983 17.089013
v -9.606837 7.585983 16.926346
v -9.493863 7.585983 16.774018
v -9.366502 7.585983 16.633498
v -9.225982 7.585983 16.506137
v -9.073654 7.585983 16.393163
v -8.910987 7.585983 16.295664
v -8.739546 7.585983 16.214579
v -8.560983 7.585983 16.150688
v -8.377017 7.585983 16.104607
v -8.189421 7.585983 16.076780
v -8.000000 7.585983 16.067474
v -7.810579 7.585983 16.076780
v -7.622983 7.585983 16.104607
v -7.439017 7.585983 16.150688
v -7.260454 7.585983 16.214579
v -7.089013 7.585983 16.295664
v -6.926346 7.585983 16.393163
v -6.774018 7.585983 16.506137
v -6.633498 7.585983 16.633498
v -6.506137 7.585983 16.774018
v -6.393163 7.585983 16.926346
v -6.295664 7.585983 17.089013
v -6.214579 7.585983 17.260454
v -6.150688 7.585983 17.439017
v -6.104607 7.585983 17.622983
v -6.076780 7.585983 17.810579
v -6.067474 7.585983 18.000000
v -5.921326 7.388926 18.000000
v -5.931335 7.388926 18.203746
v -5.961267 7.388926 18.405529
v -6.010833 7.388926 18.603407
v -6.079556 7.388926 18.795474
v -6.166773 7.388926 18.979880
v -6.271646 7.388926 19.154849
v -6.393163 7.388926 19.318697
v -6.530155 7.388926 19.469845
v -6.681303 7.388926 19.606837
v -6.845151 7.388926 19.728354
v -7.020120 7.388926 19.833227
v -7.204526 7.388926 19.920444
v -7.396593 7.388926 19.989167
v -7.594471 7.388926 20.038733
v -7.796254 7.388926 20.068665
v -8.000000 7.388926 20.078674
v -8.203746 7.388926 20.068665
v -8.405529 7.388926 20.038733
v -8.603407 7.388926 19.989167
v -8.795474 7.388926 19.920444
v -8.979880 7.388926 19.833227
v -9.154849 7.388926 19.728354
v -9.318697 7.388926 19.606837
v -9.469845 7.388926 19.469845
v -9.606837 7.388926 19.318697
v -9.728354 7.388926 19.154849
v -9.833227 7.388926 18.979880
v -9.920444 7.388926 18.795474
v -9.989167 7.388926 18.603407
v -10.038733 7.388926 18.405529
v -10.068665 7.388926 18.203746
v -10.078674 7.388926 18.000000
v -10.068665 7.388926 17.796254
v -10.038733 7.388926 17.594471
v -9.989167 7.388926 17.396593
v -9.920444 7.388926 17.204526
v -9.833227 7.388926 17.020120
v -9.728354 7.388926 16.845151
v -9.606837 7.388926 16.681303
v -9.469845 7.388926 16.530155
v -9.318697 7.388926 16.393163
v -9.154849 7.388926 16.271646
v -8.979880 7.388926 16.166773
v -8.795474 7.388926 16.079556
v -8.603407 7.388926 16.010833
v -8.405529 7.388926 15.961267
v -8.203746 7.388926 15.931335
v -8.000000 7.388926 15.921326
v -7.796254 7.388926 15.931335
v -7.594471 7.388926 15.961267
v -7.396593 7.388926 16.010833
v -7.204526 7.388926 16.079556
v -7.020120 7.388926 16.166773
v -6.845151 7.388926 16.271646
v -6.681303 7.388926 16.393163
v -6.530155 7.388926 16.530155
v -6.393163 7.388926 16.681303
v -6.271646 7.388926 16.845151
v -6.166773 7.388926 17.020120
v -6.079556 7.388926 17.204526
v -6.010833 7.388926 17.396593
v -5.961267 7.388926 17.594471
v -5.931335 7.388926 17.796254
v -5.921326 7.388926 18.000000
v -5.795197 7.178492 18.000000
v -5.805814 7.178492 18.216109
v -5.837562 7.178492 18.430136
v -5.890135 7.178492 18.640021
v -5.963027 7.178492 18.843742
v -6.055537 7.178492 19.039337
v -6.166773 7.178492 19.224923
v -6.295664 7.178492 19.398712
v -6.440969 7.178492 19.559031
v -6.601288 7.178492 19.704336
v -6.775077 7.178492 19.833227
v -6.960663 7.178492 19.944463
v -7.156258 7.178492 20.036973
v -7.359979 7.178492 20.109865
v -7.569864 7.178492 20.162438
v -7.783891 7.178492 20.194186
v -8.000000 7.178492 20.204803
v -8.216109 7.178492 20.194186
v -8.430136 7.178492 20.162438
v -8.640021 7.178492 20.109865
v -8.843742 7.178492 20.036973
v -9.039337 7.178492 19.944463
v -9.224923 7.178492 19.833227
v -9.398712 7.178492 19.704336
v -9.559031 7.178492 19.559031
v -9.704336 7.178492 19.398712
v -9.833227 7.178492 19.224923
v -9.944463 7.178492 19.039337
v -10.036973 7.178492 18.843742
v -10.109865 7.178492 18.640021
v -10.162438 7.178492 18.430136
v -10.194186 7.178492 18.216109
v -10.204803 7.178492 18.000000
v -10.194186 7.178492 17.783891
v -10.162438 7.178492 17.569864
v -10.109865 7.178492 17.359979
v -10.036973 7.178492 17.156258
v -9.944463 7.178492 16.960663
v -9.833227 7.178492 16.775077
v -9.704336 7.178492 16.601288
v -9.559031 7.178492 16.440969
v -9.398712 7.178492 16.295664
v -9.224923 7.178492 16.166773
v -9.039337 7.178492 16.055537
v -8.843742 7.178492 15.963027
v -8.640021 7.178492 15.890135
v -8.430136 7.178492 15.837562
v -8.216109 7.178492 15.805814
v -8.000000 7.178492 15.795197
v -7.783891 7.178492 15.805814
v -7.569864 7.178492 15.837562
v -7.359979 7.178492 15.890135
v -7.156258 7.178492 15.963027
v -6.960663 7.178492 16.055537
v -6.775077 7.178492 16.166773
v -6.601288 7.178492 16.295664
v -6.440969 7.178492 16.440969
v -6.295664 7.178492 16.601288
v -6.166773 7.178492 16.775077
v -6.055537 7.178492 16.960663
v -5.963027 7.178492 17.156258
v -5.890135 7.178492 17.359979
v -5.837562 7.178492 17.569864
v -5.805814 7.178492 17.783891
v -5.795197 7.178492 18.000000
v -5.690301 6.956709 18.000000
v -5.701423 6.956709 18.226390
v -5.734681 6.956709 18.450600
v -5.789756 6.956709 18.670470
v -5.866117 6.956709 18.883883
v -5.963027 6.956709 19.088784
v -6.079556 6.956709 19.283200
v -6.214579 6.956709 19.465257
v -6.366796 6.956709 19.633204
v -6.534743 6.956709 19.785421
v -6.716800 6.956709 19.920444
v -6.911216 6.956709 20.036973
v -7.116117 6.956709 20.133883
v -7.329530 6.956709 20.210244
v -7.549400 6.956709 20.265319
v -7.773610 6.956709 20.298577
v -8.000000 6.956709 20.309699
v -8.226390 6.956709 20.298577
v -8.450600 6.956709 20.265319
v -8.670470 6.956709 20.210244
v -8.883883 6.956709 20.133883
v -9.088784 6.956709 20.036973
v -9.283200 6.956709 19.920444
v -9.465257 6.956709 19.785421
v -9.633204 6.956709 19.633204
v -9.785421 6.956709 19.465257
v -9.920444 6.956709 19.283200
v -10.036973 6.956709 19.088784
v -10.133883 6.956709 18.883883
v -10.210244 6.956709 18.670470
v -10.265319 6.956709 18.450600
v -10.298577 6.956709 18.226390
v -10.309699 6.956709 18.000000
v -10.298577 6.956709 17.773610
v -10.265319 6.956709 17.549400
v -10.210244 6.956709 17.329530
v -10.133883 6.956709 17.116117
v -10.036973 6.956709 16.911216
v -9.920444 6.956709 16.716800
v -9.785421 6.956709 16.534743
v -9.633204 6.956709 16.366796
v -9.465257 6.956709 16.214579
v -9.283200 6.956709 16.079556
v -9.088784 6.956709 15.963027
v -8.883883 6.956709 15.866117
v -8.670470 6.956709 15.789756
v -8.450600 6.956709 15.734681
v -8.226390 6.956709 15.701423
v -8.000000 6.956709 15.690301
v -7.773610 6.956709 15.701423
v -7.549400 6.956709 15.734681
v -7.329530 6.956709 15.789756
v -7.116117 6.956709 15.866117
v -6.911216 6.956709 15.963027
v -6.716800 6.956709 16.079556
v -6.534743 6.956709 16.214579
v -6.366796 6.956709 16.366796
v -6.214579 6.956709 16.534743
v -6.079556 6.956709 16.716800
v -5.963027 6.956709 16.911216
v -5.866117 6.956709 17.116117
v -5.789756 6.956709 17.329530
v -5.734681 6.956709 17.549400
v -5.701423 6.956709 17.773610
v -5.690301 6.956709 18.000000
v -5.607649 6.725712 18.000000
v -5.619169 6.725712 18.234491
v -5.653618 6.725712 18.466724
v -5.710663 6.725712 18.694463
v -5.789756 6.725712 18.915513
v -5.890135 6.725712 19.127746
v -6.010833 6.725712 19.329119
v -6.150688 6.725712 19.517691
v -6.308352 6.725712 19.691648
v -6.482309 6.725712 19.849312
v -6.670881 6.725712 19.989167
v -6.872254 6.725712 20.109865
v -7.084487 6.725712 20.210244
v -7.305537 6.725712 20.289337
v -7.533276 6.725712 20.346382
v -7.765509 6.725712 20.380831
v -8.000000 6.725712 20.392351
v -8.234491 6.725712 20.380831
v -8.466724 6.725712 20.346382
v -8.694463 6.725712 20.289337
v -8.915513 6.725712 20.210244
v -9.127746 6.725712 20.109865
v -9.329119 6.725712 19.989167
v -9.517691 6.725712 19.849312
v -9.691648 6.725712 19.691648
v -9.849312 6.725712 19.517691
v -9.989167 6.725712 19.329119
v -10.109865 6.725712 19.127746
v -10.210244 6.725712 18.915513
v -10.289337 6.725712 18.694463
v -10.346382 6.725712 18.466724
v -10.380831 6.725712 18.234491
v -10.392351 6.725712 18.000000
v -10.380831 6.725712 17.765509
v -10.346382 6.725712 17.533276
v -10.289337 6.725712 17.305537
v -10.210244 6.725712 17.084487
v -10.109865 6.725712 16.872254
v -9.989167 6.725712 16.670881
v -9.849312 6.725712 16.482309
v -9.691648 6.725712 16.308352
v -9.517691 6.725712 16.150688
v -9.329119 6.725712 16.010833
v -9.127746 6.725712 15.890135
v -8.915513 6.725712 15.789756
v -8.694463 6.725712 15.710663
v -8.466724 6.725712 15.653618
v -8.234491 6.725712 15.619169
v -8.000000 6.725712 15.607649
v -7.765509 6.725712 15.619169
v -7.533276 6.725712 15.653618
v -7.305537 6.725712 15.710663
v -7.084487 6.725712 15.789756
v -6.872254 6.725712 15.890135
v -6.670881 6.725712 16.010833
v -6.482309 6.725712 16.150688
v -6.308352 6.725712 16.308352
v -6.150688 6.725712 16.482309
v -6.010833 6.725712 16.670881
v -5.890135 6.725712 16.872254
v -5.789756 6.725712 17.084487
v -5.710663 6.725712 17.305537
v -5.653618 6.725712 17.533276
v -5.619169 6.725712 17.765509
v -5.607649 6.725712 18.000000
v -5.548037 6.487726 18.000000
v -5.559844 6.487726 18.240334
v -5.595151 6.487726 18.478354
v -5.653618 6.487726 18.711767
v -5.734681 6.487726 18.938326
v -5.837562 6.487726 19.155847
v -5.961267 6.487726 19.362238
v -6.104607 6.487726 19.555509
v -6.266200 6.487726 19.733800
v -6.444491 6.487726 19.895393
v -6.637762 6.487726 20.038733
v -6.844153 6.487726 20.162438
v -7.061674 6.487726 20.265319
v -7.288233 6.487726 20.346382
v -7.521646 6.487726 20.404849
v -7.759666 6.487726 20.440156
v -8.000000 6.487726 20.451963
v -8.240334 6.487726 20.440156
v -8.478354 6.487726 20.404849
v -8.711767 6.487726 20.346382
v -8.938326 6.487726 20.265319
v -9.155847 6.487726 20.162438
v -9.362238 6.487726 20.038733
v -9.555509 6.487726 19.895393
v -9.733800 6.487726 19.733800
v -9.895393 6.487726 19.555509
v -10.038733 6.487726 19.362238
v -10.162438 6.487726 19.155847
v -10.265319 6.487726 18.938326
v -10.346382 6.487726 18.711767
v -10.404849 6.487726 18.478354
v -10.440156 6.487726 18.240334
v -10.451963 6.487726 18.000000
v -10.440156 6.487726 17.759666
v -10.404849 6.487726 17.521646
v -10.346382 6.487726 17.288233
v -10.265319 6.487726 17.061674
v -10.162438 6.487726 16.844153
v -10.038733 6.487726 16.637762
v -9.895393 6.487726 16.444491
v -9.733800 6.487726 16.266200
v -9.555509 6.487726 16.104607
v -9.362238 6.487726 15.961267
v -9.155847 6.487726 15.837562
v -8.938326 6.487726 15.734681
v -8.711767 6.487726 15.653618
v -8.478354 6.487726 15.595151
v -8.240334 6.487726 15.559844
v -8.000000 6.487726 15.548037
v -7.759666 6.487726 15.559844
v -7.521646 6.487726 15.595151
v -7.288233 6.487726 15.653618
v -7.061674 6.487726 15.734681
v -6.844153 6.487726 15.837562
v -6.637762 6.487726 15.961267
v -6.444491 6.487726 16.104607
v -6.266200 6.487726 16.266200
v -6.104607 6.487726 16.444491
v -5.961267 6.487726 16.637762
v -5.837562 6.487726 16.844153
v -5.734681 6.487726 17.061674
v -5.653618 6.487726 17.288233
v -5.595151 6.487726 17.521646
v -5.559844 6.487726 17.759666
v -5.548037 6.487726 18.000000
v -5.512038 6.245043 18.000000
v -5.524018 6.245043 18.243863
v -5.559844 6.245043 18.485377
v -5.619169 6.245043 18.722217
v -5.701423 6.245043 18.952102
v -5.805814 6.245043 19.172817
v -5.931335 6.245043 19.382238
v -6.076780 6.245043 19.578346
v -6.240745 6.245043 19.759255
v -6.421654 6.245043 19.923220
v -6.617762 6.245043 20.068665
v -6.827183 6.245043 20.194186
v -7.047898 6.245043 20.298577
v -7.277783 6.245043 20.380831
v -7.514623 6.245043 20.440156
v -7.756137 6.245043 20.475982
v -8.000000 6.245043 20.487962
v -8.243863 6.245043 20.475982
v -8.485377 6.245043 20.440156
v -8.722217 6.245043 20.380831
v -8.952102 6.245043 20.298577
v -9.172817 6.245043 20.194186
v -9.382238 6.245043 20.068665
v -9.578346 6.245043 19.923220
v -9.759255 6.245043 19.759255
v -9.923220 6.245043 19.578346
v -10.068665 6.245043 19.382238
v -10.194186 6.245043 19.172817
v -10.298577 6.245043 18.952102
v -10.380831 6.245043 18.722217
v -10.440156 6.245043 18.485377
v -10.475982 6.245043 18.243863
v -10.487962 6.245043 18.000000
v -10.475982 6.245043 17.756137
v -10.440156 6.245043 17.514623
v -10.380831 6.245043 17.277783
v -10.298577 6.245043 17.047898
v -10.194186 6.245043 16.827183
v -10.068665 6.245043 16.617762
v -9.923220 6.245043 16.421654
v -9.759255 6.245043 16.240745
v -9.578346 6.245043 16.076780
v -9.382238 6.245043 15.931335
v -9.172817 6.245043 15.805814
v -8.952102 6.245043 15.701423
v -8.722217 6.245043 15.619169
v -8.485377 6.245043 15.559844
v -8.243863 6.245043 15.524018
v -8.000000 6.245043 15.512038
v -7.756137 6.245043 15.524018
v -7.514623 6.245043 15.559844
v -7.277783 6.245043 15.619169
v -7.047898 6.245043 15.701423
v -6.827183 6.245043 15.805814
v -6.617762 6.245043 15.931335
v -6.421654 6.245043 16.076780
v -6.240745 6.245043 16.240745
v -6.076780 6.245043 16.421654
v -5.931335 6.245043 16.617762
v -5.805814 6.245043 16.827183
v -5.701423 6.245043 17.047898
v -5.619169 6.245043 17.277783
v -5.559844 6.245043 17.514623
v -5.524018 6.245043 17.756137
v -5.512038 6.245043 18.000000
v -5.500000 6.000000 18.000000
v -5.512038 6.000000 18.245043
v -5.548037 6.000000 18.487726
v -5.607649 6.000000 18.725712
v -5.690301 6.000000 18.956709
v -5.795197 6.000000 19.178492
v -5.921326 6.000000 19.388926
v -6.067474 6.000000 19.585983
v -6.232233 6.000000 19.767767
v -6.414017 6.000000 19.932526
v -6.611074 6.000000 20.078674
v -6.821508 6.000000 20.204803
v -7.043291 6.000000 20.309699
v -7.274288 6.000000 20.392351
v -7.512274 6.000000 20.451963
v -7.754957 6.000000 20.487962
v -8.000000 6.000000 20.500000
v -8.245043 6.000000 20.487962
v -8.487726 6.000000 20.451963
v -8.725712 6.000000 20.392351
v -8.956709 6.000000 20.309699
v -9.178492 6.000000 20.204803
v -9.388926 6.000000 20.078674
v -9.585983 6.000000 19.932526
v -9.767767 6.000000 19.767767
v -9.932526 6.000000 19.585983
v -10.078674 6.000000 19.388926
v -10.204803 6.000000 19.178492
v -10.309699 6.000000 18.956709
v -10.392351 6.000000 18.725712
v -10.451963 6.000000 18.487726
v -10.487962 6.000000 18.245043
v -10.500000 6.000000 18.000000
v -10.487962 6.000000 17.754957
v -10.451963 6.000000 17.512274
v -10.392351 6.000000 17.274288
v -10.309699 6.000000 17.043291
v -10.204803 6.000000 16.821508
v -10.078674 6.000000 16.611074
v -9.932526 6.000000 16.414017
v -9.767767 6.000000 16.232233
v -9.585983 6.000000 16.067474
v -9.388926 6.000000 15.921326
v -9.178492 6.000000 15.795197
v -8.956709 6.000000 15.690301
v -8.725712 6.000000 15.607649
v -8.487726 6.000000 15.548037
v -8.245043 6.000000 15.512038
v -8.000000 6.000000 15.500000
v -7.754957 6.000000 15.512038
v -7.512274 6.000000 15.548037
v -7.274288 6.000000 15.607649
v -7.043291 6.000000 15.690301
v -6.821508 6.000000 15.795197
v -6.611074 6.000000 15.921326
v -6.414017 6.000000 16.067474
v -6.232233 6.000000 16.232233
v -6.067474 6.000000 16.414017
v -5.921326 6.000000 16.611074
v -5.795197 6.000000 16.821508
v -5.690301 6.000000 17.043291
v -5.607649 6.000000 17.274288
v -5.548037 6.000000 17.512274
v -5.512038 6.000000 17.754957
v -5.500000 6.000000 18.000000
v -5.512038 5.754957 18.000000
v -5.524018 5.754957 18.243863
v -5.559844 5.754957 18.485377
v -5.619169 5.754957 18.722217
v -5.701423 5.754957 18.952102
v -5.805814 5.754957 19.172817
v -5.931335 5.754957 19.382238
v -6.076780 5.754957 19.578346
v -6.240745 5.754957 19.759255
v -6.421654 5.754957 19.923220
v -6.617762 5.754957 20.068665
v -6.827183 5.754957 20.194186
v -7.047898 5.754957 20.298577
v -7.277783 5.754957 20.380831
v -7.514623 5.754957 20.440156
v -7.756137 5.754957 20.475982
v -8.000000 5.754957 20.487962
v -8.243863 5.754957 20.475982
v -8.485377 5.754957 20.440156
v -8.722217 5.754957 20.380831
v -8.952102 5.754957 20.298577
v -9.172817 5.754957 20.194186
v -9.382238 5.754957 20.068665
v -9.578346 5.754957 19.923220
v -9.759255 5.754957 19.759255
v -9.923220 5.754957 19.578346
v -10.068665 5.754957 19.382238
v -10.194186 5.754957 19.172817
v -10.298577 5.754957 18.952102
v -10.380831 5.754957 18.722217
v -10.440156 5.754957 18.485377
v -10.475982 5.754957 18.243863
v -10.487962 5.754957 18.000000
v -10.475982 5.754957 17.756137
v -10.440156 5.754957 17.514623
v -10.380831 5.754957 17.277783
v -10.298577 5.754957 17.047898
v -10.194186 5.754957 16.827183
v -10.068665 5.754957 16.617762
v -9.923220 5.754957 16.421654
v -9.759255 5.754957 16.240745
v -9.578346 5.754957 16.076780
v -9.382238 5.754957 15.931335
v -9.172817 5.754957 15.805814
v -8.952102 5.754957 15.701423
v -8.722217 5.754957 15.619169
v -8.485377 5.754957 15.559844
v -8.243863 5.754957 15.524018
v -8.000000 5.754957 15.512038
v -7.756137 5.754957 15.524018
v -7.514623 5.754957 15.559844
v -7.277783 5.754957 15.619169
v -7.047898 5.754957 15.701423
v -6.827183 5.754957 15.805814
v -6.617762 5.754957 15.931335
v -6.421654 5.754957 16.076780
v -6.240745 5.754957 16.240745
v -6.076780 5.754957 16.421654
v -5.931335 5.754957 16.617762
v -5.805814 5.754957 16.827183
v -5.701423 5.754957 17.047898
v -5.619169 5.754957 17.277783
v -5.559844 5.754957 17.514623
v -5.524018 5.754957 17.756137
v -5.512038 5.754957 18.000000
v -5.548037 5.512274 18.000000
v -5.559844 5.512274 18.240334
v -5.595151 5.512274 18.478354
v -5.653618 5.512274 18.711767
v -5.734681 5.512274 18.938326
v -5.837562 5.512274 19.155847
v -5.961267 5.512274 19.362238
v -6.104607 5.512274 19.555509
v -6.266200 5.512274 19.733800
v -6.444491 5.512274 19.895393
v -6.637762 5.512274 20.038733
v -6.844153 5.512274 20.162438
v -7.061674 5.512274 20.265319
v -7.288233 5.512274 20.346382
v -7.521646 5.512274 20.404849
v -7.759666 5.512274 20.440156
v -8.000000 5.512274 20.451963
v -8.240334 5.512274 20.440156
v -8.478354 5.512274 20.404849
v -8.711767 5.512274 20.346382
v -8.938326 5.512274 20.265319
v -9.155847 5.512274 20.162438
v -9.362238 5.512274 20.038733
v -9.555509 5.512274 19.895393
v -9.733800 5.512274 19.733800
v -9.895393 5.512274 19.555509
v -10.038733 5.512274 19.362238
v -10.162438 5.512274 19.155847
v -10.265319 5.512274 18.938326
v -10.346382 5.512274 18.711767
v -10.404849 5.512274 18.478354
v -10.440156 5.512274 18.240334
v -10.451963 5.512274 18.000000
v -10.440156 5.512274 17.759666
v -10.404849 5.512274 17.521646
v -10.346382 5.512274 17.288233
v -10.265319 5.512274 17.061674
v -10.162438 5.512274 16.844153
v -10.038733 5.512274 16.637762
v -9.895393 5.512274 16.444491
v -9.733800 5.512274 16.266200
v -9.555509 5.512274 16.104607
v -9.362238 5.512274 15.961267
v -9.155847 5.512274 15.837562
v -8.938326 5.512274 15.734681
v -8.711767 5.512274 15.653618
v -8.478354 5.512274 15.595151
v -8.240334 5.512274 15.559844
v -8.000000 5.512274 15.548037
v -7.759666 5.512274 15.559844
v -7.521646 5.512274 15.595151
v -7.288233 5.512274 15.653618
v -7.061674 5.512274 15.734681
v -6.844153 5.512274 15.837562
v -6.637762 5.512274 15.961267
v -6.444491 5.512274 16.104607
v -6.266200 5.512274 16.266200
v -6.104607 5.512274 16.444491
v -5.961267 5.512274 16.637762
v -5.837562 5.512274 16.844153
v -5.734681 5.512274 17.061674
v -5.653618 5.512274 17.288233
v -5.595151 5.512274 17.521646
v -5.559844 5.512274 17.759666
v -5.548037 5.512274 18.000000
v -5.607649 5.274288 18.000000
v -5.619169 5.274288 18.234491
v -5.653618 5.274288 18.466724
v -5.710663 5.274288 18.694463
v -5.789756 5.274288 18.915513
v -5.890135 5.274288 19.127746
v -6.010833 5.274288 19.329119
v -6.150688 5.274288 19.517691
v -6.308352 5.274288 19.691648
v -6.482309 5.274288 19.849312
v -6.670881 5.274288 19.989167
v -6.872254 5.274288 20.109865
v -7.084487 5.274288 20.210244
v -7.305537 5.274288 20.289337
v -7.533276 5.274288 20.346382
v -7.765509 5.274288 20.380831
v -8.000000 5.274288 20.392351
v -8.234491 5.274288 20.380831
v -8.466724 5.274288 20.346382
v -8.694463 5.274288 20.289337
v -8.915513 5.274288 20.210244
v -9.127746 5.274288 20.109865
v -9.329119 5.274288 19.989167
v -9.517691 5.274288 19.849312
v -9.691648 5.274288 19.691648
v -9.849312 5.274288 19.517691
v -9.989167 5.274288 19.329119
v -10.109865 5.274288 19.127746
v -10.210244 5.274288 18.915513
v -10.289337 5.274288 18.694463
v -10.346382 5.274288 18.466724
v -10.380831 5.274288 18.234491
v -10.392351 5.274288 18.000000
v -10.380831 5.274288 17.765509
v -10.346382 5.274288 17.533276
v -10.289337 5.274288 17.305537
v -10.210244 5.274288 17.084487
v -10.109865 5.274288 16.872254
v -9.989167 5.274288 16.670881
v -9.849312 5.274288 16.482309
v -9.691648 5.274288 16.308352
v -9.517691 5.274288 16.150688
v -9.329119 5.274288 16.010833
v -9.127746 5.274288 15.890135
v -8.915513 5.274288 15.789756
v -8.694463 5.274288 15.710663
v -8.466724 5.274288 15.653618
v -8.234491 5.274288 15.619169
v -8.000000 5.274288 15.607649
v -7.765509 5.274288 15.619169
v -7.533276 5.274288 15.653618
v -7.305537 5.274288 15.710663
v -7.084487 5.274288 15.789756
v -6.872254 5.274288 15.890135
v -6.670881 5.274288 16.010833
v -6.482309 5.274288 16.150688
v -6.308352 5.274288 16.308352
v -6.150688 5.274288 16.482309
v -6.010833 5.274288 16.670881
v -5.890135 5.274288 16.872254
v -5.789756 5.274288 17.084487
v -5.710663 5.274288 17.305537
v -5.653618 5.274288 17.533276
v -5.619169 5.274288 17.765509
v -5.607649 5.274288 18.000000
v -5.690301 5.043291 18.000000
v -5.701423 5.043291 18.226390
v -5.734681 5.043291 18.450600
v -5.789756 5.043291 18.670470
v -5.866117 5.043291 18.883883
v -5.963027 5.043291 19.088784
v -6.079556 5.043291 19.283200
v -6.214579 5.043291 19.465257
v -6.366796 5.043291 19.633204
v -6.534743 5.043291 19.785421
v -6.716800 5.043291 19.920444
v -6.911216 5.043291 20.036973
v -7.116117 5.043291 20.133883
v -7.329530 5.043291 20.210244
v -7.549400 5.043291 20.265319
v -7.773610 5.043291 20.298577
v -8.000000 5.043291 20.309699
v -8.226390 5.043291 20.298577
v -8.450600 5.043291 20.265319
v -8.670470 5.043291 20.210244
v -8.883883 5.043291 20.133883
v -9.088784 5.043291 20.036973
v -9.283200 5.043291 19.920444
v -9.465257 5.043291 19.785421
v -9.633204 5.043291 19.633204
v -9.785421 5.043291 19.465257
v -9.920444 5.043291 19.283200
v -10.036973 5.043291 19.088784
v -10.133883 5.043291 18.883883
v -10.210244 5.043291 18.670470
v -10.265319 5.043291 18.450600
v -10.298577 5.043291 18.226390
v -10.309699 5.043291 18.000000
v -10.298577 5.043291 17.773610
v -10.265319 5.043291 17.549400
v -10.210244 5.043291 17.329530
v -10.133883 5.043291 17.116117
v -10.036973 5.043291 16.911216
v -9.920444 5.043291 16.716800
v -9.785421 5.043291 16.534743
v -9.633204 5.043291 16.366796
v -9.465257 5.043291 16.214579
v -9.283200 5.043291 16.079556
v -9.088784 5.043291 15.963027
v -8.883883 5.043291 15.866117
v -8.670470 5.043291 15.789756
v -8.450600 5.043291 15.734681
v -8.226390 5.043291 15.701423
v -8.000000 5.043291 15.690301
v -7.773610 5.043291 15.701423
v -7.549400 5.043291 15.734681
v -7.329530 5.043291 15.789756
v -7.116117 5.043291 15.866117
v -6.911216 5.043291 15.963027
v -6.716800 5.043291 16.079556
v -6.534743 5.043291 16.214579
v -6.366796 5.043291 16.366796
v -6.214579 5.043291 16.534743
v -6.079556 5.043291 16.716800
v -5.963027 5.043291 16.911216
v -5.866117 5.043291 17.116117
v -5.789756 5.043291 17.329530
v -5.734681 5.043291 17.549400
v -5.701423 5.043291 17.773610
v -5.690301 5.043291 18.000000
v -5.795197 4.821508 18.000000
v -5.805814 4.821508 18.216109
v -5.837562 4.821508 18.430136
v -5.890135 4.821508 18.640021
v -5.963027 4.821508 18.843742
v -6.055537 4.821508 19.039337
v -6.166773 4.821508 19.224923
v -6.295664 4.821508 19.398712
v -6.440969 4.821508 19.559031
v -6.601288 4.821508 19.704336
v -6.775077 4.821508 19.833227
v -6.960663 4.821508 19.944463
v -7.156258 4.821508 20.036973
v -7.359979 4.821508 20.109865
v -7.569864 4.821508 20.162438
v -7.783891 4.821508 20.194186
v -8.000000 4.821508 20.204803
v -8.216109 4.821508 20.194186
v -8.430136 4.821508 20.162438
v -8.640021 4.821508 20.109865
v -8.843742 4.821508 20.036973
v -9.039337 4.821508 19.944463
v -9.224923 4.821508 19.833227
v -9.398712 4.821508 19.704336
v -9.559031 4.821508 19.559031
v -9.704336 4.821508 19.398712
v -9.833227 4.821508 19.224923
v -9.944463 4.821508 19.039337
v -10.036973 4.821508 18.843742
v -10.109865 4.821508 18.640021
v -10.162438 4.821508 18.430136
v -10.194186 4.821508 18.216109
v -10.204803 4.821508 18.000000
v -10.194186 4.821508 17.783891
v -10.162438 4.821508 17.569864
v -10.109865 4.821508 17.359979
v -10.036973 4.821508 17.156258
v -9.944463 4.821508 16.960663
v -9.833227 4.821508 16.775077
v -9.704336 4.821508 16.601288
v -9.559031 4.821508 16.440969
v -9.398712 4.821508 16.295664
v -9.224923 4.821508 16.166773
v -9.039337 4.821508 16.055537
v -8.843742 4.821508 15.963027
v -8.640021 4.821508 15.890135
v -8.430136 4.821508 15.837562
v -8.216109 4.821508 15.805814
v -8.000000 4.821508 15.795197
v -7.783891 4.821508 15.805814
v -7.569864 4.821508 15.837562
v -7.359979 4.821508 15.890135
v -7.156258 4.821508 15.963027
v -6.960663 4.821508 16.055537
v -6.775077 4.821508 16.166773
v -6.601288 4.821508 16.295664
v -6.440969 4.821508 16.440969
v -6.295664 4.821508 16.601288
v -6.166773 4.821508 16.775077
v -6.055537 4.821508 16.960663
v -5.963027 4.821508 17.156258
v -5.890135 4.821508 17.359979
v -5.837562 4.821508 17.569864
v -5.805814 4.821508 17.783891
v -5.795197 4.821508 18.000000
v -5.921326 4.611074 18.000000
v -5.931335 4.611074 18.203746
v -5.961267 4.611074 18.405529
v -6.010833 4.611074 18.603407
v -6.079556 4.611074 18.795474
v -6.166773 4.611074 18.979880
v -6.271646 4.611074 19.154849
v -6.393163 4.611074 19.318697
v -6.530155 4.611074 19.469845
v -6.681303 4.611074 19.606837
v -6.845151 4.611074 19.728354
v -7.020120 4.611074 19.833227
v -7.204526 4.611074 19.920444
v -7.396593 4.611074 19.989167
v -7.594471 4.611074 20.038733
v -7.796254 4.611074 20.068665
v -8.000000 4.611074 20.078674
v -8.203746 4.611074 20.068665
v -8.405529 4.611074 20.038733
v -8.603407 4.611074 19.989167
v -8.795474 4.611074 19.920444
v -8.979880 4.611074 19.833227
v -9.154849 4.611074 19.728354
v -9.318697 4.611074 19.606837
v -9.469845 4.611074 19.469845
v -9.606837 4.611074 19.318697
v -9.728354 4.611074 19.154849
v -9.833227 4.611074 18.979880
v -9.920444 4.611074 18.795474
v -9.989167 4.611074 18.603407
v -10.038733 4.611074 18.405529
v -10.068665 4.611074 18.203746
v -10.078674 4.611074 18.000000
v -10.068665 4.611074 17.796254
v -10.038733 4.611074 17.594471
v -9.989167 4.611074 17.396593
v -9.920444 4.611074 17.204526
v -9.833227 4.611074 17.020120
v -9.728354 4.611074 16.845151
v -9.606837 4.611074 16.681303
v -9.469845 4.611074 16.530155
v -9.318697 4.611074 16.393163
v -9.154849 4.611074 16.271646
v -8.979880 4.611074 16.166773
v -8.795474 4.611074 16.079556
v -8.603407 4.611074 16.010833
v -8.405529 4.611074 15.961267
v -8.203746 4.611074 15.931335
v -8.000000 4.611074 15.921326
v -7.796254 4.611074 15.931335
v -7.594471 4.611074 15.961267
v -7.396593 4.611074 16.010833
v -7.204526 4.611074 16.079556
v -7.020120 4.611074 16.166773
v -6.845151 4.611074 16.271646
v -6.681303 4.611074 16.393163
v -6.530155 4.611074 16.530155
v -6.393163 4.611074 16.681303
v -6.271646 4.611074 16.845151
v -6.166773 4.611074 17.020120
v -6.079556 4.611074 17.204526
v -6.010833 4.611074 17.396593
v -5.961267 4.611074 17.594471
v -5.931335 4.611074 17.796254
v -5.921326 4.611074 18.000000
v -6.067474 4.414017 18.000000
v -6.076780 4.414017 18.189421
v -6.104607 4.414017 18.377017
v -6.150688 4.414017 18.560983
v -6.214579 4.414017 18.739546
v -6.295664 4.414017 18.910987
v -6.393163 4.414017 19.073654
v -6.506137 4.414017 19.225982
v -6.633498 4.414017 19.366502
v -6.774018 4.414017 19.493863
v -6.926346 4.414017 19.606837
v -7.089013 4.414017 19.704336
v -7.260454 4.414017 19.785421
v -7.439017 4.414017 19.849312
v -7.622983 4.414017 19.895393
v -7.810579 4.414017 19.923220
v -8.000000 4.414017 19.932526
v -8.189421 4.414017 19.923220
v -8.377017 4.414017 19.895393
v -8.560983 4.414017 19.849312
v -8.739546 4.414017 19.785421
v -8.910987 4.414017 19.704336
v -9.073654 4.414017 19.606837
v -9.225982 4.414017 19.493863
v -9.366502 4.414017 19.366502
v -9.493863 4.414017 19.225982
v -9.606837 4.414017 19.073654
v -9.704336 4.414017 18.910987
v -9.785421 4.414017 18.739546
v -9.849312 4.414017 18.560983
v -9.895393 4.414017 18.377017
v -9.923220 4.414017 18.189421
v -9.932526 4.414017 18.000000
v -9.923220 4.414017 17.810579
v -9.895393 4.414017 17.622983
v -9.849312 4.414017 17.439017
v -9.785421 4.414017 17.260454
v -9.704336 4.414017 17.089013
v -9.606837 4.414017 16.926346
v -9.493863 4.414017 16.774018
v -9.366502 4.414017 16.633498
v -9.225982 4.414017 16.506137
v -9.073654 4.414017 16.393163
v -8.910987 4.414017 16.295664
v -8.739546 4.414017 16.214579
v -8.560983 4.414017 16.150688
v -8.377017 4.414017 16.104607
v -8.189421 4.414017 16.076780
v -8.000000 4.414017 16.067474
v -7.810579 4.414017 16.076780
v -7.622983 4.414017 16.104607
v -7.439017 4.414017 16.150688
v -7.260454 4.414017 16.214579
v -7.089013 4.414017 16.295664
v -6.926346 4.414017 16.393163
v -6.774018 4.414017 16.506137
v -6.633498 4.414017 16.633498
v -6.506137 4.414017 16.774018
v -6.393163 4.414017 16.926346
v -6.295664 4.414017 17.089013
v -6.214579 4.414017 17.260454
v -6.150688 4.414017 17.439017
v -6.104607 4.414017 17.622983
v -6.076780 4.414017 17.810579
v -6.067474 4.414017 18.000000
v -6.232233 4.232233 18.000000
v -6.240745 4.232233 18.173271
v -6.266200 4.232233 18.344874
v -6.308352 4.232233 18.513156
v -6.366796 4.232233 18.676495
v -6.440969 4.232233 18.833320
v -6.530155 4.232233 18.982119
v -6.633498 4.232233 19.121459
v -6.750000 4.232233 19.250000
v -6.878541 4.232233 19.366502
v -7.017881 4.232233 19.469845
v -7.166680 4.232233 19.559031
v -7.323505 4.232233 19.633204
v -7.486844 4.232233 19.691648
v -7.655126 4.232233 19.733800
v -7.826729 4.232233 19.759255
v -8.000000 4.232233 19.767767
v -8.173271 4.232233 19.759255
v -8.344874 4.232233 19.733800
v -8.513156 4.232233 19.691648
v -8.676495 4.232233 19.633204
v -8.833320 4.232233 19.559031
v -8.982119 4.232233 19.469845
v -9.121459 4.232233 19.366502
v -9.250000 4.232233 19.250000
v -9.366502 4.232233 19.121459
v -9.469845 4.232233 18.982119
v -9.559031 4.232233 18.833320
v -9.633204 4.232233 18.676495
v -9.691648 4.232233 18.513156
v -9.733800 4.232233 18.344874
v -9.759255 4.232233 18.173271
v -9.767767 4.232233 18.000000
v -9.759255 4.232233 17.826729
v -9.733800 4.232233 17.655126
v -9.691648 4.232233 17.486844
v -9.633204 4.232233 17.323505
v -9.559031 4.232233 17.166680
v -9.469845 4.232233 17.017881
v -9.366502 4.232233 16.878541
v -9.250000 4.232233 16.750000
v -9.121459 4.232233 16.633498
v -8.982119 4.232233 16.530155
v -8.833320 4.232233 16.440969
v -8.676495 4.232233 16.366796
v -8.513156 4.232233 16.308352
v -8.344874 4.232233 16.266200
v -8.173271 4.232233 16.240745
v -8.000000 4.232233 16.232233
v -7.826729 4.232233 16.240745
v -7.655126 4.232233 16.266200
v -7.486844 4.232233 16.308352
v -7.323505 4.232233 16.366796
v -7.166680 4.232233 16.440969
v -7.017881 4.232233 16.530155
v -6.878541 4.232233 16.633498
v -6.750000 4.232233 16.750000
v -6.633498 4.232233 16.878541
v -6.530155 4.232233 17.017881
v -6.440969 4.232233 17.166680
v -6.366796 4.232233 17.323505
v -6.308352 4.232233 17.486844
v -6.266200 4.232233 17.655126
v -6.240745 4.232233 17.826729
v -6.232233 4.232233 18.000000
v -6.414017 4.067474 18.000000
v -6.421654 4.067474 18.155454
v -6.444491 4.067474 18.309410
v -6.482309 4.067474 18.460387
v -6.534743 4.067474 18.606929
v -6.601288 4.067474 18.747627
v -6.681303 4.067474 18.881125
v -6.774018 4.067474 19.006137
v -6.878541 4.067474 19.121459
v -6.993863 4.067474 19.225982
v -7.118875 4.067474 19.318697
v -7.252373 4.067474 19.398712
v -7.393071 4.067474 19.465257
v -7.539613 4.067474 19.517691
v -7.690590 4.067474 19.555509
v -7.844546 4.067474 19.578346
v -8.000000 4.067474 19.585983
v -8.155454 4.067474 19.578346
v -8.309410 4.067474 19.555509
v -8.460387 4.067474 19.517691
v -8.606929 4.067474 19.465257
v -8.747627 4.067474 19.398712
v -8.881125 4.067474 19.318697
v -9.006137 4.067474 19.225982
v -9.121459 4.067474 19.121459
v -9.225982 4.067474 19.006137
v -9.318697 4.067474 18.881125
v -9.398712 4.067474 18.747627
v -9.465257 4.067474 18.606929
v -9.517691 4.067474 18.460387
v -9.555509 4.067474 18.309410
v -9.578346 4.067474 18.155454
v -9.585983 4.067474 18.000000
v -9.578346 4.067474 17.844546
v -9.555509 4.067474 17.690590
v -9.517691 4.067474 17.539613
v -9.465257 4.067474 17.393071
v -9.398712 4.067474 17.252373
v -9.318697 4.067474 17.118875
v -9.225982 4.067474 16.993863
v -9.121459 4.067474 16.878541
v -9.006137 4.067474 16.774018
v -8.881125 4.067474 16.681303
v -8.747627 4.067474 16.601288
v -8.606929 4.067474 16.534743
v -8.460387 4.067474 16.482309
v -8.309410 4.067474 16.444491
v -8.155454 4.067474 16.421654
v -8.000000 4.067474 16.414017
v -7.844546 4.067474 16.421654
v -7.690590 4.067474 16.444491
v -7.539613 4.067474 16.482309
v -7.393071 4.067474 16.534743
v -7.252373 4.067474 16.601288
v -7.118875 4.067474 16.681303
v -6.993863 4.067474 16.774018
v -6.878541 4.067474 16.878541
v -6.774018 4.067474 16.993863
v -6.681303 4.067474 17.118875
v -6.601288 4.067474 17.252373
v -6.534743 4.067474 17.393071
v -6.482309 4.067474 17.539613
v -6.444491 4.067474 17.690590
v -6.421654 4.067474 17.844546
v -6.414017 4.067474 18.000000
v -6.611074 3.921326 18.000000
v -6.617762 3.921326 18.136139
v -6.637762 3.921326 18.270966
v -6.670881 3.921326 18.403184
v -6.716800 3.921326 18.531519
v -6.775077 3.921326 18.654735
v -6.845151 3.921326 18.771646
v -6.926346 3.921326 18.881125
v -7.017881 3.921326 18.982119
v -7.118875 3.921326 19.073654
v -7.228354 3.921326 19.154849
v -7.345265 3.921326 19.224923
v -7.468481 3.921326 19.283200
v -7.596816 3.921326 19.329119
v -7.729034 3.921326 19.362238
v -7.863861 3.921326 19.382238
v -8.000000 3.921326 19.388926
v -8.136139 3.921326 19.382238
v -8.270966 3.921326 19.362238
v -8.403184 3.921326 19.329119
v -8.531519 3.921326 19.283200
v -8.654735 3.921326 19.224923
v -8.771646 3.921326 19.154849
v -8.881125 3.921326 19.073654
v -8.982119 3.921326 18.982119
v -9.073654 3.921326 18.881125
v -9.154849 3.921326 18.771646
v -9.224923 3.921326 18.654735
v -9.283200 3.921326 18.531519
v -9.329119 3.921326 18.403184
v -9.362238 3.921326 18.270966
v -9.382238 3.921326 18.136139
v -9.388926 3.921326 18.000000
v -9.382238 3.921326 17.863861
v -9.362238 3.921326 17.729034
v -9.329119 3.921326 17.596816
v -9.283200 3.921326 17.468481
v -9.224923 3.921326 17.345265
v -9.154849 3.921326 17.228354
v -9.073654 3.921326 17.118875
v -8.982119 3.921326 17.017881
v -8.881125 3.921326 16.926346
v -8.771646 3.921326 16.845151
v -8.654735 3.921326 16.775077
v -8.531519 3.921326 16.716800
v -8.403184 3.921326 16.670881
v -8.270966 3.921326 16.637762
v -8.136139 3.921326 16.617762
v -8.000000 3.921326 16.611074
v -7.863861 3.921326 16.617762
v -7.729034 3.921326 16.637762
v -7.596816 3.921326 16.670881
v -7.468481 3.921326 16.716800
v -7.345265 3.921326 16.775077
v -7.228354 3.921326 16.845151
v -7.118875 3.921326 16.926346
v -7.017881 3.921326 17.017881
v -6.926346 3.921326 17.118875
v -6.845151 3.921326 17.228354
v -6.775077 3.921326 17.345265
v -6.716800 3.921326 17.468481
v -6.670881 3.921326 17.596816
v -6.637762 3.921326 17.729034
v -6.617762 3.921326 17.863861
v -6.611074 3.921326 18.000000
v -6.821508 3.795197 18.000000
v -6.827183 3.795197 18.115512
v -6.844153 3.795197 18.229912
v -6.872254 3.795197 18.342098
v -6.911216 3.795197 18.450989
v -6.960663 3.795197 18.555537
v -7.020120 3.795197 18.654735
v -7.089013 3.795197 18.747627
v -7.166680 3.795197 18.833320
v -7.252373 3.795197 18.910987
v -7.345265 3.795197 18.979880
v -7.444463 3.795197 19.039337
v -7.549011 3.795197 19.088784
v -7.657902 3.795197 19.127746
v -7.770088 3.795197 19.155847
v -7.884488 3.795197 19.172817
v -8.000000 3.795197 19.178492
v -8.115512 3.795197 19.172817
v -8.229912 3.795197 19.155847
v -8.342098 3.795197 19.127746
v -8.450989 3.795197 19.088784
v -8.555537 3.795197 19.039337
v -8.654735 3.795197 18.979880
v -8.747627 3.795197 18.910987
v -8.833320 3.795197 18.833320
v -8.910987 3.795197 18.747627
v -8.979880 3.795197 18.654735
v -9.039337 3.795197 18.555537
v -9.088784 3.795197 18.450989
v -9.127746 3.795197 18.342098
v -9.155847 3.795197 18.229912
v -9.172817 3.795197 18.115512
v -9.178492 3.795197 18.000000
v -9.172817 3.795197 17.884488
v -9.155847 3.795197 17.770088
v -9.127746 3.795197 17.657902
v -9.088784 3.795197 17.549011
v -9.039337 3.795197 17.444463
v -8.979880 3.795197 17.345265
v -8.910987 3.795197 17.252373
v -8.833320 3.795197 17.166680
v -8.747627 3.795197 17.089013
v -8.654735 3.795197 17.020120
v -8.555537 3.795197 16.960663
v -8.450989 3.795197 16.911216
v -8.342098 3.795197 16.872254
v -8.229912 3.795197 16.844153
v -8.115512 3.795197 16.827183
v -8.000000 3.795197 16.821508
v -7.884488 3.795197 16.827183
v -7.770088 3.795197 16.844153
v -7.657902 3.795197 16.872254
v -7.549011 3.795197 16.911216
v -7.444463 3.795197 16.960663
v -7.345265 3.795197 17.020120
v -7.252373 3.795197 17.089013
v -7.166680 3.795197 17.166680
v -7.089013 3.795197 17.252373
v -7.020120 3.795197 17.345265
v -6.960663 3.795197 17.444463
v -6.911216 3.795197 17.549011
v -6.872254 3.795197 17.657902
v -6.844153 3.795197 17.770088
v -6.827183 3.795197 17.884488
v -6.821508 3.795197 18.000000
v -7.043291 3.690301 18.000000
v -7.047898 3.690301 18.093774
v -7.061674 3.690301 18.186645
v -7.084487 3.690301 18.277718
v -7.116117 3.690301 18.366117
v -7.156258 3.690301 18.450989
v -7.204526 3.690301 18.531519
v -7.260454 3.690301 18.606929
v -7.323505 3.690301 18.676495
v -7.393071 3.690301 18.739546
v -7.468481 3.690301 18.795474
v -7.549011 3.690301 18.843742
v -7.633883 3.690301 18.883883
v -7.722282 3.690301 18.915513
v -7.813355 3.690301 18.938326
v -7.906226 3.690301 18.952102
v -8.000000 3.690301 18.956709
v -8.093774 3.690301 18.952102
v -8.186645 3.690301 18.938326
v -8.277718 3.690301 18.915513
v -8.366117 3.690301 18.883883
v -8.450989 3.690301 18.843742
v -8.531519 3.690301 18.795474
v -8.606929 3.690301 18.739546
v -8.676495 3.690301 18.676495
v -8.739546 3.690301 18.606929
v -8.795474 3.690301 18.531519
v -8.843742 3.690301 18.450989
v -8.883883 3.690301 18.366117
v -8.915513 3.690301 18.277718
v -8.938326 3.690301 18.186645
v -8.952102 3.690301 18.093774
v -8.956709 3.690301 18.000000
v -8.952102 3.690301 17.906226
v -8.938326 3.690301 17.813355
v -8.915513 3.690301 17.722282
v -8.883883 3.690301 17.633883
v -8.843742 3.690301 17.549011
v -8.795474 3.690301 17.468481
v -8.739546 3.690301 17.393071
v -8.676495 3.690301 17.323505
v -8.606929 3.690301 17.260454
v -8.531519 3.690301 17.204526
v -8.450989 3.690301 17.156258
v -8.366117 3.690301 17.116117
v -8.277718 3.690301 17.084487
v -8.186645 3.690301 17.061674
v -8.093774 3.690301 17.047898
v -8.000000 3.690301 17.043291
v -7.906226 3.690301 17.047898
v -7.813355 3.690301 17.061674
v -7.722282 3.690301 17.084487
v -7.633883 3.690301 17.116117
v -7.549011 3.690301 17.156258
v -7.468481 3.690301 17.204526
v -7.393071 3.690301 17.260454
v -7.323505 3.690301 17.323505
v -7.260454 3.690301 17.393071
v -7.204526 3.690301 17.468481
v -7.156258 3.690301 17.549011
v -7.116117 3.690301 17.633883
v -7.084487 3.690301 17.722282
v -7.061674 3.690301 17.813355
v -7.047898 3.690301 17.906226
v -7.043291 3.690301 18.000000
v -7.274288 3.607649 18.000000
v -7.277783 3.607649 18.071132
v -7.288233 3.607649 18.141579
v -7.305537 3.607649 18.210663
v -7.329530 3.607649 18.277718
v -7.359979 3.607649 18.342098
v -7.396593 3.607649 18.403184
v -7.439017 3.607649 18.460387
v -7.486844 3.607649 18.513156
v -7.539613 3.607649 18.560983
v -7.596816 3.607649 18.603407
v -7.657902 3.607649 18.640021
v -7.722282 3.607649 18.670470
v -7.789337 3.607649 18.694463
v -7.858421 3.607649 18.711767
v -7.928868 3.607649 18.722217
v -8.000000 3.607649 18.725712
v -8.071132 3.607649 18.722217
v -8.141579 3.607649 18.711767
v -8.210663 3.607649 18.694463
v -8.277718 3.607649 18.670470
v -8.342098 3.607649 18.640021
v -8.403184 3.607649 18.603407
v -8.460387 3.607649 18.560983
v -8.513156 3.607649 18.513156
v -8.560983 3.607649 18.460387
v -8.603407 3.607649 18.403184
v -8.640021 3.607649 18.342098
v -8.670470 3.607649 18.277718
v -8.694463 3.607649 18.210663
v -8.711767 3.607649 18.141579
v -8.722217 3.607649 18.071132
v -8.725712 3.607649 18.000000
v -8.722217 3.607649 17.928868
v -8.711767 3.607649 17.858421
v -8.694463 3.607649 17.789337
v -8.670470 3.607649 17.722282
v -8.640021 3.607649 17.657902
v -8.603407 3.607649 17.596816
v -8.560983 3.607649 17.539613
v -8.513156 3.607649 17.486844
v -8.460387 3.607649 17.439017
v -8.403184 3.607649 17.396593
v -8.342098 3.607649 17.359979
v -8.277718 3.607649 17.329530
v -8.210663 3.607649 17.305537
v -8.141579 3.607649 17.288233
v -8.071132 3.607649 17.277783
v -8.000000 3.607649 17.274288
v -7.928868 3.607649 17.277783
v -7.858421 3.607649 17.288233
v -7.789337 3.607649 17.305537
v -7.722282 3.607649 17.329530
v -7.657902 3.607649 17.359979
v -7.596816 3.607649 17.396593
v -7.539613 3.607649 17.439017
v -7.486844 3.607649 17.486844
v -7.439017 3.607649 17.539613
v -7.396593 3.607649 17.596816
v -7.359979 3.607649 17.657902
v -7.329530 3.607649 17.722282
v -7.305537 3.607649 17.789337
v -7.288233 3.607649 17.858421
v -7.277783 3.607649 17.928868
v -7.274288 3.607649 18.000000
v -7.512274 3.548037 18.000000
v -7.514623 3.548037 18.047805
v -7.521646 3.548037 18.095151
v -7.533276 3.548037 18.141579
v -7.549400 3.548037 18.186645
v -7.569864 3.548037 18.229912
v -7.594471 3.548037 18.270966
v -7.622983 3.548037 18.309410
v -7.655126 3.548037 18.344874
v -7.690590 3.548037 18.377017
v -7.729034 3.548037 18.405529
v -7.770088 3.548037 18.430136
v -7.813355 3.548037 18.450600
v -7.858421 3.548037 18.466724
v -7.904849 3.548037 18.478354
v -7.952195 3.548037 18.485377
v -8.000000 3.548037 18.487726
v -8.047805 3.548037 18.485377
v -8.095151 3.548037 18.478354
v -8.141579 3.548037 18.466724
v -8.186645 3.548037 18.450600
v -8.229912 3.548037 18.430136
v -8.270966 3.548037 18.405529
v -8.309410 3.548037 18.377017
v -8.344874 3.548037 18.344874
v -8.377017 3.548037 18.309410
v -8.405529 3.548037 18.270966
v -8.430136 3.548037 18.229912
v -8.450600 3.548037 18.186645
v -8.466724 3.548037 18.141579
v -8.478354 3.548037 18.095151
v -8.485377 3.548037 18.047805
v -8.487726 3.548037 18.000000
v -8.485377 3.548037 17.952195
v -8.478354 3.548037 17.904849
v -8.466724 3.548037 17.858421
v -8.450600 3.548037 17.813355
v -8.430136 3.548037 17.770088
v -8.405529 3.548037 17.729034
v -8.377017 3.548037 17.690590
v -8.344874 3.548037 17.655126
v -8.309410 3.548037 17.622983
v -8.270966 3.548037 17.594471
v -8.229912 3.548037 17.569864
v -8.186645 3.548037 17.549400
v -8.141579 3.548037 17.533276
v -8.095151 3.548037 17.521646
v -8.047805 3.548037 17.514623
v -8.000000 3.548037 17.512274
v -7.952195 3.548037 17.514623
v -7.904849 3.548037 17.521646
v -7.858421 3.548037 17.533276
v -7.813355 3.548037 17.549400
v -7.770088 3.548037 17.569864
v -7.729034 3.548037 17.594471
v -7.690590 3.548037 17.622983
v -7.655126 3.548037 17.655126
v -7.622983 3.548037 17.690590
v -7.594471 3.548037 17.729034
v -7.569864 3.548037 17.770088
v -7.549400 3.548037 17.813355
v -7.533276 3.548037 17.858421
v -7.521646 3.548037 17.904849
v -7.514623 3.548037 17.952195
v -7.512274 3.548037 18.000000
v -7.754957 3.512038 18.000000
v -7.756137 3.512038 18.024018
v -7.759666 3.512038 18.047805
v -7.765509 3.512038 18.071132
v -7.773610 3.512038 18.093774
v -7.783891 3.512038 18.115512
v -7.796254 3.512038 18.136139
v -7.810579 3.512038 18.155454
v -7.826729 3.512038 18.173271
v -7.844546 3.512038 18.189421
v -7.863861 3.512038 18.203746
v -7.884488 3.512038 18.216109
v -7.906226 3.512038 18.226390
v -7.928868 3.512038 18.234491
v -7.952195 3.512038 18.240334
v -7.975982 3.512038 18.243863
v -8.000000 3.512038 18.245043
v -8.024018 3.512038 18.243863
v -8.047805 3.512038 18.240334
v -8.071132 3.512038 18.234491
v -8.093774 3.512038 18.226390
v -8.115512 3.512038 18.216109
v -8.136139 3.512038 18.203746
v -8.155454 3.512038 18.189421
v -8.173271 3.512038 18.173271
v -8.189421 3.512038 18.155454
v -8.203746 3.512038 18.136139
v -8.216109 3.512038 18.115512
v -8.226390 3.512038 18.093774
v -8.234491 3.512038 18.071132
v -8.240334 3.512038 18.047805
v -8.243863 3.512038 18.024018
v -8.245043 3.512038 18.000000
v -8.243863 3.512038 17.975982
v -8.240334 3.512038 17.952195
v -8.234491 3.512038 17.928868
v -8.226390 3.512038 17.906226
v -8.216109 3.512038 17.884488
v -8.203746 3.512038 17.863861
v -8.189421 3.512038 17.844546
v -8.173271 3.512038 17.826729
v -8.155454 3.512038 17.810579
v -8.136139 3.512038 17.796254
v -8.115512 3.512038 17.783891
v -8.093774 3.512038 17.773610
v -8.071132 3.512038 17.765509
v -8.047805 3.512038 17.759666
v -8.024018 3.512038 17.756137
v -8.000000 3.512038 17.754957
v -7.975982 3.512038 17.756137
v -7.952195 3.512038 17.759666
v -7.928868 3.512038 17.765509
v -7.906226 3.512038 17.773610
v -7.884488 3.512038 17.783891
v -7.863861 3.512038 17.796254
v -7.844546 3.512038 17.810579
v -7.826729 3.512038 17.826729
v -7.810579 3.512038 17.844546
v -7.796254 3.512038 17.863861
v -7.783891 3.512038 17.884488
v -7.773610 3.512038 17.906226
v -7.765509 3.512038 17.928868
v -7.759666 3.512038 17.952195
v -7.756137 3.512038 17.975982
v -7.754957 3.512038 18.000000
v -8.000000 3.500000 18.000000
v -8.000000 3.500000 18.000000
v -8.000000 3.500000 18.000000
v -8.000000 3.500000 18.000000
v -8.000000 3.500000 18.000000
v -8.000000 3.500000 18.000000
v -8.000000 3.500000 18.000000
v -8.000000 3.500000 18.000000
v -8.000000 3.500000 18.000000
v -8.000000 3.500000 18.000000
v -8.000000 3.500000 18.000000
v -8.000000 3.500000 18.000000
v -8.000000 3.500000 18.000000
v -8.000000 3.500000 18.000000
v -8.000000 3.500000 18.000000
v -8.000000 3.500000 18.000000
v -8.000000 3.500000 18.000000
v -8.000000 3.500000 18.000000
v -8.000000 3.500000 18.000000
v -8.000000 3.500000 18.000000
v -8.000000 3.500000 18.000000
v -8.000000 3.500000 18.000000
v -8.000000 3.500000 18.000000
v -8.000000 3.500000 18.000000
v -8.000000 3.500000 18.000000
v -8.000000 3.500000 18.000000
v -8.000000 3.500000 18.000000
v -8.000000 3.500000 18.000000
v -8.000000 3.500000 18.000000
v -8.000000 3.500000 18.000000
v -8.000000 3.500000 18.000000
v -8.000000 3.500000 18.000000
v -8.000000 3.500000 18.000000
v -8.000000 3.500000 18.000000
v -8.000000 3.500000 18.000000
v -8.000000 3.500000 18.000000
v -8.000000 3.500000 18.000000
v -8.000000 3.500000 18.000000
v -8.000000 3.500000 18.000000
v -8.000000 3.500000 18.000000
v -8.000000 3.500000 18.000000
v -8.000000 3.500000 18.000000
v -8.000000 3.500000 18.000000
v -8.000000 3.500000 18.000000
v -8.000000 3.500000 18.000000
v -8.000000 3.500000 18.000000
v -8.000000 3.500000 18.000000
v -8.000000 3.500000 18.000000
v -8.000000 3.500000 18.000000
v -8.000000 3.500000 18.000000
v -8.000000 3.500000 18.000000
v -8.000000 3.500000 18.000000
v -8.000000 3.500000 18.000000
v -8.000000 3.500000 18.000000
v -8.000000 3.500000 18.000000
v -8.000000 3.500000 18.000000
v -8.000000 3.500000 18.000000
v -8.000000 3.500000 18.000000
v -8.000000 3.500000 18.000000
v -8.000000 3.500000 18.000000
v -8.000000 3.500000 18.000000
v -8.000000 3.500000 18.000000
v -8.000000 3.500000 18.000000
v -8.000000 3.500000 18.000000
v -8.000000 3.500000 18.000000
vt 0.000000 0.000000
vt 0.015625 0.000000
vt 0.031250 0.000000
vt 0.046875 0.000000
vt 0.062500 0.000000
vt 0.078125 0.000000
vt 0.093750 0.000000
vt 0.109375 0.000000
vt 0.125000 0.000000
vt 0.140625 0.000000
vt 0.156250 0.000000
vt 0.171875 0.000000
vt 0.187500 0.000000
vt 0.203125 0.000000
vt 0.218750 0.000000
vt 0.234375 0.000000
vt 0.250000 0.000000
vt 0.265625 0.000000
vt 0.281250 0.000000
vt 0.296875 0.000000
vt 0.312500 0.000000
vt 0.328125 0.000000
vt 0.343750 0.000000
vt 0.359375 0.000000
vt 0.375000 0.000000
vt 0.390625 0.000000
vt 0.406250 0.000000
vt 0.421875 0.000000
vt 0.437500 0.000000
vt 0.453125 0.000000
vt 0.468750 0.000000
vt 0.484375 0.000000
vt 0.500000 0.000000
vt 0.515625 0.000000
vt 0.531250 0.000000
vt 0.546875 0.000000
vt 0.562500 0.000000
vt 0.578125 0.000000
vt 0.593750 0.000000
vt 0.609375 0.000000
vt 0.625000 0.000000
vt 0.640625 0.000000
vt 0.656250 0.000000
vt 0.671875 0.000000
vt 0.687500 0.000000
vt 0.703125 0.000000
vt 0.718750 0.000000
vt 0.734375 0.000000
vt 0.750000 0.000000
vt 0.765625 0.000000
vt 0.781250 0.000000
vt 0.796875 0.000000
vt 0.812500 0.000000
vt 0.828125 0.000000
vt 0.843750 0.000000
vt 0.859375 0.000000
vt 0.875000 0.000000
vt 0.890625 0.000000
vt 0.906250 0.000000
vt 0.921875 0.000000
vt 0.937500 0.000000
vt 0.953125 0.000000
vt 0.968750 0.000000
vt 0.984375 0.000000
vt 1.000000 0.000000
vt 0.000000 0.031250
vt 0.015625 0.031250
vt 0.031250 0.031250
vt 0.046875 0.031250
vt 0.062500 0.031250
vt 0.078125 0.031250
vt 0.093750 0.031250
vt 0.109375 0.031250
vt 0.125000 0.031250
vt 0.140625 0.031250
vt 0.156250 0.031250
vt 0.171875 0.031250
vt 0.187500 0.031250
vt 0.203125 0.031250
vt 0.218750 0.031250
vt 0.234375 0.031250
vt 0.250000 0.031250
vt 0.265625 0.031250
vt 0.281250 0.031250
vt 0.296875 0.031250
vt 0.312500 0.031250
vt 0.328125 0.031250
vt 0.343750 0.031250
vt 0.359375 0.031250
vt 0.375000 0.031250
vt 0.390625 0.031250
vt 0.406250 0.031250
vt 0.421875 0.031250
vt 0.437500 0.031250
vt 0.453125 0.031250
vt 0.468750 0.031250
vt 0.484375 0.031250
vt 0.500000 0.031250
vt 0.515625 0.031250
vt 0.531250 0.031250
vt 0.546875 0.031250
vt 0.562500 0.031250
vt 0.578125 0.031250
vt 0.593750 0.031250
vt 0.609375 0.031250
vt 0.625000 0.031250
vt 0.640625 0.031250
vt 0.656250 0.031250
vt 0.671875 0.031250
vt 0.687500 0.031250
vt 0.703125 0.031250
vt 0.718750 0.031250
vt 0.734375 0.031250
vt 0.750000 0.031250
vt 0.765625 0.031250
vt 0.781250 0.031250
vt 0.796875 0.031250
vt 0.812500 0.031250
vt 0.828125 0.031250
vt 0.843750 0.031250
vt 0.859375 0.031250
vt 0.875000 0.031250
vt 0.890625 0.031250
vt 0.906250 0.031250
vt 0.921875 0.031250
vt 0.937500 0.031250
vt 0.953125 0.031250
vt 0.968750 0.031250
vt 0.984375 0.031250
vt 1.000000 0.031250
vt 0.000000 0.062500
vt 0.015625 0.062500
vt 0.031250 0.062500
vt 0.046875 0.062500
vt 0.062500 0.062500
vt 0.078125 0.062500
vt 0.093750 0.062500
vt 0.109375 0.062500
vt 0.125000 0.062500
vt 0.140625 0.062500
vt 0.156250 0.062500
vt 0.171875 0.062500
vt 0.187500 0.062500
vt 0.203125 0.062500
vt 0.218750 0.062500
vt 0.234375 0.062500
vt 0.250000 0.062500
vt 0.265625 0.062500
vt 0.281250 0.062500
vt 0.296875 0.062500
vt 0.312500 0.062500
vt 0.328125 0.062500
vt 0.343750 0.062500
vt 0.359375 0.062500
vt 0.375000 0.062500
vt 0.390625 0.062500
vt 0.406250 0.062500
vt 0.421875 0.062500
vt 0.437500 0.062500
vt 0.453125 0.062500
vt 0.468750 0.062500
vt 0.484375 0.062500
vt 0.500000 0.062500
vt 0.515625 0.062500
vt 0.531250 0.062500
vt 0.546875 0.062500
vt 0.562500 0.062500
vt 0.578125 0.062500
vt 0.593750 0.062500
vt 0.609375 0.062500
vt 0.625000 0.062500
vt 0.640625 0.062500
vt 0.656250 0.062500
vt 0.671875 0.062500
vt 0.687500 0.062500
vt 0.703125 0.062500
vt 0.718750 0.062500
vt 0.734375 0.062500
vt 0.750000 0.062500
vt 0.765625 0.062500
vt 0.781250 0.062500
vt 0.796875 0.062500
vt 0.812500 0.062500
vt 0.828125 0.062500
vt 0.843750 0.062500
vt 0.859375 0.062500
vt 0.875000 0.062500
vt 0.890625 0.062500
vt 0.906250 0.062500
vt 0.921875 0.062500
vt 0.937500 0.062500
vt 0.953125 0.062500
vt 0.968750 0.062500
vt 0.984375 0.062500
vt 1.000000 0.062500
vt 0.000000 0.093750
vt 0.015625 0.093750
vt 0.031250 0.093750
vt 0.046875 0.093750
vt 0.062500 0.093750
vt 0.078125 0.093750
vt 0.093750 0.093750
vt 0.109375 0.093750
vt 0.125000 0.093750
vt 0.140625 0.093750
vt 0.156250 0.093750
vt 0.171875 0.093750
vt 0.187500 0.093750
vt 0.203125 0.093750
vt 0.218750 0.093750
vt 0.234375 0.093750
vt 0.250000 0.093750
vt 0.265625 0.093750
vt 0.281250 0.093750
vt 0.296875 0.093750
vt 0.312500 0.093750
vt 0.328125 0.093750
vt 0.343750 0.093750
vt 0.359375 0.093750
vt 0.375000 0.093750
vt 0.390625 0.093750
vt 0.406250 0.093750
vt 0.421875 0.093750
vt 0.437500 0.093750
vt 0.453125 0.093750
vt 0.468750 0.093750
vt 0.484375 0.093750
vt 0.500000 0.093750
vt 0.515625 0.093750
vt 0.531250 0.093750
vt 0.546875 0.093750
vt 0.562500 0.093750
vt 0.578125 0.093750
vt 0.593750 0.093750
vt 0.609375 0.093750
vt 0.625000 0.093750
vt 0.640625 0.093750
vt 0.656250 0.093750
vt 0.671875 0.093750
vt 0.687500 0.093750
vt 0.703125 0.093750
vt 0.718750 0.093750
vt 0.734375 0.093750
vt 0.750000 0.093750
vt 0.765625 0.093750
vt 0.781250 0.093750
vt 0.796875 0.093750
vt 0.812500 0.093750
vt 0.828125 0.093750
vt 0.843750 0.093750
vt 0.859375 0.093750
vt 0.875000 0.093750
vt 0.890625 0.093750
vt 0.906250 0.093750
vt 0.921875 0.093750
vt 0.937500 0.093750
vt 0.953125 0.093750
vt 0.968750 0.093750
vt 0.984375 0.093750
vt 1.000000 0.093750
vt 0.000000 0.125000
vt 0.015625 0.125000
vt 0.031250 0.125000
vt 0.046875 0.125000
vt 0.062500 0.125000
vt 0.078125 0.125000
vt 0.093750 0.125000
vt 0.109375 0.125000
vt 0.125000 0.125000
vt 0.140625 0.125000
vt 0.156250 0.125000
vt 0.171875 0.125000
vt 0.187500 0.125000
vt 0.203125 0.125000
vt 0.218750 0.125000
vt 0.234375 0.125000
vt 0.250000 0.125000
vt 0.265625 0.125000
vt 0.281250 0.125000
vt 0.296875 0.125000
vt 0.312500 0.125000
vt 0.328125 0.125000
vt 0.343750 0.125000
vt 0.359375 0.125000
vt 0.375000 0.125000
vt 0.390625 0.125000
vt 0.406250 0.125000
vt 0.421875 0.125000
vt 0.437500 0.125000
vt 0.453125 0.125000
vt 0.468750 0.125000
vt 0.484375 0.125000
vt 0.500000 0.125000
vt 0.515625 0.125000
vt 0.531250 0.125000
vt 0.546875 0.125000
vt 0.562500 0.125000
vt 0.578125 0.125000
vt 0.593750 0.125000
vt 0.609375 0.125000
vt 0.625000 0.125000
vt 0.640625 0.125000
vt 0.656250 0.125000
vt 0.671875 0.125000
vt 0.687500 0.125000
vt 0.703125 0.125000
vt 0.718750 0.125000
vt 0.734375 0.125000
vt 0.750000 0.125000
vt 0.765625 0.125000
vt 0.781250 0.125000
vt 0.796875 0.125000
vt 0.812500 0.125000
vt 0.828125 0.125000
vt 0.843750 0.125000
vt 0.859375 0.125000
vt 0.875000 0.125000
vt 0.890625 0.125000
vt 0.906250 0.125000
vt 0.921875 0.125000
vt 0.937500 0.125000
vt 0.953125 0.125000
vt 0.968750 0.125000
vt 0.984375 0.125000
vt 1.000000 0.125000
vt 0.000000 0.156250
vt 0.015625 0.156250
vt 0.031250 0.156250
vt 0.046875 0.156250
vt 0.062500 0.156250
vt 0.078125 0.156250
vt 0.093750 0.156250
vt 0.109375 0.156250
vt 0.125000 0.156250
vt 0.140625 0.156250
vt 0.156250 0.156250
vt 0.171875 0.156250
vt 0.187500 0.156250
vt 0.203125 0.156250
vt 0.218750 0.156250
vt 0.234375 0.156250
vt 0.250000 0.156250
vt 0.265625 0.156250
vt 0.281250 0.156250
vt 0.296875 0.156250
vt 0.312500 0.156250
vt 0.328125 0.156250
vt 0.343750 0.156250
vt 0.359375 0.156250
vt 0.375000 0.156250
vt 0.390625 0.156250
vt 0.406250 0.156250
vt 0.421875 0.156250
vt 0.437500 0.156250
vt 0.453125 0.156250
vt 0.468750 0.156250
vt 0.484375 0.156250
vt 0.500000 0.156250
vt 0.515625 0.156250
vt 0.531250 0.156250
vt 0.546875 0.156250
vt 0.562500 0.156250
vt 0.578125 0.156250
vt 0.593750 0.156250
vt 0.609375 0.156250
vt 0.625000 0.156250
vt 0.640625 0.156250
vt 0.656250 0.156250
vt 0.671875 0.156250
vt 0.687500 0.156250
vt 0.703125 0.156250
vt 0.718750 0.156250
vt 0.734375 0.156250
vt 0.750000 0.156250
vt 0.765625 0.156250
vt 0.781250 0.156250
vt 0.796875 0.156250
vt 0.812500 0.156250
vt 0.828125 0.156250
vt 0.843750 0.156250
vt 0.859375 0.156250
vt 0.875000 0.156250
vt 0.890625 0.156250
vt 0.906250 0.156250
vt 0.921875 0.156250
vt 0.937500 0.156250
vt 0.953125 0.156250
vt 0.968750 0.156250
vt 0.984375 0.156250
vt 1.000000 0.156250
vt 0.000000 0.187500
vt 0.015625 0.187500
vt 0.031250 0.187500
vt 0.046875 0.187500
vt 0.062500 0.187500
vt 0.078125 0.187500
vt 0.093750 0.187500
vt 0.109375 0.187500
vt 0.125000 0.187500
vt 0.140625 0.187500
vt 0.156250 0.187500
vt 0.171875 0.187500
vt 0.187500 0.187500
vt 0.203125 0.187500
vt 0.218750 0.187500
vt 0.234375 0.187500
vt 0.250000 0.187500
vt 0.265625 0.187500
vt 0.281250 0.187500
vt 0.296875 0.187500
vt 0.312500 0.187500
vt 0.328125 0.187500
vt 0.343750 0.187500
vt 0.359375 0.187500
vt 0.375000 0.187500
vt 0.390625 0.187500
vt 0.406250 0.187500
vt 0.421875 0.187500
vt 0.437500 0.187500
vt 0.453125 0.187500
vt 0.468750 0.187500
vt 0.484375 0.187500
vt 0.500000 0.187500
vt 0.515625 0.187500
vt 0.531250 0.187500
vt 0.546875 0.187500
vt 0.562500 0.187500
vt 0.578125 0.187500
vt 0.593750 0.187500
vt 0.609375 0.187500
vt 0.625000 0.187500
vt 0.640625 0.187500
vt 0.656250 0.187500
vt 0.671875 0.187500
vt 0.687500 0.187500
vt 0.703125 0.187500
vt 0.718750 0.187500
vt 0.734375 0.187500
vt 0.750000 0.187500
vt 0.765625 0.187500
vt 0.781250 0.187500
vt 0.796875 0.187500
vt 0.812500 0.187500
vt 0.828125 0.187500
vt 0.843750 0.187500
vt 0.859375 0.187500
vt 0.875000 0.187500
vt 0.890625 0.187500
vt 0.906250 0.187500
vt 0.921875 0.187500
vt 0.937500 0.187500
vt 0.953125 0.187500
vt 0.968750 0.187500
vt 0.984375 0.187500
vt 1.000000 0.187500
vt 0.000000 0.218750
vt 0.015625 0.218750
vt 0.031250 0.218750
vt 0.046875 0.218750
vt 0.062500 0.218750
vt 0.078125 0.218750
vt 0.093750 0.218750
vt 0.109375 0.218750
vt 0.125000 0.218750
vt 0.140625 0.218750
vt 0.156250 0.218750
vt 0.171875 0.218750
vt 0.187500 0.218750
vt 0.203125 0.218750
vt 0.218750 0.218750
vt 0.234375 0.218750
vt 0.250000 0.218750
vt 0.265625 0.218750
vt 0.281250 0.218750
vt 0.296875 0.218750
vt 0.312500 0.218750
vt 0.328125 0.218750
vt 0.343750 0.218750
vt 0.359375 0.218750
vt 0.375000 0.218750
vt 0.390625 0.218750
vt 0.406250 0.218750
vt 0.421875 0.218750
vt 0.437500 0.218750
vt 0.453125 0.218750
vt 0.468750 0.218750
vt 0.484375 0.218750
vt 0.500000 0.218750
vt 0.515625 0.218750
vt 0.531250 0.218750
vt 0.546875 0.218750
vt 0.562500 0.218750
vt 0.578125 0.218750
vt 0.593750 0.218750
vt 0.609375 0.218750
vt 0.625000 0.218750
vt 0.640625 0.218750
vt 0.656250 0.218750
vt 0.671875 0.218750
vt 0.687500 0.218750
vt 0.703125 0.218750
vt 0.718750 0.218750
vt 0.734375 0.218750
vt 0.750000 0.218750
vt 0.765625 0.218750
vt 0.781250 0.218750
vt 0.796875 0.218750
vt 0.812500 0.218750
vt 0.828125 0.218750
vt 0.843750 0.218750
vt 0.859375 0.218750
vt 0.875000 0.218750
vt 0.890625 0.218750
vt 0.906250 0.218750
vt 0.921875 0.218750
vt 0.937500 0.218750
vt 0.953125 0.218750
vt 0.968750 0.218750
vt 0.984375 0.218750
vt 1.000000 0.218750
vt 0.000000 0.250000
vt 0.015625 0.250000
vt 0.031250 0.250000
vt 0.046875 0.250000
vt 0.062500 0.250000
vt 0.078125 0.250000
vt 0.093750 0.250000
vt 0.109375 0.250000
vt 0.125000 0.250000
vt 0.140625 0.250000
vt 0.156250 0.250000
vt 0.171875 0.250000
vt 0.187500 0.250000
vt 0.203125 0.250000
vt 0.218750 0.250000
vt 0.234375 0.250000
vt 0.250000 0.250000
vt 0.265625 0.250000
vt 0.281250 0.250000
vt 0.296875 0.250000
vt 0.312500 0.250000
vt 0.328125 0.250000
vt 0.343750 0.250000
vt 0.359375 0.250000
vt 0.375000 0.250000
vt 0.390625 0.250000
vt 0.406250 0.250000
vt 0.421875 0.250000
vt 0.437500 0.250000
vt 0.453125 0.250000
vt 0.468750 0.250000
vt 0.484375 0.250000
vt 0.500000 0.250000
vt 0.515625 0.250000
vt 0.531250 0.250000
vt 0.546875 0.250000
vt 0.562500 0.250000
vt 0.578125 0.250000
vt 0.593750 0.250000
vt 0.609375 0.250000
vt 0.625000 0.250000
vt 0.640625 0.250000
vt 0.656250 0.250000
vt 0.671875 0.250000
vt 0.687500 0.250000
vt 0.703125 0.250000
vt 0.718750 0.250000
vt 0.734375 0.250000
vt 0.750000 0.250000
vt 0.765625 0.250000
vt 0.781250 0.250000
vt 0.796875 0.250000
vt 0.812500 0.250000
vt 0.828125 0.250000
vt 0.843750 0.250000
vt 0.859375 0.250000
vt 0.875000 0.250000
vt 0.890625 0.250000
vt 0.906250 0.250000
vt 0.921875 0.250000
vt 0.937500 0.250000
vt 0.953125 0.250000
vt 0.968750 0.250000
vt 0.984375 0.250000
vt 1.000000 0.250000
vt 0.000000 0.281250
vt 0.015625 0.281250
vt 0.031250 0.281250
vt 0.046875 0.281250
vt 0.062500 0.281250
vt 0.078125 0.281250
vt 0.093750 0.281250
vt 0.109375 0.281250
vt 0.125000 0.281250
vt 0.140625 0.281250
vt 0.156250 0.281250
vt 0.171875 0.281250
vt 0.187500 0.281250
vt 0.203125 0.281250
vt 0.218750 0.281250
vt 0.234375 0.281250
vt 0.250000 0.281250
vt 0.265625 0.281250
vt 0.281250 0.281250
vt 0.296875 0.281250
vt 0.312500 0.281250
vt 0.328125 0.281250
vt 0.343750 0.281250
vt 0.359375 0.281250
vt 0.375000 0.281250
vt 0.390625 0.281250
vt 0.406250 0.281250
vt 0.421875 0.281250
vt 0.437500 0.281250
vt 0.453125 0.281250
vt 0.468750 0.281250
vt 0.484375 0.281250
vt 0.500000 0.281250
vt 0.515625 0.281250
vt 0.531250 0.281250
vt 0.546875 0.281250
vt 0.562500 0.281250
vt 0.578125 0.281250
vt 0.593750 0.281250
vt 0.609375 0.281250
vt 0.625000 0.281250
vt 0.640625 0.281250
vt 0.656250 0.281250
vt 0.671875 0.281250
vt 0.687500 0.281250
vt 0.703125 0.281250
vt 0.718750 0.281250
vt 0.734375 0.281250
vt 0.750000 0.281250
vt 0.765625 0.281250
vt 0.781250 0.281250
vt 0.796875 0.281250
vt 0.812500 0.281250
vt 0.828125 0.281250
vt 0.843750 0.281250
vt 0.859375 0.281250
vt 0.875000 0.281250
vt 0.890625 0.281250
vt 0.906250 0.281250
vt 0.921875 0.281250
vt 0.937500 0.281250
vt 0.953125 0.281250
vt 0.968750 0.281250
vt 0.984375 0.281250
vt 1.000000 0.281250
vt 0.000000 0.312500
vt 0.015625 0.312500
vt 0.031250 0.312500
vt 0.046875 0.312500
vt 0.062500 0.312500
vt 0.078125 0.312500
vt 0.093750 0.312500
vt 0.109375 0.312500
vt 0.125000 0.312500
vt 0.140625 0.312500
vt 0.156250 0.312500
vt 0.171875 0.312500
vt 0.187500 0.312500
vt 0.203125 0.312500
vt 0.218750 0.312500
vt 0.234375 0.312500
vt 0.250000 0.312500
vt 0.265625 0.312500
vt 0.281250 0.312500
vt 0.296875 0.312500
vt 0.312500 0.312500
vt 0.328125 0.312500
vt 0.343750 0.312500
vt 0.359375 0.312500
vt 0.375000 0.312500
vt 0.390625 0.312500
vt 0.406250 0.312500
vt 0.421875 0.312500
vt 0.437500 0.312500
vt 0.453125 0.312500
vt 0.468750 0.312500
vt 0.484375 0.312500
vt 0.500000 0.312500
vt 0.515625 0.312500
vt 0.531250 0.312500
vt 0.546875 0.312500
vt 0.562500 0.312500
vt 0.578125 0.312500
vt 0.593750 0.312500
vt 0.609375 0.312500
vt 0.625000 0.312500
vt 0.640625 0.312500
vt 0.656250 0.312500
vt 0.671875 0.312500
vt 0.687500 0.312500
vt 0.703125 0.312500
vt 0.718750 0.312500
vt 0.734375 0.312500
vt 0.750000 0.312500
vt 0.765625 0.312500
vt 0.781250 0.312500
vt 0.796875 0.312500
vt 0.812500 0.312500
vt 0.828125 0.312500
vt 0.843750 0.312500
vt 0.859375 0.312500
vt 0.875000 0.312500
vt 0.890625 0.312500
vt 0.906250 0.312500
vt 0.921875 0.312500
vt 0.937500 0.312500
vt 0.953125 0.312500
vt 0.968750 0.312500
vt 0.984375 0.312500
vt 1.000000 0.312500
vt 0.000000 0.343750
vt 0.015625 0.343750
vt 0.031250 0.343750
vt 0.046875 0.343750
vt 0.062500 0.343750
vt 0.078125 0.343750
vt 0.093750 0.343750
vt 0.109375 0.343750
vt 0.125000 0.343750
vt 0.140625 0.343750
vt 0.156250 0.343750
vt 0.171875 0.343750
vt 0.187500 0.343750
vt 0.203125 0.343750
vt 0.218750 0.343750
vt 0.234375 0.343750
vt 0.250000 0.343750
vt 0.265625 0.343750
vt 0.281250 0.343750
vt 0.296875 0.343750
vt 0.312500 0.343750
vt 0.328125 0.343750
vt 0.343750 0.343750
vt 0.359375 0.343750
vt 0.375000 0.343750
vt 0.390625 0.343750
vt 0.406250 0.343750
vt 0.421875 0.343750
vt 0.437500 0.343750
vt 0.453125 0.343750
vt 0.468750 0.343750
vt 0.484375 0.343750
vt 0.500000 0.343750
vt 0.515625 0.343750
vt 0.531250 0.343750
vt 0.546875 0.343750
vt 0.562500 0.343750
vt 0.578125 0.343750
vt 0.593750 0.343750
vt 0.609375 0.343750
vt 0.625000 0.343750
vt 0.640625 0.343750
vt 0.656250 0.343750
vt 0.671875 0.343750
vt 0.687500 0.343750
vt 0.703125 0.343750
vt 0.718750 0.343750
vt 0.734375 0.343750
vt 0.750000 0.343750
vt 0.765625 0.343750
vt 0.781250 0.343750
vt 0.796875 0.343750
vt 0.812500 0.343750
vt 0.828125 0.343750
vt 0.843750 0.343750
vt 0.859375 0.343750
vt 0.875000 0.343750
vt 0.890625 0.343750
vt 0.906250 0.343750
vt 0.921875 0.343750
vt 0.937500 0.343750
vt 0.953125 0.343750
vt 0.968750 0.343750
vt 0.984375 0.343750
vt 1.000000 0.343750
vt 0.000000 0.375000
vt 0.015625 0.375000
vt 0.031250 0.375000
vt 0.046875 0.375000
vt 0.062500 0.375000
vt 0.078125 0.375000
vt 0.093750 0.375000
vt 0.109375 0.375000
vt 0.125000 0.375000
vt 0.140625 0.375000
vt 0.156250 0.375000
vt 0.171875 0.375000
vt 0.187500 0.375000
vt 0.203125 0.375000
vt 0.218750 0.375000
vt 0.234375 0.375000
vt 0.250000 0.375000
vt 0.265625 0.375000
vt 0.281250 0.375000
vt 0.296875 0.375000
vt 0.312500 0.375000
vt 0.328125 0.375000
vt 0.343750 0.375000
vt 0.359375 0.375000
vt 0.375000 0.375000
vt 0.390625 0.375000
vt 0.406250 0.375000
vt 0.421875 0.375000
vt 0.437500 0.375000
vt 0.453125 0.375000
vt 0.468750 0.375000
vt 0.484375 0.375000
vt 0.500000 0.375000
vt 0.515625 0.375000
vt 0.531250 0.375000
vt 0.546875 0.375000
vt 0.562500 0.375000
vt 0.578125 0.375000
vt 0.593750 0.375000
vt 0.609375 0.375000
vt 0.625000 0.375000
vt 0.640625 0.375000
vt 0.656250 0.375000
vt 0.671875 0.375000
vt 0.687500 0.375000
vt 0.703125 0.375000
vt 0.718750 0.375000
vt 0.734375 0.375000
vt 0.750000 0.375000
vt 0.765625 0.375000
vt 0.781250 0.375000
vt 0.796875 0.375000
vt 0.812500 0.375000
vt 0.828125 0.375000
vt 0.843750 0.375000
vt 0.859375 0.375000
vt 0.875000 0.375000
vt 0.890625 0.375000
vt 0.906250 0.375000
vt 0.921875 0.375000
vt 0.937500 0.375000
vt 0.953125 0.375000
vt 0.968750 0.375000
vt 0.984375 0.375000
vt 1.000000 0.375000
vt 0.000000 0.406250
vt 0.015625 0.406250
vt 0.031250 0.406250
vt 0.046875 0.406250
vt 0.062500 0.406250
vt 0.078125 0.406250
vt 0.093750 0.406250
vt 0.109375 0.406250
vt 0.125000 0.406250
vt 0.140625 0.406250
vt 0.156250 0.406250
vt 0.171875 0.406250
vt 0.187500 0.406250
vt 0.203125 0.406250
vt 0.218750 0.406250
vt 0.234375 0.406250
vt 0.250000 0.406250
vt 0.265625 0.406250
vt 0.281250 0.406250
vt 0.296875 0.406250
vt 0.312500 0.406250
vt 0.328125 0.406250
vt 0.343750 0.406250
vt 0.359375 0.406250
vt 0.375000 0.406250
vt 0.390625 0.406250
vt 0.406250 0.406250
vt 0.421875 0.406250
vt 0.437500 0.406250
vt 0.453125 0.406250
vt 0.468750 0.406250
vt 0.484375 0.406250
vt 0.500000 0.406250
vt 0.515625 0.406250
vt 0.531250 0.406250
vt 0.546875 0.406250
vt 0.562500 0.406250
vt 0.578125 0.406250
vt 0.593750 0.406250
vt 0.609375 0.406250
vt 0.625000 0.406250
vt 0.640625 0.406250
vt 0.656250 0.406250
vt 0.671875 0.406250
vt 0.687500 0.406250
vt 0.703125 0.406250
vt 0.718750 0.406250
vt 0.734375 0.406250
vt 0.750000 0.406250
vt 0.765625 0.406250
vt 0.781250 0.406250
vt 0.796875 0.406250
vt 0.812500 0.406250
vt 0.828125 0.406250
vt 0.843750 0.406250
vt 0.859375 0.406250
vt 0.875000 0.406250
vt 0.890625 0.406250
vt 0.906250 0.406250
vt 0.921875 0.406250
vt 0.937500 0.406250
vt 0.953125 0.406250
vt 0.968750 0.406250
vt 0.984375 0.406250
vt 1.000000 0.406250
vt 0.000000 0.437500
vt 0.015625 0.437500
vt 0.031250 0.437500
vt 0.046875 0.437500
vt 0.062500 0.437500
vt 0.078125 0.437500
vt 0.093750 0.437500
vt 0.109375 0.437500
vt 0.125000 0.437500
vt 0.140625 0.437500
vt 0.156250 0.437500
vt 0.171875 0.437500
vt 0.187500 0.437500
vt 0.203125 0.437500
vt 0.218750 0.437500
vt 0.234375 0.437500
vt 0.250000 0.437500
vt 0.265625 0.437500
vt 0.281250 0.437500
vt 0.296875 0.437500
vt 0.312500 0.437500
vt 0.328125 0.437500
vt 0.343750 0.437500
vt 0.359375 0.437500
vt 0.375000 0.437500
vt 0.390625 0.437500
vt 0.406250 0.437500
vt 0.421875 0.437500
vt 0.437500 0.437500
vt 0.453125 0.437500
vt 0.468750 0.437500
vt 0.484375 0.437500
vt 0.500000 0.437500
vt 0.515625 0.437500
vt 0.531250 0.437500
vt 0.546875 0.437500
vt 0.562500 0.437500
vt 0.578125 0.437500
vt 0.593750 0.437500
vt 0.609375 0.437500
vt 0.625000 0.437500
vt 0.640625 0.437500
vt 0.656250 0.437500
vt 0.671875 0.437500
vt 0.687500 0.437500
vt 0.703125 0.437500
vt 0.718750 0.437500
vt 0.734375 0.437500
vt 0.750000 0.437500
vt 0.765625 0.437500
vt 0.781250 0.437500
vt 0.796875 0.437500
vt 0.812500 0.437500
vt 0.828125 0.437500
vt 0.843750 0.437500
vt 0.859375 0.437500
vt 0.875000 0.437500
vt 0.890625 0.437500
vt 0.906250 0.437500
vt 0.921875 0.437500
vt 0.937500 0.437500
vt 0.953125 0.437500
vt 0.968750 0.437500
vt 0.984375 0.437500
vt 1.000000 0.437500
vt 0.000000 0.468750
vt 0.015625 0.468750
vt 0.031250 0.468750
vt 0.046875 0.468750
vt 0.062500 0.468750
vt 0.078125 0.468750
vt 0.093750 0.468750
vt 0.109375 0.468750
vt 0.125000 0.468750
vt 0.140625 0.468750
vt 0.156250 0.468750
vt 0.171875 0.468750
vt 0.187500 0.468750
vt 0.203125 0.468750
vt 0.218750 0.468750
vt 0.234375 0.468750
vt 0.250000 0.468750
vt 0.265625 0.468750
vt 0.281250 0.468750
vt 0.296875 0.468750
vt 0.312500 0.468750
vt 0.328125 0.468750
vt 0.343750 0.468750
vt 0.359375 0.468750
vt 0.375000 0.468750
vt 0.390625 0.468750
vt 0.406250 0.468750
vt 0.421875 0.468750
vt 0.437500 0.468750
vt 0.453125 0.468750
vt 0.468750 0.468750
vt 0.484375 0.468750
vt 0.500000 0.468750
vt 0.515625 0.468750
vt 0.531250 0.468750
vt 0.546875 0.468750
vt 0.562500 0.468750
vt 0.578125 0.468750
vt 0.593750 0.468750
vt 0.609375 0.468750
vt 0.625000 0.468750
vt 0.640625 0.468750
vt 0.656250 0.468750
vt 0.671875 0.468750
vt 0.687500 0.468750
vt 0.703125 0.468750
vt 0.718750 0.468750
vt 0.734375 0.468750
vt 0.750000 0.468750
vt 0.765625 0.468750
vt 0.781250 0.468750
vt 0.796875 0.468750
vt 0.812500 0.468750
vt 0.828125 0.468750
vt 0.843750 0.468750
vt 0.859375 0.468750
vt 0.875000 0.468750
vt 0.890625 0.468750
vt 0.906250 0.468750
vt 0.921875 0.468750
vt 0.937500 0.468750
vt 0.953125 0.468750
vt 0.968750 0.468750
vt 0.984375 0.468750
vt 1.000000 0.468750
vt 0.000000 0.500000
vt 0.015625 0.500000
vt 0.031250 0.500000
vt 0.046875 0.500000
vt 0.062500 0.500000
vt 0.078125 0.500000
vt 0.093750 0.500000
vt 0.109375 0.500000
vt 0.125000 0.500000
vt 0.140625 0.500000
vt 0.156250 0.500000
vt 0.171875 0.500000
vt 0.187500 0.500000
vt 0.203125 0.500000
vt 0.218750 0.500000
vt 0.234375 0.500000
vt 0.250000 0.500000
vt 0.265625 0.500000
vt 0.281250 0.500000
vt 0.296875 0.500000
vt 0.312500 0.500000
vt 0.328125 0.500000
vt 0.343750 0.500000
vt 0.359375 0.500000
vt 0.375000 0.500000
vt 0.390625 0.500000
vt 0.406250 0.500000
vt 0.421875 0.500000
vt 0.437500 0.500000
vt 0.453125 0.500000
vt 0.468750 0.500000
vt 0.484375 0.500000
vt 0.500000 0.500000
vt 0.515625 0.500000
vt 0.531250 0.500000
vt 0.546875 0.500000
vt 0.562500 0.500000
vt 0.578125 0.500000
vt 0.593750 0.500000
vt 0.609375 0.500000
vt 0.625000 0.500000
vt 0.640625 0.500000
vt 0.656250 0.500000
vt 0.671875 0.500000
vt 0.687500 0.500000
vt 0.703125 0.500000
vt 0.718750 0.500000
vt 0.734375 0.500000
vt 0.750000 0.500000
vt 0.765625 0.500000
vt 0.781250 0.500000
vt 0.796875 0.500000
vt 0.812500 0.500000
vt 0.828125 0.500000
vt 0.843750 0.500000
vt 0.859375 0.500000
vt 0.875000 0.500000
vt 0.890625 0.500000
vt 0.906250 0.500000
vt 0.921875 0.500000
vt 0.937500 0.500000
vt 0.953125 0.500000
vt 0.968750 0.500000
vt 0.984375 0.500000
vt 1.000000 0.500000
vt 0.000000 0.531250
vt 0.015625 0.531250
vt 0.031250 0.531250
vt 0.046875 0.531250
vt 0.062500 0.531250
vt 0.078125 0.531250
vt 0.093750 0.531250
vt 0.109375 0.531250
vt 0.125000 0.531250
vt 0.140625 0.531250
vt 0.156250 0.531250
vt 0.171875 0.531250
vt 0.187500 0.531250
vt 0.203125 0.531250
vt 0.218750 0.531250
vt 0.234375 0.531250
vt 0.250000 0.531250
vt 0.265625 0.531250
vt 0.281250 0.531250
vt 0.296875 0.531250
vt 0.312500 0.531250
vt 0.328125 0.531250
vt 0.343750 0.531250
vt 0.359375 0.531250
vt 0.375000 0.531250
vt 0.390625 0.531250
vt 0.406250 0.531250
vt 0.421875 0.531250
vt 0.437500 0.531250
vt 0.453125 0.531250
vt 0.468750 0.531250
vt 0.484375 0.531250
vt 0.500000 0.531250
vt 0.515625 0.531250
vt 0.531250 0.531250
vt 0.546875 0.531250
vt 0.562500 0.531250
vt 0.578125 0.531250
vt 0.593750 0.531250
vt 0.609375 0.531250
vt 0.625000 0.531250
vt 0.640625 0.531250
vt 0.656250 0.531250
vt 0.671875 0.531250
vt 0.687500 0.531250
vt 0.703125 0.531250
vt 0.718750 0.531250
vt 0.734375 0.531250
vt 0.750000 0.531250
vt 0.765625 0.531250
vt 0.781250 0.531250
vt 0.796875 0.531250
vt 0.812500 0.531250
vt 0.828125 0.531250
vt 0.843750 0.531250
vt 0.859375 0.531250
vt 0.875000 0.531250
vt 0.890625 0.531250
vt 0.906250 0.531250
vt 0.921875 0.531250
vt 0.937500 0.531250
vt 0.953125 0.531250
vt 0.968750 0.531250
vt 0.984375 0.531250
vt 1.000000 0.531250
vt 0.000000 0.562500
vt 0.015625 0.562500
vt 0.031250 0.562500
vt 0.046875 0.562500
vt 0.062500 0.562500
vt 0.078125 0.562500
vt 0.093750 0.562500
vt 0.109375 0.562500
vt 0.125000 0.562500
vt 0.140625 0.562500
vt 0.156250 0.562500
vt 0.171875 0.562500
vt 0.187500 0.562500
vt 0.203125 0.562500
vt 0.218750 0.562500
vt 0.234375 0.562500
vt 0.250000 0.562500
vt 0.265625 0.562500
vt 0.281250 0.562500
vt 0.296875 0.562500
vt 0.312500 0.562500
vt 0.328125 0.562500
vt 0.343750 0.562500
vt 0.359375 0.562500
vt 0.375000 0.562500
vt 0.390625 0.562500
vt 0.406250 0.562500
vt 0.421875 0.562500
vt 0.437500 0.562500
vt 0.453125 0.562500
vt 0.468750 0.562500
vt 0.484375 0.562500
vt 0.500000 0.562500
vt 0.515625 0.562500
vt 0.531250 0.562500
vt 0.546875 0.562500
vt 0.562500 0.562500
vt 0.578125 0.562500
vt 0.593750 0.562500
vt 0.609375 0.562500
vt 0.625000 0.562500
vt 0.640625 0.562500
vt 0.656250 0.562500
vt 0.671875 0.562500
vt 0.687500 0.562500
vt 0.703125 0.562500
vt 0.718750 0.562500
vt 0.734375 0.562500
vt 0.750000 0.562500
vt 0.765625 0.562500
vt 0.781250 0.562500
vt 0.796875 0.562500
vt 0.812500 0.562500
vt 0.828125 0.562500
vt 0.843750 0.562500
vt 0.859375 0.562500
vt 0.875000 0.562500
vt 0.890625 0.562500
vt 0.906250 0.562500
vt 0.921875 0.562500
vt 0.937500 0.562500
vt 0.953125 0.562500
vt 0.968750 0.562500
vt 0.984375 0.562500
vt 1.000000 0.562500
vt 0.000000 0.593750
vt 0.015625 0.593750
vt 0.031250 0.593750
vt 0.046875 0.593750
vt 0.062500 0.593750
vt 0.078125 0.593750
vt 0.093750 0.593750
vt 0.109375 0.593750
vt 0.125000 0.593750
vt 0.140625 0.593750
vt 0.156250 0.593750
vt 0.171875 0.593750
vt 0.187500 0.593750
vt 0.203125 0.593750
vt 0.218750 0.593750
vt 0.234375 0.593750
vt 0.250000 0.593750
vt 0.265625 0.593750
vt 0.281250 0.593750
vt 0.296875 0.593750
vt 0.312500 0.593750
vt 0.328125 0.593750
vt 0.343750 0.593750
vt 0.359375 0.593750
vt 0.375000 0.593750
vt 0.390625 0.593750
vt 0.406250 0.593750
vt 0.421875 0.593750
vt 0.437500 0.593750
vt 0.453125 0.593750
vt 0.468750 0.593750
vt 0.484375 0.593750
vt 0.500000 0.593750
vt 0.515625 0.593750
vt 0.531250 0.593750
vt 0.546875 0.593750
vt 0.562500 0.593750
vt 0.578125 0.593750
vt 0.593750 0.593750
vt 0.609375 0.593750
vt 0.625000 0.593750
vt 0.640625 0.593750
vt 0.656250 0.593750
vt 0.671875 0.593750
vt 0.687500 0.593750
vt 0.703125 0.593750
vt 0.718750 0.593750
vt 0.734375 0.593750
vt 0.750000 0.593750
vt 0.765625 0.593750
vt 0.781250 0.593750
vt 0.796875 0.593750
vt 0.812500 0.593750
vt 0.828125 0.593750
vt 0.843750 0.593750
vt 0.859375 0.593750
vt 0.875000 0.593750
vt 0.890625 0.593750
vt 0.906250 0.593750
vt 0.921875 0.593750
vt 0.937500 0.593750
vt 0.953125 0.593750
vt 0.968750 0.593750
vt 0.984375 0.593750
vt 1.000000 0.593750
vt 0.000000 0.625000
vt 0.015625 0.625000
vt 0.031250 0.625000
vt 0.046875 0.625000
vt 0.062500 0.625000
vt 0.078125 0.625000
vt 0.093750 0.625000
vt 0.109375 0.625000
vt 0.125000 0.625000
vt 0.140625 0.625000
vt 0.156250 0.625000
vt 0.171875 0.625000
vt 0.187500 0.625000
vt 0.203125 0.625000
vt 0.218750 0.625000
vt 0.234375 0.625000
vt 0.250000 0.625000
vt 0.265625 0.625000
vt 0.281250 0.625000
vt 0.296875 0.625000
vt 0.312500 0.625000
vt 0.328125 0.625000
vt 0.343750 0.625000
vt 0.359375 0.625000
vt 0.375000 0.625000
vt 0.390625 0.625000
vt 0.406250 0.625000
vt 0.421875 0.625000
vt 0.437500 0.625000
vt 0.453125 0.625000
vt 0.468750 0.625000
vt 0.484375 0.625000
vt 0.500000 0.625000
vt 0.515625 0.625000
vt 0.531250 0.625000
vt 0.546875 0.625000
vt 0.562500 0.625000
vt 0.578125 0.625000
vt 0.593750 0.625000
vt 0.609375 0.625000
vt 0.625000 0.625000
vt 0.640625 0.625000
vt 0.656250 0.625000
vt 0.671875 0.625000
vt 0.687500 0.625000
vt 0.703125 0.625000
vt 0.718750 0.625000
vt 0.734375 0.625000
vt 0.750000 0.625000
vt 0.765625 0.625000
vt 0.781250 0.625000
vt 0.796875 0.625000
vt 0.812500 0.625000
vt 0.828125 0.625000
vt 0.843750 0.625000
vt 0.859375 0.625000
vt 0.875000 0.625000
vt 0.890625 0.625000
vt 0.906250 0.625000
vt 0.921875 0.625000
vt 0.937500 0.625000
vt 0.953125 0.625000
vt 0.968750 0.625000
vt 0.984375 0.625000
vt 1.000000 0.625000
vt 0.000000 0.656250
vt 0.015625 0.656250
vt 0.031250 0.656250
vt 0.046875 0.656250
vt 0.062500 0.656250
vt 0.078125 0.656250
vt 0.093750 0.656250
vt 0.109375 0.656250
vt 0.125000 0.656250
vt 0.140625 0.656250
vt 0.156250 0.656250
vt 0.171875 0.656250
vt 0.187500 0.656250
vt 0.203125 0.656250
vt 0.218750 0.656250
vt 0.234375 0.656250
vt 0.250000 0.656250
vt 0.265625 0.656250
vt 0.281250 0.656250
vt 0.296875 0.656250
vt 0.312500 0.656250
vt 0.328125 0.656250
vt 0.343750 0.656250
vt 0.359375 0.656250
vt 0.375000 0.656250
vt 0.390625 0.656250
vt 0.406250 0.656250
vt 0.421875 0.656250
vt 0.437500 0.656250
vt 0.453125 0.656250
vt 0.468750 0.656250
vt 0.484375 0.656250
vt 0.500000 0.656250
vt 0.515625 0.656250
vt 0.531250 0.656250
vt 0.546875 0.656250
vt 0.562500 0.656250
vt 0.578125 0.656250
vt 0.593750 0.656250
vt 0.609375 0.656250
vt 0.625000 0.656250
vt 0.640625 0.656250
vt 0.656250 0.656250
vt 0.671875 0.656250
vt 0.687500 0.656250
vt 0.703125 0.656250
vt 0.718750 0.656250
vt 0.734375 0.656250
vt 0.750000 0.656250
vt 0.765625 0.656250
vt 0.781250 0.656250
vt 0.796875 0.656250
vt 0.812500 0.656250
vt 0.828125 0.656250
vt 0.843750 0.656250
vt 0.859375 0.656250
vt 0.875000 0.656250
vt 0.890625 0.656250
vt 0.906250 0.656250
vt 0.921875 0.656250
vt 0.937500 0.656250
vt 0.953125 0.656250
vt 0.968750 0.656250
vt 0.984375 0.656250
vt 1.000000 0.656250
vt 0.000000 0.687500
vt 0.015625 0.687500
vt 0.031250 0.687500
vt 0.046875 0.687500
vt 0.062500 0.687500
vt 0.078125 0.687500
vt 0.093750 0.687500
vt 0.109375 0.687500
vt 0.125000 0.687500
vt 0.140625 0.687500
vt 0.156250 0.687500
vt 0.171875 0.687500
vt 0.187500 0.687500
vt 0.203125 0.687500
vt 0.218750 0.687500
vt 0.234375 0.687500
vt 0.250000 0.687500
vt 0.265625 0.687500
vt 0.281250 0.687500
vt 0.296875 0.687500
vt 0.312500 0.687500
vt 0.328125 0.687500
vt 0.343750 0.687500
vt 0.359375 0.687500
vt 0.375000 0.687500
vt 0.390625 0.687500
vt 0.406250 0.687500
vt 0.421875 0.687500
vt 0.437500 0.687500
vt 0.453125 0.687500
vt 0.468750 0.687500
vt 0.484375 0.687500
vt 0.500000 0.687500
vt 0.515625 0.687500
vt 0.531250 0.687500
vt 0.546875 0.687500
vt 0.562500 0.687500
vt 0.578125 0.687500
vt 0.593750 0.687500
vt 0.609375 0.687500
vt 0.625000 0.687500
vt 0.640625 0.687500
vt 0.656250 0.687500
vt 0.671875 0.687500
vt 0.687500 0.687500
vt 0.703125 0.687500
vt 0.718750 0.687500
vt 0.734375 0.687500
vt 0.750000 0.687500
vt 0.765625 0.687500
vt 0.781250 0.687500
vt 0.796875 0.687500
vt 0.812500 0.687500
vt 0.828125 0.687500
vt 0.843750 0.687500
vt 0.859375 0.687500
vt 0.875000 0.687500
vt 0.890625 0.687500
vt 0.906250 0.687500
vt 0.921875 0.687500
vt 0.937500 0.687500
vt 0.953125 0.687500
vt 0.968750 0.687500
vt 0.984375 0.687500
vt 1.000000 0.687500
vt 0.000000 0.718750
vt 0.015625 0.718750
vt 0.031250 0.718750
vt 0.046875 0.718750
vt 0.062500 0.718750
vt 0.078125 0.718750
vt 0.093750 0.718750
vt 0.109375 0.718750
vt 0.125000 0.718750
vt 0.140625 0.718750
vt 0.156250 0.718750
vt 0.171875 0.718750
vt 0.187500 0.718750
vt 0.203125 0.718750
vt 0.218750 0.718750
vt 0.234375 0.718750
vt 0.250000 0.718750
vt 0.265625 0.718750
vt 0.281250 0.718750
vt 0.296875 0.718750
vt 0.312500 0.718750
vt 0.328125 0.718750
vt 0.343750 0.718750
vt 0.359375 0.718750
vt 0.375000 0.718750
vt 0.390625 0.718750
vt 0.406250 0.718750
vt 0.421875 0.718750
vt 0.437500 0.718750
vt 0.453125 0.718750
vt 0.468750 0.718750
vt 0.484375 0.718750
vt 0.500000 0.718750
vt 0.515625 0.718750
vt 0.531250 0.718750
vt 0.546875 0.718750
vt 0.562500 0.718750
vt 0.578125 0.718750
vt 0.593750 0.718750
vt 0.609375 0.718750
vt 0.625000 0.718750
vt 0.640625 0.718750
vt 0.656250 0.718750
vt 0.671875 0.718750
vt 0.687500 0.718750
vt 0.703125 0.718750
vt 0.718750 0.718750
vt 0.734375 0.718750
vt 0.750000 0.718750
vt 0.765625 0.718750
vt 0.781250 0.718750
vt 0.796875 0.718750
vt 0.812500 0.718750
vt 0.828125 0.718750
vt 0.843750 0.718750
vt 0.859375 0.718750
vt 0.875000 0.718750
vt 0.890625 0.718750
vt 0.906250 0.718750
vt 0.921875 0.718750
vt 0.937500 0.718750
vt 0.953125 0.718750
vt 0.968750 0.718750
vt 0.984375 0.718750
vt 1.000000 0.718750
vt 0.000000 0.750000
vt 0.015625 0.750000
vt 0.031250 0.750000
vt 0.046875 0.750000
vt 0.062500 0.750000
vt 0.078125 0.750000
vt 0.093750 0.750000
vt 0.109375 0.750000
vt 0.125000 0.750000
vt 0.140625 0.750000
vt 0.156250 0.750000
vt 0.171875 0.750000
vt 0.187500 0.750000
vt 0.203125 0.750000
vt 0.218750 0.750000
vt 0.234375 0.750000
vt 0.250000 0.750000
vt 0.265625 0.750000
vt 0.281250 0.750000
vt 0.296875 0.750000
vt 0.312500 0.750000
vt 0.328125 0.750000
vt 0.343750 0.750000
vt 0.359375 0.750000
vt 0.375000 0.750000
vt 0.390625 0.750000
vt 0.406250 0.750000
vt 0.421875 0.750000
vt 0.437500 0.750000
vt 0.453125 0.750000
vt 0.468750 0.750000
vt 0.484375 0.750000
vt 0.500000 0.750000
vt 0.515625 0.750000
vt 0.531250 0.750000
vt 0.546875 0.750000
vt 0.562500 0.750000
vt 0.578125 0.750000
vt 0.593750 0.750000
vt 0.609375 0.750000
vt 0.625000 0.750000
vt 0.640625 0.750000
vt 0.656250 0.750000
vt 0.671875 0.750000
vt 0.687500 0.750000
vt 0.703125 0.750000
vt 0.718750 0.750000
vt 0.734375 0.750000
vt 0.750000 0.750000
vt 0.765625 0.750000
vt 0.781250 0.750000
vt 0.796875 0.750000
vt 0.812500 0.750000
vt 0.828125 0.750000
vt 0.843750 0.750000
vt 0.859375 0.750000
vt 0.875000 0.750000
vt 0.890625 0.750000
vt 0.906250 0.750000
vt 0.921875 0.750000
vt 0.937500 0.750000
vt 0.953125 0.750000
vt 0.968750 0.750000
vt 0.984375 0.750000
vt 1.000000 0.750000
vt 0.000000 0.781250
vt 0.015625 0.781250
vt 0.031250 0.781250
vt 0.046875 0.781250
vt 0.062500 0.781250
vt 0.078125 0.781250
vt 0.093750 0.781250
vt 0.109375 0.781250
vt 0.125000 0.781250
vt 0.140625 0.781250
vt 0.156250 0.781250
vt 0.171875 0.781250
vt 0.187500 0.781250
vt 0.203125 0.781250
vt 0.218750 0.781250
vt 0.234375 0.781250
vt 0.250000 0.781250
vt 0.265625 0.781250
vt 0.281250 0.781250
vt 0.296875 0.781250
vt 0.312500 0.781250
vt 0.328125 0.781250
vt 0.343750 0.781250
vt 0.359375 0.781250
vt 0.375000 0.781250
vt 0.390625 0.781250
vt 0.406250 0.781250
vt 0.421875 0.781250
vt 0.437500 0.781250
vt 0.453125 0.781250
vt 0.468750 0.781250
vt 0.484375 0.781250
vt 0.500000 0.781250
vt 0.515625 0.781250
vt 0.531250 0.781250
vt 0.546875 0.781250
vt 0.562500 0.781250
vt 0.578125 0.781250
vt 0.593750 0.781250
vt 0.609375 0.781250
vt 0.625000 0.781250
vt 0.640625 0.781250
vt 0.656250 0.781250
vt 0.671875 0.781250
vt 0.687500 0.781250
vt 0.703125 0.781250
vt 0.718750 0.781250
vt 0.734375 0.781250
vt 0.750000 0.781250
vt 0.765625 0.781250
vt 0.781250 0.781250
vt 0.796875 0.781250
vt 0.812500 0.781250
vt 0.828125 0.781250
vt 0.843750 0.781250
vt 0.859375 0.781250
vt 0.875000 0.781250
vt 0.890625 0.781250
vt 0.906250 0.781250
vt 0.921875 0.781250
vt 0.937500 0.781250
vt 0.953125 0.781250
vt 0.968750 0.781250
vt 0.984375 0.781250
vt 1.000000 0.781250
vt 0.000000 0.812500
vt 0.015625 0.812500
vt 0.031250 0.812500
vt 0.046875 0.812500
vt 0.062500 0.812500
vt 0.078125 0.812500
vt 0.093750 0.812500
vt 0.109375 0.812500
vt 0.125000 0.812500
vt 0.140625 0.812500
vt 0.156250 0.812500
vt 0.171875 0.812500
vt 0.187500 0.812500
vt 0.203125 0.812500
vt 0.218750 0.812500
vt 0.234375 0.812500
vt 0.250000 0.812500
vt 0.265625 0.812500
vt 0.281250 0.812500
vt 0.296875 0.812500
vt 0.312500 0.812500
vt 0.328125 0.812500
vt 0.343750 0.812500
vt 0.359375 0.812500
vt 0.375000 0.812500
vt 0.390625 0.812500
vt 0.406250 0.812500
vt 0.421875 0.812500
vt 0.437500 0.812500
vt 0.453125 0.812500
vt 0.468750 0.812500
vt 0.484375 0.812500
vt 0.500000 0.812500
vt 0.515625 0.812500
vt 0.531250 0.812500
vt 0.546875 0.812500
vt 0.562500 0.812500
vt 0.578125 0.812500
vt 0.593750 0.812500
vt 0.609375 0.812500
vt 0.625000 0.812500
vt 0.640625 0.812500
vt 0.656250 0.812500
vt 0.671875 0.812500
vt 0.687500 0.812500
vt 0.703125 0.812500
vt 0.718750 0.812500
vt 0.734375 0.812500
vt 0.750000 0.812500
vt 0.765625 0.812500
vt 0.781250 0.812500
vt 0.796875 0.812500
vt 0.812500 0.812500
vt 0.828125 0.812500
vt 0.843750 0.812500
vt 0.859375 0.812500
vt 0.875000 0.812500
vt 0.890625 0.812500
vt 0.906250 0.812500
vt 0.921875 0.812500
vt 0.937500 0.812500
vt 0.953125 0.812500
vt 0.968750 0.812500
vt 0.984375 0.812500
vt 1.000000 0.812500
vt 0.000000 0.843750
vt 0.015625 0.843750
vt 0.031250 0.843750
vt 0.046875 0.843750
vt 0.062500 0.843750
vt 0.078125 0.843750
vt 0.093750 0.843750
vt 0.109375 0.843750
vt 0.125000 0.843750
vt 0.140625 0.843750
vt 0.156250 0.843750
vt 0.171875 0.843750
vt 0.187500 0.843750
vt 0.203125 0.843750
vt 0.218750 0.843750
vt 0.234375 0.843750
vt 0.250000 0.843750
vt 0.265625 0.843750
vt 0.281250 0.843750
vt 0.296875 0.843750
vt 0.312500 0.843750
vt 0.328125 0.843750
vt 0.343750 0.843750
vt 0.359375 0.843750
vt 0.375000 0.843750
vt 0.390625 0.843750
vt 0.406250 0.843750
vt 0.421875 0.843750
vt 0.437500 0.843750
vt 0.453125 0.843750
vt 0.468750 0.843750
vt 0.484375 0.843750
vt 0.500000 0.843750
vt 0.515625 0.843750
vt 0.531250 0.843750
vt 0.546875 0.843750
vt 0.562500 0.843750
vt 0.578125 0.843750
vt 0.593750 0.843750
vt 0.609375 0.843750
vt 0.625000 0.843750
vt 0.640625 0.843750
vt 0.656250 0.843750
vt 0.671875 0.843750
vt 0.687500 0.843750
vt 0.703125 0.843750
vt 0.718750 0.843750
vt 0.734375 0.843750
vt 0.750000 0.843750
vt 0.765625 0.843750
vt 0.781250 0.843750
vt 0.796875 0.843750
vt 0.812500 0.843750
vt 0.828125 0.843750
vt 0.843750 0.843750
vt 0.859375 0.843750
vt 0.875000 0.843750
vt 0.890625 0.843750
vt 0.906250 0.843750
vt 0.921875 0.843750
vt 0.937500 0.843750
vt 0.953125 0.843750
vt 0.968750 0.843750
vt 0.984375 0.843750
vt 1.000000 0.843750
vt 0.000000 0.875000
vt 0.015625 0.875000
vt 0.031250 0.875000
vt 0.046875 0.875000
vt 0.062500 0.875000
vt 0.078125 0.875000
vt 0.093750 0.875000
vt 0.109375 0.875000
vt 0.125000 0.875000
vt 0.140625 0.875000
vt 0.156250 0.875000
vt 0.171875 0.875000
vt 0.187500 0.875000
vt 0.203125 0.875000
vt 0.218750 0.875000
vt 0.234375 0.875000
vt 0.250000 0.875000
vt 0.265625 0.875000
vt 0.281250 0.875000
vt 0.296875 0.875000
vt 0.312500 0.875000
vt 0.328125 0.875000
vt 0.343750 0.875000
vt 0.359375 0.875000
vt 0.375000 0.875000
vt 0.390625 0.875000
vt 0.406250 0.875000
vt 0.421875 0.875000
vt 0.437500 0.875000
vt 0.453125 0.875000
vt 0.468750 0.875000
vt 0.484375 0.875000
vt 0.500000 0.875000
vt 0.515625 0.875000
vt 0.531250 0.875000
vt 0.546875 0.875000
vt 0.562500 0.875000
vt 0.578125 0.875000
vt 0.593750 0.875000
vt 0.609375 0.875000
vt 0.625000 0.875000
vt 0.640625 0.875000
vt 0.656250 0.875000
vt 0.671875 0.875000
vt 0.687500 0.875000
vt 0.703125 0.875000
vt 0.718750 0.875000
vt 0.734375 0.875000
vt 0.750000 0.875000
vt 0.765625 0.875000
vt 0.781250 0.875000
vt 0.796875 0.875000
vt 0.812500 0.875000
vt 0.828125 0.875000
vt 0.843750 0.875000
vt 0.859375 0.875000
vt 0.875000 0.875000
vt 0.890625 0.875000
vt 0.906250 0.875000
vt 0.921875 0.875000
vt 0.937500 0.875000
vt 0.953125 0.875000
vt 0.968750 0.875000
vt 0.984375 0.875000
vt 1.000000 0.875000
vt 0.000000 0.906250
vt 0.015625 0.906250
vt 0.031250 0.906250
vt 0.046875 0.906250
vt 0.062500 0.906250
vt 0.078125 0.906250
vt 0.093750 0.906250
vt 0.109375 0.906250
vt 0.125000 0.906250
vt 0.140625 0.906250
vt 0.156250 0.906250
vt 0.171875 0.906250
vt 0.187500 0.906250
vt 0.203125 0.906250
vt 0.218750 0.906250
vt 0.234375 0.906250
vt 0.250000 0.906250
vt 0.265625 0.906250
vt 0.281250 0.906250
vt 0.296875 0.906250
vt 0.312500 0.906250
vt 0.328125 0.906250
vt 0.343750 0.906250
vt 0.359375 0.906250
vt 0.375000 0.906250
vt 0.390625 0.906250
vt 0.406250 0.906250
vt 0.421875 0.906250
vt 0.437500 0.906250
vt 0.453125 0.906250
vt 0.468750 0.906250
vt 0.484375 0.906250
vt 0.500000 0.906250
vt 0.515625 0.906250
vt 0.531250 0.906250
vt 0.546875 0.906250
vt 0.562500 0.906250
vt 0.578125 0.906250
vt 0.593750 0.906250
vt 0.609375 0.906250
vt 0.625000 0.906250
vt 0.640625 0.906250
vt 0.656250 0.906250
vt 0.671875 0.906250
vt 0.687500 0.906250
vt 0.703125 0.906250
vt 0.718750 0.906250
vt 0.734375 0.906250
vt 0.750000 0.906250
vt 0.765625 0.906250
vt 0.781250 0.906250
vt 0.796875 0.906250
vt 0.812500 0.906250
vt 0.828125 0.906250
vt 0.843750 0.906250
vt 0.859375 0.906250
vt 0.875000 0.906250
vt 0.890625 0.906250
vt 0.906250 0.906250
vt 0.921875 0.906250
vt 0.937500 0.906250
vt 0.953125 0.906250
vt 0.968750 0.906250
vt 0.984375 0.906250
vt 1.000000 0.906250
vt 0.000000 0.937500
vt 0.015625 0.937500
vt 0.031250 0.937500
vt 0.046875 0.937500
vt 0.062500 0.937500
vt 0.078125 0.937500
vt 0.093750 0.937500
vt 0.109375 0.937500
vt 0.125000 0.937500
vt 0.140625 0.937500
vt 0.156250 0.937500
vt 0.171875 0.937500
vt 0.187500 0.937500
vt 0.203125 0.937500
vt 0.218750 0.937500
vt 0.234375 0.937500
vt 0.250000 0.937500
vt 0.265625 0.937500
vt 0.281250 0.937500
vt 0.296875 0.937500
vt 0.312500 0.937500
vt 0.328125 0.937500
vt 0.343750 0.937500
vt 0.359375 0.937500
vt 0.375000 0.937500
vt 0.390625 0.937500
vt 0.406250 0.937500
vt 0.421875 0.937500
vt 0.437500 0.937500
vt 0.453125 0.937500
vt 0.468750 0.937500
vt 0.484375 0.937500
vt 0.500000 0.937500
vt 0.515625 0.937500
vt 0.531250 0.937500
vt 0.546875 0.937500
vt 0.562500 0.937500
vt 0.578125 0.937500
vt 0.593750 0.937500
vt 0.609375 0.937500
vt 0.625000 0.937500
vt 0.640625 0.937500
vt 0.656250 0.937500
vt 0.671875 0.937500
vt 0.687500 0.937500
vt 0.703125 0.937500
vt 0.718750 0.937500
vt 0.734375 0.937500
vt 0.750000 0.937500
vt 0.765625 0.937500
vt 0.781250 0.937500
vt 0.796875 0.937500
vt 0.812500 0.937500
vt 0.828125 0.937500
vt 0.843750 0.937500
vt 0.859375 0.937500
vt 0.875000 0.937500
vt 0.890625 0.937500
vt 0.906250 0.937500
vt 0.921875 0.937500
vt 0.937500 0.937500
vt 0.953125 0.937500
vt 0.968750 0.937500
vt 0.984375 0.937500
vt 1.000000 0.937500
vt 0.000000 0.968750
vt 0.015625 0.968750
vt 0.031250 0.968750
vt 0.046875 0.968750
vt 0.062500 0.968750
vt 0.078125 0.968750
vt 0.093750 0.968750
vt 0.109375 0.968750
vt 0.125000 0.968750
vt 0.140625 0.968750
vt 0.156250 0.968750
vt 0.171875 0.968750
vt 0.187500 0.968750
vt 0.203125 0.968750
vt 0.218750 0.968750
vt 0.234375 0.968750
vt 0.250000 0.968750
vt 0.265625 0.968750
vt 0.281250 0.968750
vt 0.296875 0.968750
vt 0.312500 0.968750
vt 0.328125 0.968750
vt 0.343750 0.968750
vt 0.359375 0.968750
vt 0.375000 0.968750
vt 0.390625 0.968750
vt 0.406250 0.968750
vt 0.421875 0.968750
vt 0.437500 0.968750
vt 0.453125 0.968750
vt 0.468750 0.968750
vt 0.484375 0.968750
vt 0.500000 0.968750
vt 0.515625 0.968750
vt 0.531250 0.968750
vt 0.546875 0.968750
vt 0.562500 0.968750
vt 0.578125 0.968750
vt 0.593750 0.968750
vt 0.609375 0.968750
vt 0.625000 0.968750
vt 0.640625 0.968750
vt 0.656250 0.968750
vt 0.671875 0.968750
vt 0.687500 0.968750
vt 0.703125 0.968750
vt 0.718750 0.968750
vt 0.734375 0.968750
vt 0.750000 0.968750
vt 0.765625 0.968750
vt 0.781250 0.968750
vt 0.796875 0.968750
vt 0.812500 0.968750
vt 0.828125 0.968750
vt 0.843750 0.968750
vt 0.859375 0.968750
vt 0.875000 0.968750
vt 0.890625 0.968750
vt 0.906250 0.968750
vt 0.921875 0.968750
vt 0.937500 0.968750
vt 0.953125 0.968750
vt 0.968750 0.968750
vt 0.984375 0.968750
vt 1.000000 0.968750
vt 0.000000 1.000000
vt 0.015625 1.000000
vt 0.031250 1.000000
vt 0.046875 1.000000
vt 0.062500 1.000000
vt 0.078125 1.000000
vt 0.093750 1.000000
vt 0.109375 1.000000
vt 0.125000 1.000000
vt 0.140625 1.000000
vt 0.156250 1.000000
vt 0.171875 1.000000
vt 0.187500 1.000000
vt 0.203125 1.000000
vt 0.218750 1.000000
vt 0.234375 1.000000
vt 0.250000 1.000000
vt 0.265625 1.000000
vt 0.281250 1.000000
vt 0.296875 1.000000
vt 0.312500 1.000000
vt 0.328125 1.000000
vt 0.343750 1.000000
vt 0.359375 1.000000
vt 0.375000 1.000000
vt 0.390625 1.000000
vt 0.406250 1.000000
vt 0.421875 1.000000
vt 0.437500 1.000000
vt 0.453125 1.000000
vt 0.468750 1.000000
vt 0.484375 1.000000
vt 0.500000 1.000000
vt 0.515625 1.000000
vt 0.531250 1.000000
vt 0.546875 1.000000
vt 0.562500 1.000000
vt 0.578125 1.000000
vt 0.593750 1.000000
vt 0.609375 1.000000
vt 0.625000 1.000000
vt 0.640625 1.000000
vt 0.656250 1.000000
vt 0.671875 1.000000
vt 0.687500 1.000000
vt 0.703125 1.000000
vt 0.718750 1.000000
vt 0.734375 1.000000
vt 0.750000 1.000000
vt 0.765625 1.000000
vt 0.781250 1.000000
vt 0.796875 1.000000
vt 0.812500 1.000000
vt 0.828125 1.000000
vt 0.843750 1.000000
vt 0.859375 1.000000
vt 0.875000 1.000000
vt 0.890625 1.000000
vt 0.906250 1.000000
vt 0.921875 1.000000
vt 0.937500 1.000000
vt 0.953125 1.000000
vt 0.968750 1.000000
vt 0.984375 1.000000
vt 1.000000 1.000000
f 3076/3076 3141/3141 3077/3077
f 3077/3077 3141/3141 3142/3142
f 3077/3077 3142/3142 3078/3078
f 3078/3078 3142/3142 3143/3143
f 3078/3078 3143/3143 3079/3079
f 3079/3079 3143/3143 3144/3144
f 3079/3079 3144/3144 3080/3080
f 3080/3080 3144/3144 3145/3145
f 3080/3080 3145/3145 3081/3081
f 3081/3081 3145/3145 3146/3146
f 3081/3081 3146/3146 3082/3082
f 3082/3082 3146/3146 3147/3147
f 3082/3082 3147/3147 3083/3083
f 3083/3083 3147/3147 3148/3148
f 3083/3083 3148/3148 3084/3084
f 3084/3084 3148/3148 3149/3149
f 3084/3084 3149/3149 3085/3085
f 3085/3085 3149/3149 3150/3150
f 3085/3085 3150/3150 3086/3086
f 3086/3086 3150/3150 3151/3151
f 3086/3086 3151/3151 3087/3087
f 3087/3087 3151/3151 3152/3152
f 3087/3087 3152/3152 3088/3088
f 3088/3088 3152/3152 3153/3153
f 3088/3088 3153/3153 3089/3089
f 3089/3089 3153/3153 3154/3154
f 3089/3089 3154/3154 3090/3090
f 3090/3090 3154/3154 3155/3155
f 3090/3090 3155/3155 3091/3091
f 3091/3091 3155/3155 3156/3156
f 3091/3091 3156/3156 3092/3092
f 3092/3092 3156/3156 3157/3157
f 3092/3092 3157/3157 3093/3093
f 3093/3093 3157/3157 3158/3158
f 3093/3093 3158/3158 3094/3094
f 3094/3094 3158/3158 3159/3159
f 3094/3094 3159/3159 3095/3095
f 3095/3095 3159/3159 3160/3160
f 3095/3095 3160/3160 3096/3096
f 3096/3096 3160/3160 3161/3161
f 3096/3096 3161/3161 3097/3097
f 3097/3097 3161/3161 3162/3162
f 3097/3097 3162/3162 3098/3098
f 3098/3098 3162/3162 3163/3163
f 3098/3098 3163/3163 3099/3099
f 3099/3099 3163/3163 3164/3164
f 3099/3099 3164/3164 3100/3100
f 3100/3100 3164/3164 3165/3165
f 3100/3100 3165/3165 3101/3101
f 3101/3101 3165/3165 3166/3166
f 3101/3101 3166/3166 3102/3102
f 3102/3102 3166/3166 3167/3167
f 3102/3102 3167/3167 3103/3103
f 3103/3103 3167/3167 3168/3168
f 3103/3103 3168/3168 3104/3104
f 3104/3104 3168/3168 3169/3169
f 3104/3104 3169/3169 3105/3105
f 3105/3105 3169/3169 3170/3170
f 3105/3105 3170/3170 3106/3106
f 3106/3106 3170/3170 3171/3171
f 3106/3106 3171/3171 3107/3107
f 3107/3107 3171/3171 3172/3172
f 3107/3107 3172/3172 3108/3108
f 3108/3108 3172/3172 3173/3173
f 3108/3108 3173/3173 3109/3109
f 3109/3109 3173/3173 3174/3174
f 3109/3109 3174/3174 3110/3110
f 3110/3110 3174/3174 3175/3175
f 3110/3110 3175/3175 3111/3111
f 3111/3111 3175/3175 3176/3176
f 3111/3111 3176/3176 3112/3112
f 3112/3112 3176/3176 3177/3177
f 3112/3112 3177/3177 3113/3113
f 3113/3113 3177/3177 3178/3178
f 3113/3113 3178/3178 3114/3114
f 3114/3114 3178/3178 3179/3179
f 3114/3114 3179/3179 3115/3115
f 3115/3115 3179/3179 3180/3180
f 3115/3115 3180/3180 3116/3116
f 3116/3116 3180/3180 3181/3181
f 3116/3116 3181/3181 3117/3117
f 3117/3117 3181/3181 3182/3182
f 3117/3117 3182/3182 3118/3118
f 3118/3118 3182/3182 3183/3183
f 3118/3118 3183/3183 3119/3119
f 3119/3119 3183/3183 3184/3184
f 3119/3119 3184/3184 3120/3120
f 3120/3120 3184/3184 3185/3185
f 3120/3120 3185/3185 3121/3121
f 3121/3121 3185/3185 3186/3186
f 3121/3121 3186/3186 3122/3122
f 3122/3122 3186/3186 3187/3187
f 3122/3122 3187/3187 3123/3123
f 3123/3123 3187/3187 3188/3188
f 3123/3123 3188/3188 3124/3124
f 3124/3124 3188/3188 3189/3189
f 3124/3124 3189/3189 3125/3125
f 3125/3125 3189/3189 3190/3190
f 3125/3125 3190/3190 3126/3126
f 3126/3126 3190/3190 3191/3191
f 3126/3126 3191/3191 3127/3127
f 3127/3127 3191/3191 3192/3192
f 3127/3127 3192/3192 3128/3128
f 3128/3128 3192/3192 3193/3193
f 3128/3128 3193/3193 3129/3129
f 3129/3129 3193/3193 3194/3194
f 3129/3129 3194/3194 3130/3130
f 3130/3130 3194/3194 3195/3195
f 3130/3130 3195/3195 3131/3131
f 3131/3131 3195/3195 3196/3196
f 3131/3131 3196/3196 3132/3132
f 3132/3132 3196/3196 3197/3197
f 3132/3132 3197/3197 3133/3133
f 3133/3133 3197/3197 3198/3198
f 3133/3133 3198/3198 3134/3134
f 3134/3134 3198/3198 3199/3199
f 3134/3134 3199/3199 3135/3135
f 3135/3135 3199/3199 3200/3200
f 3135/3135 3200/3200 3136/3136
f 3136/3136 3200/3200 3201/3201
f 3136/3136 3201/3201 3137/3137
f 3137/3137 3201/3201 3202/3202
f 3137/3137 3202/3202 3138/3138
f 3138/3138 3202/3202 3203/3203
f 3138/3138 3203/3203 3139/3139
f 3139/3139 3203/3203 3204/3204
f 3139/3139 3204/3204 3140/3140
f 3140/3140 3204/3204 3205/3205
f 3141/3141 3206/3206 3142/3142
f 3142/3142 3206/3206 3207/3207
f 3142/3142 3207/3207 3143/3143
f 3143/3143 3207/3207 3208/3208
f 3143/3143 3208/3208 3144/3144
f 3144/3144 3208/3208 3209/3209
f 3144/3144 3209/3209 3145/3145
f 3145/3145 3209/3209 3210/3210
f 3145/3145 3210/3210 3146/3146
f 3146/3146 3210/3210 3211/3211
f 3146/3146 3211/3211 3147/3147
f 3147/3147 3211/3211 3212/3212
f 3147/3147 3212/3212 3148/3148
f 3148/3148 3212/3212 3213/3213
f 3148/3148 3213/3213 3149/3149
f 3149/3149 3213/3213 3214/3214
f 3149/3149 3214/3214 3150/3150
f 3150/3150 3214/3214 3215/3215
f 3150/3150 3215/3215 3151/3151
f 3151/3151 3215/3215 3216/3216
f 3151/3151 3216/3216 3152/3152
f 3152/3152 3216/3216 3217/3217
f 3152/3152 3217/3217 3153/3153
f 3153/3153 3217/3217 3218/3218
f 3153/3153 3218/3218 3154/3154
f 3154/3154 3218/3218 3219/3219
f 3154/3154 3219/3219 3155/3155
f 3155/3155 3219/3219 3220/3220
f 3155/3155 3220/3220 3156/3156
f 3156/3156 3220/3220 3221/3221
f 3156/3156 3221/3221 3157/3157
f 3157/3157 3221/3221 3222/3222
f 3157/3157 3222/3222 3158/3158
f 3158/3158 3222/3222 3223/3223
f 3158/3158 3223/3223 3159/3159
f 3159/3159 3223/3223 3224/3224
f 3159/3159 3224/3224 3160/3160
f 3160/3160 3224/3224 3225/3225
f 3160/3160 3225/3225 3161/3161
f 3161/3161 3225/3225 3226/3226
f 3161/3161 3226/3226 3162/3162
f 3162/3162 3226/3226 3227/3227
f 3162/3162 3227/3227 3163/3163
f 3163/3163 3227/3227 3228/3228
f 3163/3163 3228/3228 3164/3164
f 3164/3164 3228/3228 3229/3229
f 3164/3164 3229/3229 3165/3165
f 3165/3165 3229/3229 3230/3230
f 3165/3165 3230/3230 3166/3166
f 3166/3166 3230/3230 3231/3231
f 3166/3166 3231/3231 3167/3167
f 3167/3167 3231/3231 3232/3232
f 3167/3167 3232/3232 3168/3168
f 3168/3168 3232/3232 3233/3233
f 3168/3168 3233/3233 3169/3169
f 3169/3169 3233/3233 3234/3234
f 3169/3169 3234/3234 3170/3170
f 3170/3170 3234/3234 3235/3235
f 3170/3170 3235/3235 3171/3171
f 3171/3171 3235/3235 3236/3236
f 3171/3171 3236/3236 3172/3172
f 3172/3172 3236/3236 3237/3237
f 3172/3172 3237/3237 3173/3173
f 3173/3173 3237/3237 3238/3238
f 3173/3173 3238/3238 3174/3174
f 3174/3174 3238/3238 3239/3239
f 3174/3174 3239/3239 3175/3175
f 3175/3175 3239/3239 3240/3240
f 3175/3175 3240/3240 3176/3176
f 3176/3176 3240/3240 3241/3241
f 3176/3176 3241/3241 3177/3177
f 3177/3177 3241/3241 3242/3242
f 3177/3177 3242/3242 3178/3178
f 3178/3178 3242/3242 3243/3243
f 3178/3178 3243/3243 3179/3179
f 3179/3179 3243/3243 3244/3244
f 3179/3179 3244/3244 3180/3180
f 3180/3180 3244/3244 3245/3245
f 3180/3180 3245/3245 3181/3181
f 3181/3181 3245/3245 3246/3246
f 3181/3181 3246/3246 3182/3182
f 3182/3182 3246/3246 3247/3247
f 3182/3182 3247/3247 3183/3183
f 3183/3183 3247/3247 3248/3248
f 3183/3183 3248/3248 3184/3184
f 3184/3184 3248/3248 3249/3249
f 3184/3184 3249/3249 3185/3185
f 3185/3185 3249/3249 3250/3250
f 3185/3185 3250/3250 3186/3186
f 3186/3186 3250/3250 3251/3251
f 3186/3186 3251/3251 3187/3187
f 3187/3187 3251/3251 3252/3252
f 3187/3187 3252/3252 3188/3188
f 3188/3188 3252/3252 3253/3253
f 3188/3188 3253/3253 3189/3189
f 3189/3189 3253/3253 3254/3254
f 3189/3189 3254/3254 3190/3190
f 3190/3190 3254/3254 3255/3255
f 3190/3190 3255/3255 3191/3191
f 3191/3191 3255/3255 3256/3256
f 3191/3191 3256/3256 3192/3192
f 3192/3192 3256/3256 3257/3257
f 3192/3192 3257/3257 3193/3193
f 3193/3193 3257/3257 3258/3258
f 3193/3193 3258/3258 3194/3194
f 3194/3194 3258/3258 3259/3259
f 3194/3194 3259/3259 3195/3195
f 3195/3195 3259/3259 3260/3260
f 3195/3195 3260/3260 3196/3196
f 3196/3196 3260/3260 3261/3261
f 3196/3196 3261/3261 3197/3197
f 3197/3197 3261/3261 3262/3262
f 3197/3197 3262/3262 3198/3198
f 3198/3198 3262/3262 3263/3263
f 3198/3198 3263/3263 3199/3199
f 3199/3199 3263/3263 3264/3264
f 3199/3199 3264/3264 3200/3200
f 3200/3200 3264/3264 3265/3265
f 3200/3200 3265/3265 3201/3201
f 3201/3201 3265/3265 3266/3266
f 3201/3201 3266/3266 3202/3202
f 3202/3202 3266/3266 3267/3267
f 3202/3202 3267/3267 3203/3203
f 3203/3203 3267/3267 3268/3268
f 3203/3203 3268/3268 3204/3204
f 3204/3204 3268/3268 3269/3269
f 3204/3204 3269/3269 3205/3205
f 3205/3205 3269/3269 3270/3270
f 3206/3206 3271/3271 3207/3207
f 3207/3207 3271/3271 3272/3272
f 3207/3207 3272/3272 3208/3208
f 3208/3208 3272/3272 3273/3273
f 3208/3208 3273/3273 3209/3209
f 3209/3209 3273/3273 3274/3274
f 3209/3209 3274/3274 3210/3210
f 3210/3210 3274/3274 3275/3275
f 3210/3210 3275/3275 3211/3211
f 3211/3211 3275/3275 3276/3276
f 3211/3211 3276/3276 3212/3212
f 3212/3212 3276/3276 3277/3277
f 3212/3212 3277/3277 3213/3213
f 3213/3213 3277/3277 3278/3278
f 3213/3213 3278/3278 3214/3214
f 3214/3214 3278/3278 3279/3279
f 3214/3214 3279/3279 3215/3215
f 3215/3215 3279/3279 3280/3280
f 3215/3215 3280/3280 3216/3216
f 3216/3216 3280/3280 3281/3281
f 3216/3216 3281/3281 3217/3217
f 3217/3217 3281/3281 3282/3282
f 3217/3217 3282/3282 3218/3218
f 3218/3218 3282/3282 3283/3283
f 3218/3218 3283/3283 3219/3219
f 3219/3219 3283/3283 3284/3284
f 3219/3219 3284/3284 3220/3220
f 3220/3220 3284/3284 3285/3285
f 3220/3220 3285/3285 3221/3221
f 3221/3221 3285/3285 3286/3286
f 3221/3221 3286/3286 3222/3222
f 3222/3222 3286/3286 3287/3287
f 3222/3222 3287/3287 3223/3223
f 3223/3223 3287/3287 3288/3288
f 3223/3223 3288/3288 3224/3224
f 3224/3224 3288/3288 3289/3289
f 3224/3224 3289/3289 3225/3225
f 3225/3225 3289/3289 3290/3290
f 3225/3225 3290/3290 3226/3226
f 3226/3226 3290/3290 3291/3291
f 3226/3226 3291/3291 3227/3227
f 3227/3227 3291/3291 3292/3292
f 3227/3227 3292/3292 3228/3228
f 3228/3228 3292/3292 3293/3293
f 3228/3228 3293/3293 3229/3229
f 3229/3229 3293/3293 3294/3294
f 3229/3229 3294/3294 3230/3230
f 3230/3230 3294/3294 3295/3295
f 3230/3230 3295/3295 3231/3231
f 3231/3231 3295/3295 3296/3296
f 3231/3231 3296/3296 3232/3232
f 3232/3232 3296/3296 3297/3297
f 3232/3232 3297/3297 3233/3233
f 3233/3233 3297/3297 3298/3298
f 3233/3233 3298/3298 3234/3234
f 3234/3234 3298/3298 3299/3299
f 3234/3234 3299/3299 3235/3235
f 3235/3235 3299/3299 3300/3300
f 3235/3235 3300/3300 3236/3236
f 3236/3236 3300/3300 3301/3301
f 3236/3236 3301/3301 3237/3237
f 3237/3237 3301/3301 3302/3302
f 3237/3237 3302/3302 3238/3238
f 3238/3238 3302/3302 3303/3303
f 3238/3238 3303/3303 3239/3239
f 3239/3239 3303/3303 3304/3304
f 3239/3239 3304/3304 3240/3240
f 3240/3240 3304/3304 3305/3305
f 3240/3240 3305/3305 3241/3241
f 3241/3241 3305/3305 3306/3306
f 3241/3241 3306/3306 3242/3242
f 3242/3242 3306/3306 3307/3307
f 3242/3242 3307/3307 3243/3243
f 3243/3243 3307/3307 3308/3308
f 3243/3243 3308/3308 3244/3244
f 3244/3244 3308/3308 3309/3309
f 3244/3244 3309/3309 3245/3245
f 3245/3245 3309/3309 3310/3310
f 3245/3245 3310/3310 3246/3246
f 3246/3246 3310/3310 3311/3311
f 3246/3246 3311/3311 3247/3247
f 3247/3247 3311/3311 3312/3312
f 3247/3247 3312/3312 3248/3248
f 3248/3248 3312/3312 3313/3313
f 3248/3248 3313/3313 3249/3249
f 3249/3249 3313/3313 3314/3314
f 3249/3249 3314/3314 3250/3250
f 3250/3250 3314/3314 3315/3315
f 3250/3250 3315/3315 3251/3251
f 3251/3251 3315/3315 3316/3316
f 3251/3251 3316/3316 3252/3252
f 3252/3252 3316/3316 3317/3317
f 3252/3252 3317/3317 3253/3253
f 3253/3253 3317/3317 3318/3318
f 3253/3253 3318/3318 3254/3254
f 3254/3254 3318/3318 3319/3319
f 3254/3254 3319/3319 3255/3255
f 3255/3255 3319/3319 3320/3320
f 3255/3255 3320/3320 3256/3256
f 3256/3256 3320/3320 3321/3321
f 3256/3256 3321/3321 3257/3257
f 3257/3257 3321/3321 3322/3322
f 3257/3257 3322/3322 3258/3258
f 3258/3258 3322/3322 3323/3323
f 3258/3258 3323/3323 3259/3259
f 3259/3259 3323/3323 3324/3324
f 3259/3259 3324/3324 3260/3260
f 3260/3260 3324/3324 3325/3325
f 3260/3260 3325/3325 3261/3261
f 3261/3261 3325/3325 3326/3326
f 3261/3261 3326/3326 3262/3262
f 3262/3262 3326/3326 3327/3327
f 3262/3262 3327/3327 3263/3263
f 3263/3263 3327/3327 3328/3328
f 3263/3263 3328/3328 3264/3264
f 3264/3264 3328/3328 3329/3329
f 3264/3264 3329/3329 3265/3265
f 3265/3265 3329/3329 3330/3330
f 3265/3265 3330/3330 3266/3266
f 3266/3266 3330/3330 3331/3331
f 3266/3266 3331/3331 3267/3267
f 3267/3267 3331/3331 3332/3332
f 3267/3267 3332/3332 3268/3268
f 3268/3268 3332/3332 3333/3333
f 3268/3268 3333/3333 3269/3269
f 3269/3269 3333/3333 3334/3334
f 3269/3269 3334/3334 3270/3270
f 3270/3270 3334/3334 3335/3335
f 3271/3271 3336/3336 3272/3272
f 3272/3272 3336/3336 3337/3337
f 3272/3272 3337/3337 3273/3273
f 3273/3273 3337/3337 3338/3338
f 3273/3273 3338/3338 3274/3274
f 3274/3274 3338/3338 3339/3339
f 3274/3274 3339/3339 3275/3275
f 3275/3275 3339/3339 3340/3340
f 3275/3275 3340/3340 3276/3276
f 3276/3276 3340/3340 3341/3341
f 3276/3276 3341/3341 3277/3277
f 3277/3277 3341/3341 3342/3342
f 3277/3277 3342/3342 3278/3278
f 3278/3278 3342/3342 3343/3343
f 3278/3278 3343/3343 3279/3279
f 3279/3279 3343/3343 3344/3344
f 3279/3279 3344/3344 3280/3280
f 3280/3280 3344/3344 3345/3345
f 3280/3280 3345/3345 3281/3281
f 3281/3281 3345/3345 3346/3346
f 3281/3281 3346/3346 3282/3282
f 3282/3282 3346/3346 3347/3347
f 3282/3282 3347/3347 3283/3283
f 3283/3283 3347/3347 3348/3348
f 3283/3283 3348/3348 3284/3284
f 3284/3284 3348/3348 3349/3349
f 3284/3284 3349/3349 3285/3285
f 3285/3285 3349/3349 3350/3350
f 3285/3285 3350/3350 3286/3286
f 3286/3286 3350/3350 3351/3351
f 3286/3286 3351/3351 3287/3287
f 3287/3287 3351/3351 3352/3352
f 3287/3287 3352/3352 3288/3288
f 3288/3288 3352/3352 3353/3353
f 3288/3288 3353/3353 3289/3289
f 3289/3289 3353/3353 3354/3354
f 3289/3289 3354/3354 3290/3290
f 3290/3290 3354/3354 3355/3355
f 3290/3290 3355/3355 3291/3291
f 3291/3291 3355/3355 3356/3356
f 3291/3291 3356/3356 3292/3292
f 3292/3292 3356/3356 3357/3357
f 3292/3292 3357/3357 3293/3293
f 3293/3293 3357/3357 3358/3358
f 3293/3293 3358/3358 3294/3294
f 3294/3294 3358/3358 3359/3359
f 3294/3294 3359/3359 3295/3295
f 3295/3295 3359/3359 3360/3360
f 3295/3295 3360/3360 3296/3296
f 3296/3296 3360/3360 3361/3361
f 3296/3296 3361/3361 3297/3297
f 3297/3297 3361/3361 3362/3362
f 3297/3297 3362/3362 3298/3298
f 3298/3298 3362/3362 3363/3363
f 3298/3298 3363/3363 3299/3299
f 3299/3299 3363/3363 3364/3364
f 3299/3299 3364/3364 3300/3300
f 3300/3300 3364/3364 3365/3365
f 3300/3300 3365/3365 3301/3301
f 3301/3301 3365/3365 3366/3366
f 3301/3301 3366/3366 3302/3302
f 3302/3302 3366/3366 3367/3367
f 3302/3302 3367/3367 3303/3303
f 3303/3303 3367/3367 3368/3368
f 3303/3303 3368/3368 3304/3304
f 3304/3304 3368/3368 3369/3369
f 3304/3304 3369/3369 3305/3305
f 3305/3305 3369/3369 3370/3370
f 3305/3305 3370/3370 3306/3306
f 3306/3306 3370/3370 3371/3371
f 3306/3306 3371/3371 3307/3307
f 3307/3307 3371/3371 3372/3372
f 3307/3307 3372/3372 3308/3308
f 3308/3308 3372/3372 3373/3373
f 3308/3308 3373/3373 3309/3309
f 3309/3309 3373/3373 3374/3374
f 3309/3309 3374/3374 3310/3310
f 3310/3310 3374/3374 3375/3375
f 3310/3310 3375/3375 3311/3311
f 3311/3311 3375/3375 3376/3376
f 3311/3311 3376/3376 3312/3312
f 3312/3312 3376/3376 3377/3377
f 3312/3312 3377/3377 3313/3313
f 3313/3313 3377/3377 3378/3378
f 3313/3313 3378/3378 3314/3314
f 3314/3314 3378/3378 3379/3379
f 3314/3314 3379/3379 3315/3315
f 3315/3315 3379/3379 3380/3380
f 3315/3315 3380/3380 3316/3316
f 3316/3316 3380/3380 3381/3381
f 3316/3316 3381/3381 3317/3317
f 3317/3317 3381/3381 3382/3382
f 3317/3317 3382/3382 3318/3318
f 3318/3318 3382/3382 3383/3383
f 3318/3318 3383/3383 3319/3319
f 3319/3319 3383/3383 3384/3384
f 3319/3319 3384/3384 3320/3320
f 3320/3320 3384/3384 3385/3385
f 3320/3320 3385/3385 3321/3321
f 3321/3321 3385/3385 3386/3386
f 3321/3321 3386/3386 3322/3322
f 3322/3322 3386/3386 3387/3387
f 3322/3322 3387/3387 3323/3323
f 3323/3323 3387/3387 3388/3388
f 3323/3323 3388/3388 3324/3324
f 3324/3324 3388/3388 3389/3389
f 3324/3324 3389/3389 3325/3325
f 3325/3325 3389/3389 3390/3390
f 3325/3325 3390/3390 3326/3326
f 3326/3326 3390/3390 3391/3391
f 3326/3326 3391/3391 3327/3327
f 3327/3327 3391/3391 3392/3392
f 3327/3327 3392/3392 3328/3328
f 3328/3328 3392/3392 3393/3393
f 3328/3328 3393/3393 3329/3329
f 3329/3329 3393/3393 3394/3394
f 3329/3329 3394/3394 3330/3330
f 3330/3330 3394/3394 3395/3395
f 3330/3330 3395/3395 3331/3331
f 3331/3331 3395/3395 3396/3396
f 3331/3331 3396/3396 3332/3332
f 3332/3332 3396/3396 3397/3397
f 3332/3332 3397/3397 3333/3333
f 3333/3333 3397/3397 3398/3398
f 3333/3333 3398/3398 3334/3334
f 3334/3334 3398/3398 3399/3399
f 3334/3334 3399/3399 3335/3335
f 3335/3335 3399/3399 3400/3400
f 3336/3336 3401/3401 3337/3337
f 3337/3337 3401/3401 3402/3402
f 3337/3337 3402/3402 3338/3338
f 3338/3338 3402/3402 3403/3403
f 3338/3338 3403/3403 3339/3339
f 3339/3339 3403/3403 3404/3404
f 3339/3339 3404/3404 3340/3340
f 3340/3340 3404/3404 3405/3405
f 3340/3340 3405/3405 3341/3341
f 3341/3341 3405/3405 3406/3406
f 3341/3341 3406/3406 3342/3342
f 3342/3342 3406/3406 3407/3407
f 3342/3342 3407/3407 3343/3343
f 3343/3343 3407/3407 3408/3408
f 3343/3343 3408/3408 3344/3344
f 3344/3344 3408/3408 3409/3409
f 3344/3344 3409/3409 3345/3345
f 3345/3345 3409/3409 3410/3410
f 3345/3345 3410/3410 3346/3346
f 3346/3346 3410/3410 3411/3411
f 3346/3346 3411/3411 3347/3347
f 3347/3347 3411/3411 3412/3412
f 3347/3347 3412/3412 3348/3348
f 3348/3348 3412/3412 3413/3413
f 3348/3348 3413/3413 3349/3349
f 3349/3349 3413/3413 3414/3414
f 3349/3349 3414/3414 3350/3350
f 3350/3350 3414/3414 3415/3415
f 3350/3350 3415/3415 3351/3351
f 3351/3351 3415/3415 3416/3416
f 3351/3351 3416/3416 3352/3352
f 3352/3352 3416/3416 3417/3417
f 3352/3352 3417/3417 3353/3353
f 3353/3353 3417/3417 3418/3418
f 3353/3353 3418/3418 3354/3354
f 3354/3354 3418/3418 3419/3419
f 3354/3354 3419/3419 3355/3355
f 3355/3355 3419/3419 3420/3420
f 3355/3355 3420/3420 3356/3356
f 3356/3356 3420/3420 3421/3421
f 3356/3356 3421/3421 3357/3357
f 3357/3357 3421/3421 3422/3422
f 3357/3357 3422/3422 3358/3358
f 3358/3358 3422/3422 3423/3423
f 3358/3358 3423/3423 3359/3359
f 3359/3359 3423/3423 3424/3424
f 3359/3359 3424/3424 3360/3360
f 3360/3360 3424/3424 3425/3425
f 3360/3360 3425/3425 3361/3361
f 3361/3361 3425/3425 3426/3426
f 3361/3361 3426/3426 3362/3362
f 3362/3362 3426/3426 3427/3427
f 3362/3362 3427/3427 3363/3363
f 3363/3363 3427/3427 3428/3428
f 3363/3363 3428/3428 3364/3364
f 3364/3364 3428/3428 3429/3429
f 3364/3364 3429/3429 3365/3365
f 3365/3365 3429/3429 3430/3430
f 3365/3365 3430/3430 3366/3366
f 3366/3366 3430/3430 3431/3431
f 3366/3366 3431/3431 3367/3367
f 3367/3367 3431/3431 3432/3432
f 3367/3367 3432/3432 3368/3368
f 3368/3368 3432/3432 3433/3433
f 3368/3368 3433/3433 3369/3369
f 3369/3369 3433/3433 3434/3434
f 3369/3369 3434/3434 3370/3370
f 3370/3370 3434/3434 3435/3435
f 3370/3370 3435/3435 3371/3371
f 3371/3371 3435/3435 3436/3436
f 3371/3371 3436/3436 3372/3372
f 3372/3372 3436/3436 3437/3437
f 3372/3372 3437/3437 3373/3373
f 3373/3373 3437/3437 3438/3438
f 3373/3373 3438/3438 3374/3374
f 3374/3374 3438/3438 3439/3439
f 3374/3374 3439/3439 3375/3375
f 3375/3375 3439/3439 3440/3440
f 3375/3375 3440/3440 3376/3376
f 3376/3376 3440/3440 3441/3441
f 3376/3376 3441/3441 3377/3377
f 3377/3377 3441/3441 3442/3442
f 3377/3377 3442/3442 3378/3378
f 3378/3378 3442/3442 3443/3443
f 3378/3378 3443/3443 3379/3379
f 3379/3379 3443/3443 3444/3444
f 3379/3379 3444/3444 3380/3380
f 3380/3380 3444/3444 3445/3445
f 3380/3380 3445/3445 3381/3381
f 3381/3381 3445/3445 3446/3446
f 3381/3381 3446/3446 3382/3382
f 3382/3382 3446/3446 3447/3447
f 3382/3382 3447/3447 3383/3383
f 3383/3383 3447/3447 3448/3448
f 3383/3383 3448/3448 3384/3384
f 3384/3384 3448/3448 3449/3449
f 3384/3384 3449/3449 3385/3385
f 3385/3385 3449/3449 3450/3450
f 3385/3385 3450/3450 3386/3386
f 3386/3386 3450/3450 3451/3451
f 3386/3386 3451/3451 3387/3387
f 3387/3387 3451/3451 3452/3452
f 3387/3387 3452/3452 3388/3388
f 3388/3388 3452/3452 3453/3453
f 3388/3388 3453/3453 3389/3389
f 3389/3389 3453/3453 3454/3454
f 3389/3389 3454/3454 3390/3390
f 3390/3390 3454/3454 3455/3455
f 3390/3390 3455/3455 3391/3391
f 3391/3391 3455/3455 3456/3456
f 3391/3391 3456/3456 3392/3392
f 3392/3392 3456/3456 3457/3457
f 3392/3392 3457/3457 3393/3393
f 3393/3393 3457/3457 3458/3458
f 3393/3393 3458/3458 3394/3394
f 3394/3394 3458/3458 3459/3459
f 3394/3394 3459/3459 3395/3395
f 3395/3395 3459/3459 3460/3460
f 3395/3395 3460/3460 3396/3396
f 3396/3396 3460/3460 3461/3461
f 3396/3396 3461/3461 3397/3397
f 3397/3397 3461/3461 3462/3462
f 3397/3397 3462/3462 3398/3398
f 3398/3398 3462/3462 3463/3463
f 3398/3398 3463/3463 3399/3399
f 3399/3399 3463/3463 3464/3464
f 3399/3399 3464/3464 3400/3400
f 3400/3400 3464/3464 3465/3465
f 3401/3401 3466/3466 3402/3402
f 3402/3402 3466/3466 3467/3467
f 3402/3402 3467/3467 3403/3403
f 3403/3403 3467/3467 3468/3468
f 3403/3403 3468/3468 3404/3404
f 3404/3404 3468/3468 3469/3469
f 3404/3404 3469/3469 3405/3405
f 3405/3405 3469/3469 3470/3470
f 3405/3405 3470/3470 3406/3406
f 3406/3406 3470/3470 3471/3471
f 3406/3406 3471/3471 3407/3407
f 3407/3407 3471/3471 3472/3472
f 3407/3407 3472/3472 3408/3408
f 3408/3408 3472/3472 3473/3473
f 3408/3408 3473/3473 3409/3409
f 3409/3409 3473/3473 3474/3474
f 3409/3409 3474/3474 3410/3410
f 3410/3410 3474/3474 3475/3475
f 3410/3410 3475/3475 3411/3411
f 3411/3411 3475/3475 3476/3476
f 3411/3411 3476/3476 3412/3412
f 3412/3412 3476/3476 3477/3477
f 3412/3412 3477/3477 3413/3413
f 3413/3413 3477/3477 3478/3478
f 3413/3413 3478/3478 3414/3414
f 3414/3414 3478/3478 3479/3479
f 3414/3414 3479/3479 3415/3415
f 3415/3415 3479/3479 3480/3480
f 3415/3415 3480/3480 3416/3416
f 3416/3416 3480/3480 3481/3481
f 3416/3416 3481/3481 3417/3417
f 3417/3417 3481/3481 3482/3482
f 3417/3417 3482/3482 3418/3418
f 3418/3418 3482/3482 3483/3483
f 3418/3418 3483/3483 3419/3419
f 3419/3419 3483/3483 3484/3484
f 3419/3419 3484/3484 3420/3420
f 3420/3420 3484/3484 3485/3485
f 3420/3420 3485/3485 3421/3421
f 3421/3421 3485/3485 3486/3486
f 3421/3421 3486/3486 3422/3422
f 3422/3422 3486/3486 3487/3487
f 3422/3422 3487/3487 3423/3423
f 3423/3423 3487/3487 3488/3488
f 3423/3423 3488/3488 3424/3424
f 3424/3424 3488/3488 3489/3489
f 3424/3424 3489/3489 3425/3425
f 3425/3425 3489/3489 3490/3490
f 3425/3425 3490/3490 3426/3426
f 3426/3426 3490/3490 3491/3491
f 3426/3426 3491/3491 3427/3427
f 3427/3427 3491/3491 3492/3492
f 3427/3427 3492/3492 3428/3428
f 3428/3428 3492/3492 3493/3493
f 3428/3428 3493/3493 3429/3429
f 3429/3429 3493/3493 3494/3494
f 3429/3429 3494/3494 3430/3430
f 3430/3430 3494/3494 3495/3495
f 3430/3430 3495/3495 3431/3431
f 3431/3431 3495/3495 3496/3496
f 3431/3431 3496/3496 3432/3432
f 3432/3432 3496/3496 3497/3497
f 3432/3432 3497/3497 3433/3433
f 3433/3433 3497/3497 3498/3498
f 3433/3433 3498/3498 3434/3434
f 3434/3434 3498/3498 3499/3499
f 3434/3434 3499/3499 3435/3435
f 3435/3435 3499/3499 3500/3500
f 3435/3435 3500/3500 3436/3436
f 3436/3436 3500/3500 3501/3501
f 3436/3436 3501/3501 3437/3437
f 3437/3437 3501/3501 3502/3502
f 3437/3437 3502/3502 3438/3438
f 3438/3438 3502/3502 3503/3503
f 3438/3438 3503/3503 3439/3439
f 3439/3439 3503/3503 3504/3504
f 3439/3439 3504/3504 3440/3440
f 3440/3440 3504/3504 3505/3505
f 3440/3440 3505/3505 3441/3441
f 3441/3441 3505/3505 3506/3506
f 3441/3441 3506/3506 3442/3442
f 3442/3442 3506/3506 3507/3507
f 3442/3442 3507/3507 3443/3443
f 3443/3443 3507/3507 3508/3508
f 3443/3443 3508/3508 3444/3444
f 3444/3444 3508/3508 3509/3509
f 3444/3444 3509/3509 3445/3445
f 3445/3445 3509/3509 3510/3510
f 3445/3445 3510/3510 3446/3446
f 3446/3446 3510/3510 3511/3511
f 3446/3446 3511/3511 3447/3447
f 3447/3447 3511/3511 3512/3512
f 3447/3447 3512/3512 3448/3448
f 3448/3448 3512/3512 3513/3513
f 3448/3448 3513/3513 3449/3449
f 3449/3449 3513/3513 3514/3514
f 3449/3449 3514/3514 3450/3450
f 3450/3450 3514/3514 3515/3515
f 3450/3450 3515/3515 3451/3451
f 3451/3451 3515/3515 3516/3516
f 3451/3451 3516/3516 3452/3452
f 3452/3452 3516/3516 3517/3517
f 3452/3452 3517/3517 3453/3453
f 3453/3453 3517/3517 3518/3518
f 3453/3453 3518/3518 3454/3454
f 3454/3454 3518/3518 3519/3519
f 3454/3454 3519/3519 3455/3455
f 3455/3455 3519/3519 3520/3520
f 3455/3455 3520/3520 3456/3456
f 3456/3456 3520/3520 3521/3521
f 3456/3456 3521/3521 3457/3457
f 3457/3457 3521/3521 3522/3522
f 3457/3457 3522/3522 3458/3458
f 3458/3458 3522/3522 3523/3523
f 3458/3458 3523/3523 3459/3459
f 3459/3459 3523/3523 3524/3524
f 3459/3459 3524/3524 3460/3460
f 3460/3460 3524/3524 3525/3525
f 3460/3460 3525/3525 3461/3461
f 3461/3461 3525/3525 3526/3526
f 3461/3461 3526/3526 3462/3462
f 3462/3462 3526/3526 3527/3527
f 3462/3462 3527/3527 3463/3463
f 3463/3463 3527/3527 3528/3528
f 3463/3463 3528/3528 3464/3464
f 3464/3464 3528/3528 3529/3529
f 3464/3464 3529/3529 3465/3465
f 3465/3465 3529/3529 3530/3530
f 3466/3466 3531/3531 3467/3467
f 3467/3467 3531/3531 3532/3532
f 3467/3467 3532/3532 3468/3468
f 3468/3468 3532/3532 3533/3533
f 3468/3468 3533/3533 3469/3469
f 3469/3469 3533/3533 3534/3534
f 3469/3469 3534/3534 3470/3470
f 3470/3470 3534/3534 3535/3535
f 3470/3470 3535/3535 3471/3471
f 3471/3471 3535/3535 3536/3536
f 3471/3471 3536/3536 3472/3472
f 3472/3472 3536/3536 3537/3537
f 3472/3472 3537/3537 3473/3473
f 3473/3473 3537/3537 3538/3538
f 3473/3473 3538/3538 3474/3474
f 3474/3474 3538/3538 3539/3539
f 3474/3474 3539/3539 3475/3475
f 3475/3475 3539/3539 3540/3540
f 3475/3475 3540/3540 3476/3476
f 3476/3476 3540/3540 3541/3541
f 3476/3476 3541/3541 3477/3477
f 3477/3477 3541/3541 3542/3542
f 3477/3477 3542/3542 3478/3478
f 3478/3478 3542/3542 3543/3543
f 3478/3478 3543/3543 3479/3479
f 3479/3479 3543/3543 3544/3544
f 3479/3479 3544/3544 3480/3480
f 3480/3480 3544/3544 3545/3545
f 3480/3480 3545/3545 3481/3481
f 3481/3481 3545/3545 3546/3546
f 3481/3481 3546/3546 3482/3482
f 3482/3482 3546/3546 3547/3547
f 3482/3482 3547/3547 3483/3483
f 3483/3483 3547/3547 3548/3548
f 3483/3483 3548/3548 3484/3484
f 3484/3484 3548/3548 3549/3549
f 3484/3484 3549/3549 3485/3485
f 3485/3485 3549/3549 3550/3550
f 3485/3485 3550/3550 3486/3486
f 3486/3486 3550/3550 3551/3551
f 3486/3486 3551/3551 3487/3487
f 3487/3487 3551/3551 3552/3552
f 3487/3487 3552/3552 3488/3488
f 3488/3488 3552/3552 3553/3553
f 3488/3488 3553/3553 3489/3489
f 3489/3489 3553/3553 3554/3554
f 3489/3489 3554/3554 3490/3490
f 3490/3490 3554/3554 3555/3555
f 3490/3490 3555/3555 3491/3491
f 3491/3491 3555/3555 3556/3556
f 3491/3491 3556/3556 3492/3492
f 3492/3492 3556/3556 3557/3557
f 3492/3492 3557/3557 3493/3493
f 3493/3493 3557/3557 3558/3558
f 3493/3493 3558/3558 3494/3494
f 3494/3494 3558/3558 3559/3559
f 3494/3494 3559/3559 3495/3495
f 3495/3495 3559/3559 3560/3560
f 3495/3495 3560/3560 3496/3496
f 3496/3496 3560/3560 3561/3561
f 3496/3496 3561/3561 3497/3497
f 3497/3497 3561/3561 3562/3562
f 3497/3497 3562/3562 3498/3498
f 3498/3498 3562/3562 3563/3563
f 3498/3498 3563/3563 3499/3499
f 3499/3499 3563/3563 3564/3564
f 3499/3499 3564/3564 3500/3500
f 3500/3500 3564/3564 3565/3565
f 3500/3500 3565/3565 3501/3501
f 3501/3501 3565/3565 3566/3566
f 3501/3501 3566/3566 3502/3502
f 3502/3502 3566/3566 3567/3567
f 3502/3502 3567/3567 3503/3503
f 3503/3503 3567/3567 3568/3568
f 3503/3503 3568/3568 3504/3504
f 3504/3504 3568/3568 3569/3569
f 3504/3504 3569/3569 3505/3505
f 3505/3505 3569/3569 3570/3570
f 3505/3505 3570/3570 3506/3506
f 3506/3506 3570/3570 3571/3571
f 3506/3506 3571/3571 3507/3507
f 3507/3507 3571/3571 3572/3572
f 3507/3507 3572/3572 3508/3508
f 3508/3508 3572/3572 3573/3573
f 3508/3508 3573/3573 3509/3509
f 3509/3509 3573/3573 3574/3574
f 3509/3509 3574/3574 3510/3510
f 3510/3510 3574/3574 3575/3575
f 3510/3510 3575/3575 3511/3511
f 3511/3511 3575/3575 3576/3576
f 3511/3511 3576/3576 3512/3512
f 3512/3512 3576/3576 3577/3577
f 3512/3512 3577/3577 3513/3513
f 3513/3513 3577/3577 3578/3578
f 3513/3513 3578/3578 3514/3514
f 3514/3514 3578/3578 3579/3579
f 3514/3514 3579/3579 3515/3515
f 3515/3515 3579/3579 3580/3580
f 3515/3515 3580/3580 3516/3516
f 3516/3516 3580/3580 3581/3581
f 3516/3516 3581/3581 3517/3517
f 3517/3517 3581/3581 3582/3582
f 3517/3517 3582/3582 3518/3518
f 3518/3518 3582/3582 3583/3583
f 3518/3518 3583/3583 3519/3519
f 3519/3519 3583/3583 3584/3584
f 3519/3519 3584/3584 3520/3520
f 3520/3520 3584/3584 3585/3585
f 3520/3520 3585/3585 3521/3521
f 3521/3521 3585/3585 3586/3586
f 3521/3521 3586/3586 3522/3522
f 3522/3522 3586/3586 3587/3587
f 3522/3522 3587/3587 3523/3523
f 3523/3523 3587/3587 3588/3588
f 3523/3523 3588/3588 3524/3524
f 3524/3524 3588/3588 3589/3589
f 3524/3524 3589/3589 3525/3525
f 3525/3525 3589/3589 3590/3590
f 3525/3525 3590/3590 3526/3526
f 3526/3526 3590/3590 3591/3591
f 3526/3526 3591/3591 3527/3527
f 3527/3527 3591/3591 3592/3592
f 3527/3527 3592/3592 3528/3528
f 3528/3528 3592/3592 3593/3593
f 3528/3528 3593/3593 3529/3529
f 3529/3529 3593/3593 3594/3594
f 3529/3529 3594/3594 3530/3530
f 3530/3530 3594/3594 3595/3595
f 3531/3531 3596/3596 3532/3532
f 3532/3532 3596/3596 3597/3597
f 3532/3532 3597/3597 3533/3533
f 3533/3533 3597/3597 3598/3598
f 3533/3533 3598/3598 3534/3534
f 3534/3534 3598/3598 3599/3599
f 3534/3534 3599/3599 3535/3535
f 3535/3535 3599/3599 3600/3600
f 3535/3535 3600/3600 3536/3536
f 3536/3536 3600/3600 3601/3601
f 3536/3536 3601/3601 3537/3537
f 3537/3537 3601/3601 3602/3602
f 3537/3537 3602/3602 3538/3538
f 3538/3538 3602/3602 3603/3603
f 3538/3538 3603/3603 3539/3539
f 3539/3539 3603/3603 3604/3604
f 3539/3539 3604/3604 3540/3540
f 3540/3540 3604/3604 3605/3605
f 3540/3540 3605/3605 3541/3541
f 3541/3541 3605/3605 3606/3606
f 3541/3541 3606/3606 3542/3542
f 3542/3542 3606/3606 3607/3607
f 3542/3542 3607/3607 3543/3543
f 3543/3543 3607/3607 3608/3608
f 3543/3543 3608/3608 3544/3544
f 3544/3544 3608/3608 3609/3609
f 3544/3544 3609/3609 3545/3545
f 3545/3545 3609/3609 3610/3610
f 3545/3545 3610/3610 3546/3546
f 3546/3546 3610/3610 3611/3611
f 3546/3546 3611/3611 3547/3547
f 3547/3547 3611/3611 3612/3612
f 3547/3547 3612/3612 3548/3548
f 3548/3548 3612/3612 3613/3613
f 3548/3548 3613/3613 3549/3549
f 3549/3549 3613/3613 3614/3614
f 3549/3549 3614/3614 3550/3550
f 3550/3550 3614/3614 3615/3615
f 3550/3550 3615/3615 3551/3551
f 3551/3551 3615/3615 3616/3616
f 3551/3551 3616/3616 3552/3552
f 3552/3552 3616/3616 3617/3617
f 3552/3552 3617/3617 3553/3553
f 3553/3553 3617/3617 3618/3618
f 3553/3553 3618/3618 3554/3554
f 3554/3554 3618/3618 3619/3619
f 3554/3554 3619/3619 3555/3555
f 3555/3555 3619/3619 3620/3620
f 3555/3555 3620/3620 3556/3556
f 3556/3556 3620/3620 3621/3621
f 3556/3556 3621/3621 3557/3557
f 3557/3557 3621/3621 3622/3622
f 3557/3557 3622/3622 3558/3558
f 3558/3558 3622/3622 3623/3623
f 3558/3558 3623/3623 3559/3559
f 3559/3559 3623/3623 3624/3624
f 3559/3559 3624/3624 3560/3560
f 3560/3560 3624/3624 3625/3625
f 3560/3560 3625/3625 3561/3561
f 3561/3561 3625/3625 3626/3626
f 3561/3561 3626/3626 3562/3562
f 3562/3562 3626/3626 3627/3627
f 3562/3562 3627/3627 3563/3563
f 3563/3563 3627/3627 3628/3628
f 3563/3563 3628/3628 3564/3564
f 3564/3564 3628/3628 3629/3629
f 3564/3564 3629/3629 3565/3565
f 3565/3565 3629/3629 3630/3630
f 3565/3565 3630/3630 3566/3566
f 3566/3566 3630/3630 3631/3631
f 3566/3566 3631/3631 3567/3567
f 3567/3567 3631/3631 3632/3632
f 3567/3567 3632/3632 3568/3568
f 3568/3568 3632/3632 3633/3633
f 3568/3568 3633/3633 3569/3569
f 3569/3569 3633/3633 3634/3634
f 3569/3569 3634/3634 3570/3570
f 3570/3570 3634/3634 3635/3635
f 3570/3570 3635/3635 3571/3571
f 3571/3571 3635/3635 3636/3636
f 3571/3571 3636/3636 3572/3572
f 3572/3572 3636/3636 3637/3637
f 3572/3572 3637/3637 3573/3573
f 3573/3573 3637/3637 3638/3638
f 3573/3573 3638/3638 3574/3574
f 3574/3574 3638/3638 3639/3639
f 3574/3574 3639/3639 3575/3575
f 3575/3575 3639/3639 3640/3640
f 3575/3575 3640/3640 3576/3576
f 3576/3576 3640/3640 3641/3641
f 3576/3576 3641/3641 3577/3577
f 3577/3577 3641/3641 3642/3642
f 3577/3577 3642/3642 3578/3578
f 3578/3578 3642/3642 3643/3643
f 3578/3578 3643/3643 3579/3579
f 3579/3579 3643/3643 3644/3644
f 3579/3579 3644/3644 3580/3580
f 3580/3580 3644/3644 3645/3645
f 3580/3580 3645/3645 3581/3581
f 3581/3581 3645/3645 3646/3646
f 3581/3581 3646/3646 3582/3582
f 3582/3582 3646/3646 3647/3647
f 3582/3582 3647/3647 3583/3583
f 3583/3583 3647/3647 3648/3648
f 3583/3583 3648/3648 3584/3584
f 3584/3584 3648/3648 3649/3649
f 3584/3584 3649/3649 3585/3585
f 3585/3585 3649/3649 3650/3650
f 3585/3585 3650/3650 3586/3586
f 3586/3586 3650/3650 3651/3651
f 3586/3586 3651/3651 3587/3587
f 3587/3587 3651/3651 3652/3652
f 3587/3587 3652/3652 3588/3588
f 3588/3588 3652/3652 3653/3653
f 3588/3588 3653/3653 3589/3589
f 3589/3589 3653/3653 3654/3654
f 3589/3589 3654/3654 3590/3590
f 3590/3590 3654/3654 3655/3655
f 3590/3590 3655/3655 3591/3591
f 3591/3591 3655/3655 3656/3656
f 3591/3591 3656/3656 3592/3592
f 3592/3592 3656/3656 3657/3657
f 3592/3592 3657/3657 3593/3593
f 3593/3593 3657/3657 3658/3658
f 3593/3593 3658/3658 3594/3594
f 3594/3594 3658/3658 3659/3659
f 3594/3594 3659/3659 3595/3595
f 3595/3595 3659/3659 3660/3660
f 3596/3596 3661/3661 3597/3597
f 3597/3597 3661/3661 3662/3662
f 3597/3597 3662/3662 3598/3598
f 3598/3598 3662/3662 3663/3663
f 3598/3598 3663/3663 3599/3599
f 3599/3599 3663/3663 3664/3664
f 3599/3599 3664/3664 3600/3600
f 3600/3600 3664/3664 3665/3665
f 3600/3600 3665/3665 3601/3601
f 3601/3601 3665/3665 3666/3666
f 3601/3601 3666/3666 3602/3602
f 3602/3602 3666/3666 3667/3667
f 3602/3602 3667/3667 3603/3603
f 3603/3603 3667/3667 3668/3668
f 3603/3603 3668/3668 3604/3604
f 3604/3604 3668/3668 3669/3669
f 3604/3604 3669/3669 3605/3605
f 3605/3605 3669/3669 3670/3670
f 3605/3605 3670/3670 3606/3606
f 3606/3606 3670/3670 3671/3671
f 3606/3606 3671/3671 3607/3607
f 3607/3607 3671/3671 3672/3672
f 3607/3607 3672/3672 3608/3608
f 3608/3608 3672/3672 3673/3673
f 3608/3608 3673/3673 3609/3609
f 3609/3609 3673/3673 3674/3674
f 3609/3609 3674/3674 3610/3610
f 3610/3610 3674/3674 3675/3675
f 3610/3610 3675/3675 3611/3611
f 3611/3611 3675/3675 3676/3676
f 3611/3611 3676/3676 3612/3612
f 3612/3612 3676/3676 3677/3677
f 3612/3612 3677/3677 3613/3613
f 3613/3613 3677/3677 3678/3678
f 3613/3613 3678/3678 3614/3614
f 3614/3614 3678/3678 3679/3679
f 3614/3614 3679/3679 3615/3615
f 3615/3615 3679/3679 3680/3680
f 3615/3615 3680/3680 3616/3616
f 3616/3616 3680/3680 3681/3681
f 3616/3616 3681/3681 3617/3617
f 3617/3617 3681/3681 3682/3682
f 3617/3617 3682/3682 3618/3618
f 3618/3618 3682/3682 3683/3683
f 3618/3618 3683/3683 3619/3619
f 3619/3619 3683/3683 3684/3684
f 3619/3619 3684/3684 3620/3620
f 3620/3620 3684/3684 3685/3685
f 3620/3620 3685/3685 3621/3621
f 3621/3621 3685/3685 3686/3686
f 3621/3621 3686/3686 3622/3622
f 3622/3622 3686/3686 3687/3687
f 3622/3622 3687/3687 3623/3623
f 3623/3623 3687/3687 3688/3688
f 3623/3623 3688/3688 3624/3624
f 3624/3624 3688/3688 3689/3689
f 3624/3624 3689/3689 3625/3625
f 3625/3625 3689/3689 3690/3690
f 3625/3625 3690/3690 3626/3626
f 3626/3626 3690/3690 3691/3691
f 3626/3626 3691/3691 3627/3627
f 3627/3627 3691/3691 3692/3692
f 3627/3627 3692/3692 3628/3628
f 3628/3628 3692/3692 3693/3693
f 3628/3628 3693/3693 3629/3629
f 3629/3629 3693/3693 3694/3694
f 3629/3629 3694/3694 3630/3630
f 3630/3630 3694/3694 3695/3695
f 3630/3630 3695/3695 3631/3631
f 3631/3631 3695/3695 3696/3696
f 3631/3631 3696/3696 3632/3632
f 3632/3632 3696/3696 3697/3697
f 3632/3632 3697/3697 3633/3633
f 3633/3633 3697/3697 3698/3698
f 3633/3633 3698/3698 3634/3634
f 3634/3634 3698/3698 3699/3699
f 3634/3634 3699/3699 3635/3635
f 3635/3635 3699/3699 3700/3700
f 3635/3635 3700/3700 3636/3636
f 3636/3636 3700/3700 3701/3701
f 3636/3636 3701/3701 3637/3637
f 3637/3637 3701/3701 3702/3702
f 3637/3637 3702/3702 3638/3638
f 3638/3638 3702/3702 3703/3703
f 3638/3638 3703/3703 3639/3639
f 3639/3639 3703/3703 3704/3704
f 3639/3639 3704/3704 3640/3640
f 3640/3640 3704/3704 3705/3705
f 3640/3640 3705/3705 3641/3641
f 3641/3641 3705/3705 3706/3706
f 3641/3641 3706/3706 3642/3642
f 3642/3642 3706/3706 3707/3707
f 3642/3642 3707/3707 3643/3643
f 3643/3643 3707/3707 3708/3708
f 3643/3643 3708/3708 3644/3644
f 3644/3644 3708/3708 3709/3709
f 3644/3644 3709/3709 3645/3645
f 3645/3645 3709/3709 3710/3710
f 3645/3645 3710/3710 3646/3646
f 3646/3646 3710/3710 3711/3711
f 3646/3646 3711/3711 3647/3647
f 3647/3647 3711/3711 3712/3712
f 3647/3647 3712/3712 3648/3648
f 3648/3648 3712/3712 3713/3713
f 3648/3648 3713/3713 3649/3649
f 3649/3649 3713/3713 3714/3714
f 3649/3649 3714/3714 3650/3650
f 3650/3650 3714/3714 3715/3715
f 3650/3650 3715/3715 3651/3651
f 3651/3651 3715/3715 3716/3716
f 3651/3651 3716/3716 3652/3652
f 3652/3652 3716/3716 3717/3717
f 3652/3652 3717/3717 3653/3653
f 3653/3653 3717/3717 3718/3718
f 3653/3653 3718/3718 3654/3654
f 3654/3654 3718/3718 3719/3719
f 3654/3654 3719/3719 3655/3655
f 3655/3655 3719/3719 3720/3720
f 3655/3655 3720/3720 3656/3656
f 3656/3656 3720/3720 3721/3721
f 3656/3656 3721/3721 3657/3657
f 3657/3657 3721/3721 3722/3722
f 3657/3657 3722/3722 3658/3658
f 3658/3658 3722/3722 3723/3723
f 3658/3658 3723/3723 3659/3659
f 3659/3659 3723/3723 3724/3724
f 3659/3659 3724/3724 3660/3660
f 3660/3660 3724/3724 3725/3725
f 3661/3661 3726/3726 3662/3662
f 3662/3662 3726/3726 3727/3727
f 3662/3662 3727/3727 3663/3663
f 3663/3663 3727/3727 3728/3728
f 3663/3663 3728/3728 3664/3664
f 3664/3664 3728/3728 3729/3729
f 3664/3664 3729/3729 3665/3665
f 3665/3665 3729/3729 3730/3730
f 3665/3665 3730/3730 3666/3666
f 3666/3666 3730/3730 3731/3731
f 3666/3666 3731/3731 3667/3667
f 3667/3667 3731/3731 3732/3732
f 3667/3667 3732/3732 3668/3668
f 3668/3668 3732/3732 3733/3733
f 3668/3668 3733/3733 3669/3669
f 3669/3669 3733/3733 3734/3734
f 3669/3669 3734/3734 3670/3670
f 3670/3670 3734/3734 3735/3735
f 3670/3670 3735/3735 3671/3671
f 3671/3671 3735/3735 3736/3736
f 3671/3671 3736/3736 3672/3672
f 3672/3672 3736/3736 3737/3737
f 3672/3672 3737/3737 3673/3673
f 3673/3673 3737/3737 3738/3738
f 3673/3673 3738/3738 3674/3674
f 3674/3674 3738/3738 3739/3739
f 3674/3674 3739/3739 3675/3675
f 3675/3675 3739/3739 3740/3740
f 3675/3675 3740/3740 3676/3676
f 3676/3676 3740/3740 3741/3741
f 3676/3676 3741/3741 3677/3677
f 3677/3677 3741/3741 3742/3742
f 3677/3677 3742/3742 3678/3678
f 3678/3678 3742/3742 3743/3743
f 3678/3678 3743/3743 3679/3679
f 3679/3679 3743/3743 3744/3744
f 3679/3679 3744/3744 3680/3680
f 3680/3680 3744/3744 3745/3745
f 3680/3680 3745/3745 3681/3681
f 3681/3681 3745/3745 3746/3746
f 3681/3681 3746/3746 3682/3682
f 3682/3682 3746/3746 3747/3747
f 3682/3682 3747/3747 3683/3683
f 3683/3683 3747/3747 3748/3748
f 3683/3683 3748/3748 3684/3684
f 3684/3684 3748/3748 3749/3749
f 3684/3684 3749/3749 3685/3685
f 3685/3685 3749/3749 3750/3750
f 3685/3685 3750/3750 3686/3686
f 3686/3686 3750/3750 3751/3751
f 3686/3686 3751/3751 3687/3687
f 3687/3687 3751/3751 3752/3752
f 3687/3687 3752/3752 3688/3688
f 3688/3688 3752/3752 3753/3753
f 3688/3688 3753/3753 3689/3689
f 3689/3689 3753/3753 3754/3754
f 3689/3689 3754/3754 3690/3690
f 3690/3690 3754/3754 3755/3755
f 3690/3690 3755/3755 3691/3691
f 3691/3691 3755/3755 3756/3756
f 3691/3691 3756/3756 3692/3692
f 3692/3692 3756/3756 3757/3757
f 3692/3692 3757/3757 3693/3693
f 3693/3693 3757/3757 3758/3758
f 3693/3693 3758/3758 3694/3694
f 3694/3694 3758/3758 3759/3759
f 3694/3694 3759/3759 3695/3695
f 3695/3695 3759/3759 3760/3760
f 3695/3695 3760/3760 3696/3696
f 3696/3696 3760/3760 3761/3761
f 3696/3696 3761/3761 3697/3697
f 3697/3697 3761/3761 3762/3762
f 3697/3697 3762/3762 3698/3698
f 3698/3698 3762/3762 3763/3763
f 3698/3698 3763/3763 3699/3699
f 3699/3699 3763/3763 3764/3764
f 3699/3699 3764/3764 3700/3700
f 3700/3700 3764/3764 3765/3765
f 3700/3700 3765/3765 3701/3701
f 3701/3701 3765/3765 3766/3766
f 3701/3701 3766/3766 3702/3702
f 3702/3702 3766/3766 3767/3767
f 3702/3702 3767/3767 3703/3703
f 3703/3703 3767/3767 3768/3768
f 3703/3703 3768/3768 3704/3704
f 3704/3704 3768/3768 3769/3769
f 3704/3704 3769/3769 3705/3705
f 3705/3705 3769/3769 3770/3770
f 3705/3705 3770/3770 3706/3706
f 3706/3706 3770/3770 3771/3771
f 3706/3706 3771/3771 3707/3707
f 3707/3707 3771/3771 3772/3772
f 3707/3707 3772/3772 3708/3708
f 3708/3708 3772/3772 3773/3773
f 3708/3708 3773/3773 3709/3709
f 3709/3709 3773/3773 3774/3774
f 3709/3709 3774/3774 3710/3710
f 3710/3710 3774/3774 3775/3775
f 3710/3710 3775/3775 3711/3711
f 3711/3711 3775/3775 3776/3776
f 3711/3711 3776/3776 3712/3712
f 3712/3712 3776/3776 3777/3777
f 3712/3712 3777/3777 3713/3713
f 3713/3713 3777/3777 3778/3778
f 3713/3713 3778/3778 3714/3714
f 3714/3714 3778/3778 3779/3779
f 3714/3714 3779/3779 3715/3715
f 3715/3715 3779/3779 3780/3780
f 3715/3715 3780/3780 3716/3716
f 3716/3716 3780/3780 3781/3781
f 3716/3716 3781/3781 3717/3717
f 3717/3717 3781/3781 3782/3782
f 3717/3717 3782/3782 3718/3718
f 3718/3718 3782/3782 3783/3783
f 3718/3718 3783/3783 3719/3719
f 3719/3719 3783/3783 3784/3784
f 3719/3719 3784/3784 3720/3720
f 3720/3720 3784/3784 3785/3785
f 3720/3720 3785/3785 3721/3721
f 3721/3721 3785/3785 3786/3786
f 3721/3721 3786/3786 3722/3722
f 3722/3722 3786/3786 3787/3787
f 3722/3722 3787/3787 3723/3723
f 3723/3723 3787/3787 3788/3788
f 3723/3723 3788/3788 3724/3724
f 3724/3724 3788/3788 3789/3789
f 3724/3724 3789/3789 3725/3725
f 3725/3725 3789/3789 3790/3790
f 3726/3726 3791/3791 3727/3727
f 3727/3727 3791/3791 3792/3792
f 3727/3727 3792/3792 3728/3728
f 3728/3728 3792/3792 3793/3793
f 3728/3728 3793/3793 3729/3729
f 3729/3729 3793/3793 3794/3794
f 3729/3729 3794/3794 3730/3730
f 3730/3730 3794/3794 3795/3795
f 3730/3730 3795/3795 3731/3731
f 3731/3731 3795/3795 3796/3796
f 3731/3731 3796/3796 3732/3732
f 3732/3732 3796/3796 3797/3797
f 3732/3732 3797/3797 3733/3733
f 3733/3733 3797/3797 3798/3798
f 3733/3733 3798/3798 3734/3734
f 3734/3734 3798/3798 3799/3799
f 3734/3734 3799/3799 3735/3735
f 3735/3735 3799/3799 3800/3800
f 3735/3735 3800/3800 3736/3736
f 3736/3736 3800/3800 3801/3801
f 3736/3736 3801/3801 3737/3737
f 3737/3737 3801/3801 3802/3802
f 3737/3737 3802/3802 3738/3738
f 3738/3738 3802/3802 3803/3803
f 3738/3738 3803/3803 3739/3739
f 3739/3739 3803/3803 3804/3804
f 3739/3739 3804/3804 3740/3740
f 3740/3740 3804/3804 3805/3805
f 3740/3740 3805/3805 3741/3741
f 3741/3741 3805/3805 3806/3806
f 3741/3741 3806/3806 3742/3742
f 3742/3742 3806/3806 3807/3807
f 3742/3742 3807/3807 3743/3743
f 3743/3743 3807/3807 3808/3808
f 3743/3743 3808/3808 3744/3744
f 3744/3744 3808/3808 3809/3809
f 3744/3744 3809/3809 3745/3745
f 3745/3745 3809/3809 3810/3810
f 3745/3745 3810/3810 3746/3746
f 3746/3746 3810/3810 3811/3811
f 3746/3746 3811/3811 3747/3747
f 3747/3747 3811/3811 3812/3812
f 3747/3747 3812/3812 3748/3748
f 3748/3748 3812/3812 3813/3813
f 3748/3748 3813/3813 3749/3749
f 3749/3749 3813/3813 3814/3814
f 3749/3749 3814/3814 3750/3750
f 3750/3750 3814/3814 3815/3815
f 3750/3750 3815/3815 3751/3751
f 3751/3751 3815/3815 3816/3816
f 3751/3751 3816/3816 3752/3752
f 3752/3752 3816/3816 3817/3817
f 3752/3752 3817/3817 3753/3753
f 3753/3753 3817/3817 3818/3818
f 3753/3753 3818/3818 3754/3754
f 3754/3754 3818/3818 3819/3819
f 3754/3754 3819/3819 3755/3755
f 3755/3755 3819/3819 3820/3820
f 3755/3755 3820/3820 3756/3756
f 3756/3756 3820/3820 3821/3821
f 3756/3756 3821/3821 3757/3757
f 3757/3757 3821/3821 3822/3822
f 3757/3757 3822/3822 3758/3758
f 3758/3758 3822/3822 3823/3823
f 3758/3758 3823/3823 3759/3759
f 3759/3759 3823/3823 3824/3824
f 3759/3759 3824/3824 3760/3760
f 3760/3760 3824/3824 3825/3825
f 3760/3760 3825/3825 3761/3761
f 3761/3761 3825/3825 3826/3826
f 3761/3761 3826/3826 3762/3762
f 3762/3762 3826/3826 3827/3827
f 3762/3762 3827/3827 3763/3763
f 3763/3763 3827/3827 3828/3828
f 3763/3763 3828/3828 3764/3764
f 3764/3764 3828/3828 3829/3829
f 3764/3764 3829/3829 3765/3765
f 3765/3765 3829/3829 3830/3830
f 3765/3765 3830/3830 3766/3766
f 3766/3766 3830/3830 3831/3831
f 3766/3766 3831/3831 3767/3767
f 3767/3767 3831/3831 3832/3832
f 3767/3767 3832/3832 3768/3768
f 3768/3768 3832/3832 3833/3833
f 3768/3768 3833/3833 3769/3769
f 3769/3769 3833/3833 3834/3834
f 3769/3769 3834/3834 3770/3770
f 3770/3770 3834/3834 3835/3835
f 3770/3770 3835/3835 3771/3771
f 3771/3771 3835/3835 3836/3836
f 3771/3771 3836/3836 3772/3772
f 3772/3772 3836/3836 3837/3837
f 3772/3772 3837/3837 3773/3773
f 3773/3773 3837/3837 3838/3838
f 3773/3773 3838/3838 3774/3774
f 3774/3774 3838/3838 3839/3839
f 3774/3774 3839/3839 3775/3775
f 3775/3775 3839/3839 3840/3840
f 3775/3775 3840/3840 3776/3776
f 3776/3776 3840/3840 3841/3841
f 3776/3776 3841/3841 3777/3777
f 3777/3777 3841/3841 3842/3842
f 3777/3777 3842/3842 3778/3778
f 3778/3778 3842/3842 3843/3843
f 3778/3778 3843/3843 3779/3779
f 3779/3779 3843/3843 3844/3844
f 3779/3779 3844/3844 3780/3780
f 3780/3780 3844/3844 3845/3845
f 3780/3780 3845/3845 3781/3781
f 3781/3781 3845/3845 3846/3846
f 3781/3781 3846/3846 3782/3782
f 3782/3782 3846/3846 3847/3847
f 3782/3782 3847/3847 3783/3783
f 3783/3783 3847/3847 3848/3848
f 3783/3783 3848/3848 3784/3784
f 3784/3784 3848/3848 3849/3849
f 3784/3784 3849/3849 3785/3785
f 3785/3785 3849/3849 3850/3850
f 3785/3785 3850/3850 3786/3786
f 3786/3786 3850/3850 3851/3851
f 3786/3786 3851/3851 3787/3787
f 3787/3787 3851/3851 3852/3852
f 3787/3787 3852/3852 3788/3788
f 3788/3788 3852/3852 3853/3853
f 3788/3788 3853/3853 3789/3789
f 3789/3789 3853/3853 3854/3854
f 3789/3789 3854/3854 3790/3790
f 3790/3790 3854/3854 3855/3855
f 3791/3791 3856/3856 3792/3792
f 3792/3792 3856/3856 3857/3857
f 3792/3792 3857/3857 3793/3793
f 3793/3793 3857/3857 3858/3858
f 3793/3793 3858/3858 3794/3794
f 3794/3794 3858/3858 3859/3859
f 3794/3794 3859/3859 3795/3795
f 3795/3795 3859/3859 3860/3860
f 3795/3795 3860/3860 3796/3796
f 3796/3796 3860/3860 3861/3861
f 3796/3796 3861/3861 3797/3797
f 3797/3797 3861/3861 3862/3862
f 3797/3797 3862/3862 3798/3798
f 3798/3798 3862/3862 3863/3863
f 3798/3798 3863/3863 3799/3799
f 3799/3799 3863/3863 3864/3864
f 3799/3799 3864/3864 3800/3800
f 3800/3800 3864/3864 3865/3865
f 3800/3800 3865/3865 3801/3801
f 3801/3801 3865/3865 3866/3866
f 3801/3801 3866/3866 3802/3802
f 3802/3802 3866/3866 3867/3867
f 3802/3802 3867/3867 3803/3803
f 3803/3803 3867/3867 3868/3868
f 3803/3803 3868/3868 3804/3804
f 3804/3804 3868/3868 3869/3869
f 3804/3804 3869/3869 3805/3805
f 3805/3805 3869/3869 3870/3870
f 3805/3805 3870/3870 3806/3806
f 3806/3806 3870/3870 3871/3871
f 3806/3806 3871/3871 3807/3807
f 3807/3807 3871/3871 3872/3872
f 3807/3807 3872/3872 3808/3808
f 3808/3808 3872/3872 3873/3873
f 3808/3808 3873/3873 3809/3809
f 3809/3809 3873/3873 3874/3874
f 3809/3809 3874/3874 3810/3810
f 3810/3810 3874/3874 3875/3875
f 3810/3810 3875/3875 3811/3811
f 3811/3811 3875/3875 3876/3876
f 3811/3811 3876/3876 3812/3812
f 3812/3812 3876/3876 3877/3877
f 3812/3812 3877/3877 3813/3813
f 3813/3813 3877/3877 3878/3878
f 3813/3813 3878/3878 3814/3814
f 3814/3814 3878/3878 3879/3879
f 3814/3814 3879/3879 3815/3815
f 3815/3815 3879/3879 3880/3880
f 3815/3815 3880/3880 3816/3816
f 3816/3816 3880/3880 3881/3881
f 3816/3816 3881/3881 3817/3817
f 3817/3817 3881/3881 3882/3882
f 3817/3817 3882/3882 3818/3818
f 3818/3818 3882/3882 3883/3883
f 3818/3818 3883/3883 3819/3819
f 3819/3819 3883/3883 3884/3884
f 3819/3819 3884/3884 3820/3820
f 3820/3820 3884/3884 3885/3885
f 3820/3820 3885/3885 3821/3821
f 3821/3821 3885/3885 3886/3886
f 3821/3821 3886/3886 3822/3822
f 3822/3822 3886/3886 3887/3887
f 3822/3822 3887/3887 3823/3823
f 3823/3823 3887/3887 3888/3888
f 3823/3823 3888/3888 3824/3824
f 3824/3824 3888/3888 3889/3889
f 3824/3824 3889/3889 3825/3825
f 3825/3825 3889/3889 3890/3890
f 3825/3825 3890/3890 3826/3826
f 3826/3826 3890/3890 3891/3891
f 3826/3826 3891/3891 3827/3827
f 3827/3827 3891/3891 3892/3892
f 3827/3827 3892/3892 3828/3828
f 3828/3828 3892/3892 3893/3893
f 3828/3828 3893/3893 3829/3829
f 3829/3829 3893/3893 3894/3894
f 3829/3829 3894/3894 3830/3830
f 3830/3830 3894/3894 3895/3895
f 3830/3830 3895/3895 3831/3831
f 3831/3831 3895/3895 3896/3896
f 3831/3831 3896/3896 3832/3832
f 3832/3832 3896/3896 3897/3897
f 3832/3832 3897/3897 3833/3833
f 3833/3833 3897/3897 3898/3898
f 3833/3833 3898/3898 3834/3834
f 3834/3834 3898/3898 3899/3899
f 3834/3834 3899/3899 3835/3835
f 3835/3835 3899/3899 3900/3900
f 3835/3835 3900/3900 3836/3836
f 3836/3836 3900/3900 3901/3901
f 3836/3836 3901/3901 3837/3837
f 3837/3837 3901/3901 3902/3902
f 3837/3837 3902/3902 3838/3838
f 3838/3838 3902/3902 3903/3903
f 3838/3838 3903/3903 3839/3839
f 3839/3839 3903/3903 3904/3904
f 3839/3839 3904/3904 3840/3840
f 3840/3840 3904/3904 3905/3905
f 3840/3840 3905/3905 3841/3841
f 3841/3841 3905/3905 3906/3906
f 3841/3841 3906/3906 3842/3842
f 3842/3842 3906/3906 3907/3907
f 3842/3842 3907/3907 3843/3843
f 3843/3843 3907/3907 3908/3908
f 3843/3843 3908/3908 3844/3844
f 3844/3844 3908/3908 3909/3909
f 3844/3844 3909/3909 3845/3845
f 3845/3845 3909/3909 3910/3910
f 3845/3845 3910/3910 3846/3846
f 3846/3846 3910/3910 3911/3911
f 3846/3846 3911/3911 3847/3847
f 3847/3847 3911/3911 3912/3912
f 3847/3847 3912/3912 3848/3848
f 3848/3848 3912/3912 3913/3913
f 3848/3848 3913/3913 3849/3849
f 3849/3849 3913/3913 3914/3914
f 3849/3849 3914/3914 3850/3850
f 3850/3850 3914/3914 3915/3915
f 3850/3850 3915/3915 3851/3851
f 3851/3851 3915/3915 3916/3916
f 3851/3851 3916/3916 3852/3852
f 3852/3852 3916/3916 3917/3917
f 3852/3852 3917/3917 3853/3853
f 3853/3853 3917/3917 3918/3918
f 3853/3853 3918/3918 3854/3854
f 3854/3854 3918/3918 3919/3919
f 3854/3854 3919/3919 3855/3855
f 3855/3855 3919/3919 3920/3920
f 3856/3856 3921/3921 3857/3857
f 3857/3857 3921/3921 3922/3922
f 3857/3857 3922/3922 3858/3858
f 3858/3858 3922/3922 3923/3923
f 3858/3858 3923/3923 3859/3859
f 3859/3859 3923/3923 3924/3924
f 3859/3859 3924/3924 3860/3860
f 3860/3860 3924/3924 3925/3925
f 3860/3860 3925/3925 3861/3861
f 3861/3861 3925/3925 3926/3926
f 3861/3861 3926/3926 3862/3862
f 3862/3862 3926/3926 3927/3927
f 3862/3862 3927/3927 3863/3863
f 3863/3863 3927/3927 3928/3928
f 3863/3863 3928/3928 3864/3864
f 3864/3864 3928/3928 3929/3929
f 3864/3864 3929/3929 3865/3865
f 3865/3865 3929/3929 3930/3930
f 3865/3865 3930/3930 3866/3866
f 3866/3866 3930/3930 3931/3931
f 3866/3866 3931/3931 3867/3867
f 3867/3867 3931/3931 3932/3932
f 3867/3867 3932/3932 3868/3868
f 3868/3868 3932/3932 3933/3933
f 3868/3868 3933/3933 3869/3869
f 3869/3869 3933/3933 3934/3934
f 3869/3869 3934/3934 3870/3870
f 3870/3870 3934/3934 3935/3935
f 3870/3870 3935/3935 3871/3871
f 3871/3871 3935/3935 3936/3936
f 3871/3871 3936/3936 3872/3872
f 3872/3872 3936/3936 3937/3937
f 3872/3872 3937/3937 3873/3873
f 3873/3873 3937/3937 3938/3938
f 3873/3873 3938/3938 3874/3874
f 3874/3874 3938/3938 3939/3939
f 3874/3874 3939/3939 3875/3875
f 3875/3875 3939/3939 3940/3940
f 3875/3875 3940/3940 3876/3876
f 3876/3876 3940/3940 3941/3941
f 3876/3876 3941/3941 3877/3877
f 3877/3877 3941/3941 3942/3942
f 3877/3877 3942/3942 3878/3878
f 3878/3878 3942/3942 3943/3943
f 3878/3878 3943/3943 3879/3879
f 3879/3879 3943/3943 3944/3944
f 3879/3879 3944/3944 3880/3880
f 3880/3880 3944/3944 3945/3945
f 3880/3880 3945/3945 3881/3881
f 3881/3881 3945/3945 3946/3946
f 3881/3881 3946/3946 3882/3882
f 3882/3882 3946/3946 3947/3947
f 3882/3882 3947/3947 3883/3883
f 3883/3883 3947/3947 3948/3948
f 3883/3883 3948/3948 3884/3884
f 3884/3884 3948/3948 3949/3949
f 3884/3884 3949/3949 3885/3885
f 3885/3885 3949/3949 3950/3950
f 3885/3885 3950/3950 3886/3886
f 3886/3886 3950/3950 3951/3951
f 3886/3886 3951/3951 3887/3887
f 3887/3887 3951/3951 3952/3952
f 3887/3887 3952/3952 3888/3888
f 3888/3888 3952/3952 3953/3953
f 3888/3888 3953/3953 3889/3889
f 3889/3889 3953/3953 3954/3954
f 3889/3889 3954/3954 3890/3890
f 3890/3890 3954/3954 3955/3955
f 3890/3890 3955/3955 3891/3891
f 3891/3891 3955/3955 3956/3956
f 3891/3891 3956/3956 3892/3892
f 3892/3892 3956/3956 3957/3957
f 3892/3892 3957/3957 3893/3893
f 3893/3893 3957/3957 3958/3958
f 3893/3893 3958/3958 3894/3894
f 3894/3894 3958/3958 3959/3959
f 3894/3894 3959/3959 3895/3895
f 3895/3895 3959/3959 3960/3960
f 3895/3895 3960/3960 3896/3896
f 3896/3896 3960/3960 3961/3961
f 3896/3896 3961/3961 3897/3897
f 3897/3897 3961/3961 3962/3962
f 3897/3897 3962/3962 3898/3898
f 3898/3898 3962/3962 3963/3963
f 3898/3898 3963/3963 3899/3899
f 3899/3899 3963/3963 3964/3964
f 3899/3899 3964/3964 3900/3900
f 3900/3900 3964/3964 3965/3965
f 3900/3900 3965/3965 3901/3901
f 3901/3901 3965/3965 3966/3966
f 3901/3901 3966/3966 3902/3902
f 3902/3902 3966/3966 3967/3967
f 3902/3902 3967/3967 3903/3903
f 3903/3903 3967/3967 3968/3968
f 3903/3903 3968/3968 3904/3904
f 3904/3904 3968/3968 3969/3969
f 3904/3904 3969/3969 3905/3905
f 3905/3905 3969/3969 3970/3970
f 3905/3905 3970/3970 3906/3906
f 3906/3906 3970/3970 3971/3971
f 3906/3906 3971/3971 3907/3907
f 3907/3907 3971/3971 3972/3972
f 3907/3907 3972/3972 3908/3908
f 3908/3908 3972/3972 3973/3973
f 3908/3908 3973/3973 3909/3909
f 3909/3909 3973/3973 3974/3974
f 3909/3909 3974/3974 3910/3910
f 3910/3910 3974/3974 3975/3975
f 3910/3910 3975/3975 3911/3911
f 3911/3911 3975/3975 3976/3976
f 3911/3911 3976/3976 3912/3912
f 3912/3912 3976/3976 3977/3977
f 3912/3912 3977/3977 3913/3913
f 3913/3913 3977/3977 3978/3978
f 3913/3913 3978/3978 3914/3914
f 3914/3914 3978/3978 3979/3979
f 3914/3914 3979/3979 3915/3915
f 3915/3915 3979/3979 3980/3980
f 3915/3915 3980/3980 3916/3916
f 3916/3916 3980/3980 3981/3981
f 3916/3916 3981/3981 3917/3917
f 3917/3917 3981/3981 3982/3982
f 3917/3917 3982/3982 3918/3918
f 3918/3918 3982/3982 3983/3983
f 3918/3918 3983/3983 3919/3919
f 3919/3919 3983/3983 3984/3984
f 3919/3919 3984/3984 3920/3920
f 3920/3920 3984/3984 3985/3985
f 3921/3921 3986/3986 3922/3922
f 3922/3922 3986/3986 3987/3987
f 3922/3922 3987/3987 3923/3923
f 3923/3923 3987/3987 3988/3988
f 3923/3923 3988/3988 3924/3924
f 3924/3924 3988/3988 3989/3989
f 3924/3924 3989/3989 3925/3925
f 3925/3925 3989/3989 3990/3990
f 3925/3925 3990/3990 3926/3926
f 3926/3926 3990/3990 3991/3991
f 3926/3926 3991/3991 3927/3927
f 3927/3927 3991/3991 3992/3992
f 3927/3927 3992/3992 3928/3928
f 3928/3928 3992/3992 3993/3993
f 3928/3928 3993/3993 3929/3929
f 3929/3929 3993/3993 3994/3994
f 3929/3929 3994/3994 3930/3930
f 3930/3930 3994/3994 3995/3995
f 3930/3930 3995/3995 3931/3931
f 3931/3931 3995/3995 3996/3996
f 3931/3931 3996/3996 3932/3932
f 3932/3932 3996/3996 3997/3997
f 3932/3932 3997/3997 3933/3933
f 3933/3933 3997/3997 3998/3998
f 3933/3933 3998/3998 3934/3934
f 3934/3934 3998/3998 3999/3999
f 3934/3934 3999/3999 3935/3935
f 3935/3935 3999/3999 4000/4000
f 3935/3935 4000/4000 3936/3936
f 3936/3936 4000/4000 4001/4001
f 3936/3936 4001/4001 3937/3937
f 3937/3937 4001/4001 4002/4002
f 3937/3937 4002/4002 3938/3938
f 3938/3938 4002/4002 4003/4003
f 3938/3938 4003/4003 3939/3939
f 3939/3939 4003/4003 4004/4004
f 3939/3939 4004/4004 3940/3940
f 3940/3940 4004/4004 4005/4005
f 3940/3940 4005/4005 3941/3941
f 3941/3941 4005/4005 4006/4006
f 3941/3941 4006/4006 3942/3942
f 3942/3942 4006/4006 4007/4007
f 3942/3942 4007/4007 3943/3943
f 3943/3943 4007/4007 4008/4008
f 3943/3943 4008/4008 3944/3944
f 3944/3944 4008/4008 4009/4009
f 3944/3944 4009/4009 3945/3945
f 3945/3945 4009/4009 4010/4010
f 3945/3945 4010/4010 3946/3946
f 3946/3946 4010/4010 4011/4011
f 3946/3946 4011/4011 3947/3947
f 3947/3947 4011/4011 4012/4012
f 3947/3947 4012/4012 3948/3948
f 3948/3948 4012/4012 4013/4013
f 3948/3948 4013/4013 3949/3949
f 3949/3949 4013/4013 4014/4014
f 3949/3949 4014/4014 3950/3950
f 3950/3950 4014/4014 4015/4015
f 3950/3950 4015/4015 3951/3951
f 3951/3951 4015/4015 4016/4016
f 3951/3951 4016/4016 3952/3952
f 3952/3952 4016/4016 4017/4017
f 3952/3952 4017/4017 3953/3953
f 3953/3953 4017/4017 4018/4018
f 3953/3953 4018/4018 3954/3954
f 3954/3954 4018/4018 4019/4019
f 3954/3954 4019/4019 3955/3955
f 3955/3955 4019/4019 4020/4020
f 3955/3955 4020/4020 3956/3956
f 3956/3956 4020/4020 4021/4021
f 3956/3956 4021/4021 3957/3957
f 3957/3957 4021/4021 4022/4022
f 3957/3957 4022/4022 3958/3958
f 3958/3958 4022/4022 4023/4023
f 3958/3958 4023/4023 3959/3959
f 3959/3959 4023/4023 4024/4024
f 3959/3959 4024/4024 3960/3960
f 3960/3960 4024/4024 4025/4025
f 3960/3960 4025/4025 3961/3961
f 3961/3961 4025/4025 4026/4026
f 3961/3961 4026/4026 3962/3962
f 3962/3962 4026/4026 4027/4027
f 3962/3962 4027/4027 3963/3963
f 3963/3963 4027/4027 4028/4028
f 3963/3963 4028/4028 3964/3964
f 3964/3964 4028/4028 4029/4029
f 3964/3964 4029/4029 3965/3965
f 3965/3965 4029/4029 4030/4030
f 3965/3965 4030/4030 3966/3966
f 3966/3966 4030/4030 4031/4031
f 3966/3966 4031/4031 3967/3967
f 3967/3967 4031/4031 4032/4032
f 3967/3967 4032/4032 3968/3968
f 3968/3968 4032/4032 4033/4033
f 3968/3968 4033/4033 3969/3969
f 3969/3969 4033/4033 4034/4034
f 3969/3969 4034/4034 3970/3970
f 3970/3970 4034/4034 4035/4035
f 3970/3970 4035/4035 3971/3971
f 3971/3971 4035/4035 4036/4036
f 3971/3971 4036/4036 3972/3972
f 3972/3972 4036/4036 4037/4037
f 3972/3972 4037/4037 3973/3973
f 3973/3973 4037/4037 4038/4038
f 3973/3973 4038/4038 3974/3974
f 3974/3974 4038/4038 4039/4039
f 3974/3974 4039/4039 3975/3975
f 3975/3975 4039/4039 4040/4040
f 3975/3975 4040/4040 3976/3976
f 3976/3976 4040/4040 4041/4041
f 3976/3976 4041/4041 3977/3977
f 3977/3977 4041/4041 4042/4042
f 3977/3977 4042/4042 3978/3978
f 3978/3978 4042/4042 4043/4043
f 3978/3978 4043/4043 3979/3979
f 3979/3979 4043/4043 4044/4044
f 3979/3979 4044/4044 3980/3980
f 3980/3980 4044/4044 4045/4045
f 3980/3980 4045/4045 3981/3981
f 3981/3981 4045/4045 4046/4046
f 3981/3981 4046/4046 3982/3982
f 3982/3982 4046/4046 4047/4047
f 3982/3982 4047/4047 3983/3983
f 3983/3983 4047/4047 4048/4048
f 3983/3983 4048/4048 3984/3984
f 3984/3984 4048/4048 4049/4049
f 3984/3984 4049/4049 3985/3985
f 3985/3985 4049/4049 4050/4050
f 3986/3986 4051/4051 3987/3987
f 3987/3987 4051/4051 4052/4052
f 3987/3987 4052/4052 3988/3988
f 3988/3988 4052/4052 4053/4053
f 3988/3988 4053/4053 3989/3989
f 3989/3989 4053/4053 4054/4054
f 3989/3989 4054/4054 3990/3990
f 3990/3990 4054/4054 4055/4055
f 3990/3990 4055/4055 3991/3991
f 3991/3991 4055/4055 4056/4056
f 3991/3991 4056/4056 3992/3992
f 3992/3992 4056/4056 4057/4057
f 3992/3992 4057/4057 3993/3993
f 3993/3993 4057/4057 4058/4058
f 3993/3993 4058/4058 3994/3994
f 3994/3994 4058/4058 4059/4059
f 3994/3994 4059/4059 3995/3995
f 3995/3995 4059/4059 4060/4060
f 3995/3995 4060/4060 3996/3996
f 3996/3996 4060/4060 4061/4061
f 3996/3996 4061/4061 3997/3997
f 3997/3997 4061/4061 4062/4062
f 3997/3997 4062/4062 3998/3998
f 3998/3998 4062/4062 4063/4063
f 3998/3998 4063/4063 3999/3999
f 3999/3999 4063/4063 4064/4064
f 3999/3999 4064/4064 4000/4000
f 4000/4000 4064/4064 4065/4065
f 4000/4000 4065/4065 4001/4001
f 4001/4001 4065/4065 4066/4066
f 4001/4001 4066/4066 4002/4002
f 4002/4002 4066/4066 4067/4067
f 4002/4002 4067/4067 4003/4003
f 4003/4003 4067/4067 4068/4068
f 4003/4003 4068/4068 4004/4004
f 4004/4004 4068/4068 4069/4069
f 4004/4004 4069/4069 4005/4005
f 4005/4005 4069/4069 4070/4070
f 4005/4005 4070/4070 4006/4006
f 4006/4006 4070/4070 4071/4071
f 4006/4006 4071/4071 4007/4007
f 4007/4007 4071/4071 4072/4072
f 4007/4007 4072/4072 4008/4008
f 4008/4008 4072/4072 4073/4073
f 4008/4008 4073/4073 4009/4009
f 4009/4009 4073/4073 4074/4074
f 4009/4009 4074/4074 4010/4010
f 4010/4010 4074/4074 4075/4075
f 4010/4010 4075/4075 4011/4011
f 4011/4011 4075/4075 4076/4076
f 4011/4011 4076/4076 4012/4012
f 4012/4012 4076/4076 4077/4077
f 4012/4012 4077/4077 4013/4013
f 4013/4013 4077/4077 4078/4078
f 4013/4013 4078/4078 4014/4014
f 4014/4014 4078/4078 4079/4079
f 4014/4014 4079/4079 4015/4015
f 4015/4015 4079/4079 4080/4080
f 4015/4015 4080/4080 4016/4016
f 4016/4016 4080/4080 4081/4081
f 4016/4016 4081/4081 4017/4017
f 4017/4017 4081/4081 4082/4082
f 4017/4017 4082/4082 4018/4018
f 4018/4018 4082/4082 4083/4083
f 4018/4018 4083/4083 4019/4019
f 4019/4019 4083/4083 4084/4084
f 4019/4019 4084/4084 4020/4020
f 4020/4020 4084/4084 4085/4085
f 4020/4020 4085/4085 4021/4021
f 4021/4021 4085/4085 4086/4086
f 4021/4021 4086/4086 4022/4022
f 4022/4022 4086/4086 4087/4087
f 4022/4022 4087/4087 4023/4023
f 4023/4023 4087/4087 4088/4088
f 4023/4023 4088/4088 4024/4024
f 4024/4024 4088/4088 4089/4089
f 4024/4024 4089/4089 4025/4025
f 4025/4025 4089/4089 4090/4090
f 4025/4025 4090/4090 4026/4026
f 4026/4026 4090/4090 4091/4091
f 4026/4026 4091/4091 4027/4027
f 4027/4027 4091/4091 4092/4092
f 4027/4027 4092/4092 4028/4028
f 4028/4028 4092/4092 4093/4093
f 4028/4028 4093/4093 4029/4029
f 4029/4029 4093/4093 4094/4094
f 4029/4029 4094/4094 4030/4030
f 4030/4030 4094/4094 4095/4095
f 4030/4030 4095/4095 4031/4031
f 4031/4031 4095/4095 4096/4096
f 4031/4031 4096/4096 4032/4032
f 4032/4032 4096/4096 4097/4097
f 4032/4032 4097/4097 4033/4033
f 4033/4033 4097/4097 4098/4098
f 4033/4033 4098/4098 4034/4034
f 4034/4034 4098/4098 4099/4099
f 4034/4034 4099/4099 4035/4035
f 4035/4035 4099/4099 4100/4100
f 4035/4035 4100/4100 4036/4036
f 4036/4036 4100/4100 4101/4101
f 4036/4036 4101/4101 4037/4037
f 4037/4037 4101/4101 4102/4102
f 4037/4037 4102/4102 4038/4038
f 4038/4038 4102/4102 4103/4103
f 4038/4038 4103/4103 4039/4039
f 4039/4039 4103/4103 4104/4104
f 4039/4039 4104/4104 4040/4040
f 4040/4040 4104/4104 4105/4105
f 4040/4040 4105/4105 4041/4041
f 4041/4041 4105/4105 4106/4106
f 4041/4041 4106/4106 4042/4042
f 4042/4042 4106/4106 4107/4107
f 4042/4042 4107/4107 4043/4043
f 4043/4043 4107/4107 4108/4108
f 4043/4043 4108/4108 4044/4044
f 4044/4044 4108/4108 4109/4109
f 4044/4044 4109/4109 4045/4045
f 4045/4045 4109/4109 4110/4110
f 4045/4045 4110/4110 4046/4046
f 4046/4046 4110/4110 4111/4111
f 4046/4046 4111/4111 4047/4047
f 4047/4047 4111/4111 4112/4112
f 4047/4047 4112/4112 4048/4048
f 4048/4048 4112/4112 4113/4113
f 4048/4048 4113/4113 4049/4049
f 4049/4049 4113/4113 4114/4114
f 4049/4049 4114/4114 4050/4050
f 4050/4050 4114/4114 4115/4115
f 4051/4051 4116/4116 4052/4052
f 4052/4052 4116/4116 4117/4117
f 4052/4052 4117/4117 4053/4053
f 4053/4053 4117/4117 4118/4118
f 4053/4053 4118/4118 4054/4054
f 4054/4054 4118/4118 4119/4119
f 4054/4054 4119/4119 4055/4055
f 4055/4055 4119/4119 4120/4120
f 4055/4055 4120/4120 4056/4056
f 4056/4056 4120/4120 4121/4121
f 4056/4056 4121/4121 4057/4057
f 4057/4057 4121/4121 4122/4122
f 4057/4057 4122/4122 4058/4058
f 4058/4058 4122/4122 4123/4123
f 4058/4058 4123/4123 4059/4059
f 4059/4059 4123/4123 4124/4124
f 4059/4059 4124/4124 4060/4060
f 4060/4060 4124/4124 4125/4125
f 4060/4060 4125/4125 4061/4061
f 4061/4061 4125/4125 4126/4126
f 4061/4061 4126/4126 4062/4062
f 4062/4062 4126/4126 4127/4127
f 4062/4062 4127/4127 4063/4063
f 4063/4063 4127/4127 4128/4128
f 4063/4063 4128/4128 4064/4064
f 4064/4064 4128/4128 4129/4129
f 4064/4064 4129/4129 4065/4065
f 4065/4065 4129/4129 4130/4130
f 4065/4065 4130/4130 4066/4066
f 4066/4066 4130/4130 4131/4131
f 4066/4066 4131/4131 4067/4067
f 4067/4067 4131/4131 4132/4132
f 4067/4067 4132/4132 4068/4068
f 4068/4068 4132/4132 4133/4133
f 4068/4068 4133/4133 4069/4069
f 4069/4069 4133/4133 4134/4134
f 4069/4069 4134/4134 4070/4070
f 4070/4070 4134/4134 4135/4135
f 4070/4070 4135/4135 4071/4071
f 4071/4071 4135/4135 4136/4136
f 4071/4071 4136/4136 4072/4072
f 4072/4072 4136/4136 4137/4137
f 4072/4072 4137/4137 4073/4073
f 4073/4073 4137/4137 4138/4138
f 4073/4073 4138/4138 4074/4074
f 4074/4074 4138/4138 4139/4139
f 4074/4074 4139/4139 4075/4075
f 4075/4075 4139/4139 4140/4140
f 4075/4075 4140/4140 4076/4076
f 4076/4076 4140/4140 4141/4141
f 4076/4076 4141/4141 4077/4077
f 4077/4077 4141/4141 4142/4142
f 4077/4077 4142/4142 4078/4078
f 4078/4078 4142/4142 4143/4143
f 4078/4078 4143/4143 4079/4079
f 4079/4079 4143/4143 4144/4144
f 4079/4079 4144/4144 4080/4080
f 4080/4080 4144/4144 4145/4145
f 4080/4080 4145/4145 4081/4081
f 4081/4081 4145/4145 4146/4146
f 4081/4081 4146/4146 4082/4082
f 4082/4082 4146/4146 4147/4147
f 4082/4082 4147/4147 4083/4083
f 4083/4083 4147/4147 4148/4148
f 4083/4083 4148/4148 4084/4084
f 4084/4084 4148/4148 4149/4149
f 4084/4084 4149/4149 4085/4085
f 4085/4085 4149/4149 4150/4150
f 4085/4085 4150/4150 4086/4086
f 4086/4086 4150/4150 4151/4151
f 4086/4086 4151/4151 4087/4087
f 4087/4087 4151/4151 4152/4152
f 4087/4087 4152/4152 4088/4088
f 4088/4088 4152/4152 4153/4153
f 4088/4088 4153/4153 4089/4089
f 4089/4089 4153/4153 4154/4154
f 4089/4089 4154/4154 4090/4090
f 4090/4090 4154/4154 4155/4155
f 4090/4090 4155/4155 4091/4091
f 4091/4091 4155/4155 4156/4156
f 4091/4091 4156/4156 4092/4092
f 4092/4092 4156/4156 4157/4157
f 4092/4092 4157/4157 4093/4093
f 4093/4093 4157/4157 4158/4158
f 4093/4093 4158/4158 4094/4094
f 4094/4094 4158/4158 4159/4159
f 4094/4094 4159/4159 4095/4095
f 4095/4095 4159/4159 4160/4160
f 4095/4095 4160/4160 4096/4096
f 4096/4096 4160/4160 4161/4161
f 4096/4096 4161/4161 4097/4097
f 4097/4097 4161/4161 4162/4162
f 4097/4097 4162/4162 4098/4098
f 4098/4098 4162/4162 4163/4163
f 4098/4098 4163/4163 4099/4099
f 4099/4099 4163/4163 4164/4164
f 4099/4099 4164/4164 4100/4100
f 4100/4100 4164/4164 4165/4165
f 4100/4100 4165/4165 4101/4101
f 4101/4101 4165/4165 4166/4166
f 4101/4101 4166/4166 4102/4102
f 4102/4102 4166/4166 4167/4167
f 4102/4102 4167/4167 4103/4103
f 4103/4103 4167/4167 4168/4168
f 4103/4103 4168/4168 4104/4104
f 4104/4104 4168/4168 4169/4169
f 4104/4104 4169/4169 4105/4105
f 4105/4105 4169/4169 4170/4170
f 4105/4105 4170/4170 4106/4106
f 4106/4106 4170/4170 4171/4171
f 4106/4106 4171/4171 4107/4107
f 4107/4107 4171/4171 4172/4172
f 4107/4107 4172/4172 4108/4108
f 4108/4108 4172/4172 4173/4173
f 4108/4108 4173/4173 4109/4109
f 4109/4109 4173/4173 4174/4174
f 4109/4109 4174/4174 4110/4110
f 4110/4110 4174/4174 4175/4175
f 4110/4110 4175/4175 4111/4111
f 4111/4111 4175/4175 4176/4176
f 4111/4111 4176/4176 4112/4112
f 4112/4112 4176/4176 4177/4177
f 4112/4112 4177/4177 4113/4113
f 4113/4113 4177/4177 4178/4178
f 4113/4113 4178/4178 4114/4114
f 4114/4114 4178/4178 4179/4179
f 4114/4114 4179/4179 4115/4115
f 4115/4115 4179/4179 4180/4180
f 4116/4116 4181/4181 4117/4117
f 4117/4117 4181/4181 4182/4182
f 4117/4117 4182/4182 4118/4118
f 4118/4118 4182/4182 4183/4183
f 4118/4118 4183/4183 4119/4119
f 4119/4119 4183/4183 4184/4184
f 4119/4119 4184/4184 4120/4120
f 4120/4120 4184/4184 4185/4185
f 4120/4120 4185/4185 4121/4121
f 4121/4121 4185/4185 4186/4186
f 4121/4121 4186/4186 4122/4122
f 4122/4122 4186/4186 4187/4187
f 4122/4122 4187/4187 4123/4123
f 4123/4123 4187/4187 4188/4188
f 4123/4123 4188/4188 4124/4124
f 4124/4124 4188/4188 4189/4189
f 4124/4124 4189/4189 4125/4125
f 4125/4125 4189/4189 4190/4190
f 4125/4125 4190/4190 4126/4126
f 4126/4126 4190/4190 4191/4191
f 4126/4126 4191/4191 4127/4127
f 4127/4127 4191/4191 4192/4192
f 4127/4127 4192/4192 4128/4128
f 4128/4128 4192/4192 4193/4193
f 4128/4128 4193/4193 4129/4129
f 4129/4129 4193/4193 4194/4194
f 4129/4129 4194/4194 4130/4130
f 4130/4130 4194/4194 4195/4195
f 4130/4130 4195/4195 4131/4131
f 4131/4131 4195/4195 4196/4196
f 4131/4131 4196/4196 4132/4132
f 4132/4132 4196/4196 4197/4197
f 4132/4132 4197/4197 4133/4133
f 4133/4133 4197/4197 4198/4198
f 4133/4133 4198/4198 4134/4134
f 4134/4134 4198/4198 4199/4199
f 4134/4134 4199/4199 4135/4135
f 4135/4135 4199/4199 4200/4200
f 4135/4135 4200/4200 4136/4136
f 4136/4136 4200/4200 4201/4201
f 4136/4136 4201/4201 4137/4137
f 4137/4137 4201/4201 4202/4202
f 4137/4137 4202/4202 4138/4138
f 4138/4138 4202/4202 4203/4203
f 4138/4138 4203/4203 4139/4139
f 4139/4139 4203/4203 4204/4204
f 4139/4139 4204/4204 4140/4140
f 4140/4140 4204/4204 4205/4205
f 4140/4140 4205/4205 4141/4141
f 4141/4141 4205/4205 4206/4206
f 4141/4141 4206/4206 4142/4142
f 4142/4142 4206/4206 4207/4207
f 4142/4142 4207/4207 4143/4143
f 4143/4143 4207/4207 4208/4208
f 4143/4143 4208/4208 4144/4144
f 4144/4144 4208/4208 4209/4209
f 4144/4144 4209/4209 4145/4145
f 4145/4145 4209/4209 4210/4210
f 4145/4145 4210/4210 4146/4146
f 4146/4146 4210/4210 4211/4211
f 4146/4146 4211/4211 4147/4147
f 4147/4147 4211/4211 4212/4212
f 4147/4147 4212/4212 4148/4148
f 4148/4148 4212/4212 4213/4213
f 4148/4148 4213/4213 4149/4149
f 4149/4149 4213/4213 4214/4214
f 4149/4149 4214/4214 4150/4150
f 4150/4150 4214/4214 4215/4215
f 4150/4150 4215/4215 4151/4151
f 4151/4151 4215/4215 4216/4216
f 4151/4151 4216/4216 4152/4152
f 4152/4152 4216/4216 4217/4217
f 4152/4152 4217/4217 4153/4153
f 4153/4153 4217/4217 4218/4218
f 4153/4153 4218/4218 4154/4154
f 4154/4154 4218/4218 4219/4219
f 4154/4154 4219/4219 4155/4155
f 4155/4155 4219/4219 4220/4220
f 4155/4155 4220/4220 4156/4156
f 4156/4156 4220/4220 4221/4221
f 4156/4156 4221/4221 4157/4157
f 4157/4157 4221/4221 4222/4222
f 4157/4157 4222/4222 4158/4158
f 4158/4158 4222/4222 4223/4223
f 4158/4158 4223/4223 4159/4159
f 4159/4159 4223/4223 4224/4224
f 4159/4159 4224/4224 4160/4160
f 4160/4160 4224/4224 4225/4225
f 4160/4160 4225/4225 4161/4161
f 4161/4161 4225/4225 4226/4226
f 4161/4161 4226/4226 4162/4162
f 4162/4162 4226/4226 4227/4227
f 4162/4162 4227/4227 4163/4163
f 4163/4163 4227/4227 4228/4228
f 4163/4163 4228/4228 4164/4164
f 4164/4164 4228/4228 4229/4229
f 4164/4164 4229/4229 4165/4165
f 4165/4165 4229/4229 4230/4230
f 4165/4165 4230/4230 4166/4166
f 4166/4166 4230/4230 4231/4231
f 4166/4166 4231/4231 4167/4167
f 4167/4167 4231/4231 4232/4232
f 4167/4167 4232/4232 4168/4168
f 4168/4168 4232/4232 4233/4233
f 4168/4168 4233/4233 4169/4169
f 4169/4169 4233/4233 4234/4234
f 4169/4169 4234/4234 4170/4170
f 4170/4170 4234/4234 4235/4235
f 4170/4170 4235/4235 4171/4171
f 4171/4171 4235/4235 4236/4236
f 4171/4171 4236/4236 4172/4172
f 4172/4172 4236/4236 4237/4237
f 4172/4172 4237/4237 4173/4173
f 4173/4173 4237/4237 4238/4238
f 4173/4173 4238/4238 4174/4174
f 4174/4174 4238/4238 4239/4239
f 4174/4174 4239/4239 4175/4175
f 4175/4175 4239/4239 4240/4240
f 4175/4175 4240/4240 4176/4176
f 4176/4176 4240/4240 4241/4241
f 4176/4176 4241/4241 4177/4177
f 4177/4177 4241/4241 4242/4242
f 4177/4177 4242/4242 4178/4178
f 4178/4178 4242/4242 4243/4243
f 4178/4178 4243/4243 4179/4179
f 4179/4179 4243/4243 4244/4244
f 4179/4179 4244/4244 4180/4180
f 4180/4180 4244/4244 4245/4245
f 4181/4181 4246/4246 4182/4182
f 4182/4182 4246/4246 4247/4247
f 4182/4182 4247/4247 4183/4183
f 4183/4183 4247/4247 4248/4248
f 4183/4183 4248/4248 4184/4184
f 4184/4184 4248/4248 4249/4249
f 4184/4184 4249/4249 4185/4185
f 4185/4185 4249/4249 4250/4250
f 4185/4185 4250/4250 4186/4186
f 4186/4186 4250/4250 4251/4251
f 4186/4186 4251/4251 4187/4187
f 4187/4187 4251/4251 4252/4252
f 4187/4187 4252/4252 4188/4188
f 4188/4188 4252/4252 4253/4253
f 4188/4188 4253/4253 4189/4189
f 4189/4189 4253/4253 4254/4254
f 4189/4189 4254/4254 4190/4190
f 4190/4190 4254/4254 4255/4255
f 4190/4190 4255/4255 4191/4191
f 4191/4191 4255/4255 4256/4256
f 4191/4191 4256/4256 4192/4192
f 4192/4192 4256/4256 4257/4257
f 4192/4192 4257/4257 4193/4193
f 4193/4193 4257/4257 4258/4258
f 4193/4193 4258/4258 4194/4194
f 4194/4194 4258/4258 4259/4259
f 4194/4194 4259/4259 4195/4195
f 4195/4195 4259/4259 4260/4260
f 4195/4195 4260/4260 4196/4196
f 4196/4196 4260/4260 4261/4261
f 4196/4196 4261/4261 4197/4197
f 4197/4197 4261/4261 4262/4262
f 4197/4197 4262/4262 4198/4198
f 4198/4198 4262/4262 4263/4263
f 4198/4198 4263/4263 4199/4199
f 4199/4199 4263/4263 4264/4264
f 4199/4199 4264/4264 4200/4200
f 4200/4200 4264/4264 4265/4265
f 4200/4200 4265/4265 4201/4201
f 4201/4201 4265/4265 4266/4266
f 4201/4201 4266/4266 4202/4202
f 4202/4202 4266/4266 4267/4267
f 4202/4202 4267/4267 4203/4203
f 4203/4203 4267/4267 4268/4268
f 4203/4203 4268/4268 4204/4204
f 4204/4204 4268/4268 4269/4269
f 4204/4204 4269/4269 4205/4205
f 4205/4205 4269/4269 4270/4270
f 4205/4205 4270/4270 4206/4206
f 4206/4206 4270/4270 4271/4271
f 4206/4206 4271/4271 4207/4207
f 4207/4207 4271/4271 4272/4272
f 4207/4207 4272/4272 4208/4208
f 4208/4208 4272/4272 4273/4273
f 4208/4208 4273/4273 4209/4209
f 4209/4209 4273/4273 4274/4274
f 4209/4209 4274/4274 4210/4210
f 4210/4210 4274/4274 4275/4275
f 4210/4210 4275/4275 4211/4211
f 4211/4211 4275/4275 4276/4276
f 4211/4211 4276/4276 4212/4212
f 4212/4212 4276/4276 4277/4277
f 4212/4212 4277/4277 4213/4213
f 4213/4213 4277/4277 4278/4278
f 4213/4213 4278/4278 4214/4214
f 4214/4214 4278/4278 4279/4279
f 4214/4214 4279/4279 4215/4215
f 4215/4215 4279/4279 4280/4280
f 4215/4215 4280/4280 4216/4216
f 4216/4216 4280/4280 4281/4281
f 4216/4216 4281/4281 4217/4217
f 4217/4217 4281/4281 4282/4282
f 4217/4217 4282/4282 4218/4218
f 4218/4218 4282/4282 4283/4283
f 4218/4218 4283/4283 4219/4219
f 4219/4219 4283/4283 4284/4284
f 4219/4219 4284/4284 4220/4220
f 4220/4220 4284/4284 4285/4285
f 4220/4220 4285/4285 4221/4221
f 4221/4221 4285/4285 4286/4286
f 4221/4221 4286/4286 4222/4222
f 4222/4222 4286/4286 4287/4287
f 4222/4222 4287/4287 4223/4223
f 4223/4223 4287/4287 4288/4288
f 4223/4223 4288/4288 4224/4224
f 4224/4224 4288/4288 4289/4289
f 4224/4224 4289/4289 4225/4225
f 4225/4225 4289/4289 4290/4290
f 4225/4225 4290/4290 4226/4226
f 4226/4226 4290/4290 4291/4291
f 4226/4226 4291/4291 4227/4227
f 4227/4227 4291/4291 4292/4292
f 4227/4227 4292/4292 4228/4228
f 4228/4228 4292/4292 4293/4293
f 4228/4228 4293/4293 4229/4229
f 4229/4229 4293/4293 4294/4294
f 4229/4229 4294/4294 4230/4230
f 4230/4230 4294/4294 4295/4295
f 4230/4230 4295/4295 4231/4231
f 4231/4231 4295/4295 4296/4296
f 4231/4231 4296/4296 4232/4232
f 4232/4232 4296/4296 4297/4297
f 4232/4232 4297/4297 4233/4233
f 4233/4233 4297/4297 4298/4298
f 4233/4233 4298/4298 4234/4234
f 4234/4234 4298/4298 4299/4299
f 4234/4234 4299/4299 4235/4235
f 4235/4235 4299/4299 4300/4300
f 4235/4235 4300/4300 4236/4236
f 4236/4236 4300/4300 4301/4301
f 4236/4236 4301/4301 4237/4237
f 4237/4237 4301/4301 4302/4302
f 4237/4237 4302/4302 4238/4238
f 4238/4238 4302/4302 4303/4303
f 4238/4238 4303/4303 4239/4239
f 4239/4239 4303/4303 4304/4304
f 4239/4239 4304/4304 4240/4240
f 4240/4240 4304/4304 4305/4305
f 4240/4240 4305/4305 4241/4241
f 4241/4241 4305/4305 4306/4306
f 4241/4241 4306/4306 4242/4242
f 4242/4242 4306/4306 4307/4307
f 4242/4242 4307/4307 4243/4243
f 4243/4243 4307/4307 4308/4308
f 4243/4243 4308/4308 4244/4244
f 4244/4244 4308/4308 4309/4309
f 4244/4244 4309/4309 4245/4245
f 4245/4245 4309/4309 4310/4310
f 4246/4246 4311/4311 4247/4247
f 4247/4247 4311/4311 4312/4312
f 4247/4247 4312/4312 4248/4248
f 4248/4248 4312/4312 4313/4313
f 4248/4248 4313/4313 4249/4249
f 4249/4249 4313/4313 4314/4314
f 4249/4249 4314/4314 4250/4250
f 4250/4250 4314/4314 4315/4315
f 4250/4250 4315/4315 4251/4251
f 4251/4251 4315/4315 4316/4316
f 4251/4251 4316/4316 4252/4252
f 4252/4252 4316/4316 4317/4317
f 4252/4252 4317/4317 4253/4253
f 4253/4253 4317/4317 4318/4318
f 4253/4253 4318/4318 4254/4254
f 4254/4254 4318/4318 4319/4319
f 4254/4254 4319/4319 4255/4255
f 4255/4255 4319/4319 4320/4320
f 4255/4255 4320/4320 4256/4256
f 4256/4256 4320/4320 4321/4321
f 4256/4256 4321/4321 4257/4257
f 4257/4257 4321/4321 4322/4322
f 4257/4257 4322/4322 4258/4258
f 4258/4258 4322/4322 4323/4323
f 4258/4258 4323/4323 4259/4259
f 4259/4259 4323/4323 4324/4324
f 4259/4259 4324/4324 4260/4260
f 4260/4260 4324/4324 4325/4325
f 4260/4260 4325/4325 4261/4261
f 4261/4261 4325/4325 4326/4326
f 4261/4261 4326/4326 4262/4262
f 4262/4262 4326/4326 4327/4327
f 4262/4262 4327/4327 4263/4263
f 4263/4263 4327/4327 4328/4328
f 4263/4263 4328/4328 4264/4264
f 4264/4264 4328/4328 4329/4329
f 4264/4264 4329/4329 4265/4265
f 4265/4265 4329/4329 4330/4330
f 4265/4265 4330/4330 4266/4266
f 4266/4266 4330/4330 4331/4331
f 4266/4266 4331/4331 4267/4267
f 4267/4267 4331/4331 4332/4332
f 4267/4267 4332/4332 4268/4268
f 4268/4268 4332/4332 4333/4333
f 4268/4268 4333/4333 4269/4269
f 4269/4269 4333/4333 4334/4334
f 4269/4269 4334/4334 4270/4270
f 4270/4270 4334/4334 4335/4335
f 4270/4270 4335/4335 4271/4271
f 4271/4271 4335/4335 4336/4336
f 4271/4271 4336/4336 4272/4272
f 4272/4272 4336/4336 4337/4337
f 4272/4272 4337/4337 4273/4273
f 4273/4273 4337/4337 4338/4338
f 4273/4273 4338/4338 4274/4274
f 4274/4274 4338/4338 4339/4339
f 4274/4274 4339/4339 4275/4275
f 4275/4275 4339/4339 4340/4340
f 4275/4275 4340/4340 4276/4276
f 4276/4276 4340/4340 4341/4341
f 4276/4276 4341/4341 4277/4277
f 4277/4277 4341/4341 4342/4342
f 4277/4277 4342/4342 4278/4278
f 4278/4278 4342/4342 4343/4343
f 4278/4278 4343/4343 4279/4279
f 4279/4279 4343/4343 4344/4344
f 4279/4279 4344/4344 4280/4280
f 4280/4280 4344/4344 4345/4345
f 4280/4280 4345/4345 4281/4281
f 4281/4281 4345/4345 4346/4346
f 4281/4281 4346/4346 4282/4282
f 4282/4282 4346/4346 4347/4347
f 4282/4282 4347/4347 4283/4283
f 4283/4283 4347/4347 4348/4348
f 4283/4283 4348/4348 4284/4284
f 4284/4284 4348/4348 4349/4349
f 4284/4284 4349/4349 4285/4285
f 4285/4285 4349/4349 4350/4350
f 4285/4285 4350/4350 4286/4286
f 4286/4286 4350/4350 4351/4351
f 4286/4286 4351/4351 4287/4287
f 4287/4287 4351/4351 4352/4352
f 4287/4287 4352/4352 4288/4288
f 4288/4288 4352/4352 4353/4353
f 4288/4288 4353/4353 4289/4289
f 4289/4289 4353/4353 4354/4354
f 4289/4289 4354/4354 4290/4290
f 4290/4290 4354/4354 4355/4355
f 4290/4290 4355/4355 4291/4291
f 4291/4291 4355/4355 4356/4356
f 4291/4291 4356/4356 4292/4292
f 4292/4292 4356/4356 4357/4357
f 4292/4292 4357/4357 4293/4293
f 4293/4293 4357/4357 4358/4358
f 4293/4293 4358/4358 4294/4294
f 4294/4294 4358/4358 4359/4359
f 4294/4294 4359/4359 4295/4295
f 4295/4295 4359/4359 4360/4360
f 4295/4295 4360/4360 4296/4296
f 4296/4296 4360/4360 4361/4361
f 4296/4296 4361/4361 4297/4297
f 4297/4297 4361/4361 4362/4362
f 4297/4297 4362/4362 4298/4298
f 4298/4298 4362/4362 4363/4363
f 4298/4298 4363/4363 4299/4299
f 4299/4299 4363/4363 4364/4364
f 4299/4299 4364/4364 4300/4300
f 4300/4300 4364/4364 4365/4365
f 4300/4300 4365/4365 4301/4301
f 4301/4301 4365/4365 4366/4366
f 4301/4301 4366/4366 4302/4302
f 4302/4302 4366/4366 4367/4367
f 4302/4302 4367/4367 4303/4303
f 4303/4303 4367/4367 4368/4368
f 4303/4303 4368/4368 4304/4304
f 4304/4304 4368/4368 4369/4369
f 4304/4304 4369/4369 4305/4305
f 4305/4305 4369/4369 4370/4370
f 4305/4305 4370/4370 4306/4306
f 4306/4306 4370/4370 4371/4371
f 4306/4306 4371/4371 4307/4307
f 4307/4307 4371/4371 4372/4372
f 4307/4307 4372/4372 4308/4308
f 4308/4308 4372/4372 4373/4373
f 4308/4308 4373/4373 4309/4309
f 4309/4309 4373/4373 4374/4374
f 4309/4309 4374/4374 4310/4310
f 4310/4310 4374/4374 4375/4375
f 4311/4311 4376/4376 4312/4312
f 4312/4312 4376/4376 4377/4377
f 4312/4312 4377/4377 4313/4313
f 4313/4313 4377/4377 4378/4378
f 4313/4313 4378/4378 4314/4314
f 4314/4314 4378/4378 4379/4379
f 4314/4314 4379/4379 4315/4315
f 4315/4315 4379/4379 4380/4380
f 4315/4315 4380/4380 4316/4316
f 4316/4316 4380/4380 4381/4381
f 4316/4316 4381/4381 4317/4317
f 4317/4317 4381/4381 4382/4382
f 4317/4317 4382/4382 4318/4318
f 4318/4318 4382/4382 4383/4383
f 4318/4318 4383/4383 4319/4319
f 4319/4319 4383/4383 4384/4384
f 4319/4319 4384/4384 4320/4320
f 4320/4320 4384/4384 4385/4385
f 4320/4320 4385/4385 4321/4321
f 4321/4321 4385/4385 4386/4386
f 4321/4321 4386/4386 4322/4322
f 4322/4322 4386/4386 4387/4387
f 4322/4322 4387/4387 4323/4323
f 4323/4323 4387/4387 4388/4388
f 4323/4323 4388/4388 4324/4324
f 4324/4324 4388/4388 4389/4389
f 4324/4324 4389/4389 4325/4325
f 4325/4325 4389/4389 4390/4390
f 4325/4325 4390/4390 4326/4326
f 4326/4326 4390/4390 4391/4391
f 4326/4326 4391/4391 4327/4327
f 4327/4327 4391/4391 4392/4392
f 4327/4327 4392/4392 4328/4328
f 4328/4328 4392/4392 4393/4393
f 4328/4328 4393/4393 4329/4329
f 4329/4329 4393/4393 4394/4394
f 4329/4329 4394/4394 4330/4330
f 4330/4330 4394/4394 4395/4395
f 4330/4330 4395/4395 4331/4331
f 4331/4331 4395/4395 4396/4396
f 4331/4331 4396/4396 4332/4332
f 4332/4332 4396/4396 4397/4397
f 4332/4332 4397/4397 4333/4333
f 4333/4333 4397/4397 4398/4398
f 4333/4333 4398/4398 4334/4334
f 4334/4334 4398/4398 4399/4399
f 4334/4334 4399/4399 4335/4335
f 4335/4335 4399/4399 4400/4400
f 4335/4335 4400/4400 4336/4336
f 4336/4336 4400/4400 4401/4401
f 4336/4336 4401/4401 4337/4337
f 4337/4337 4401/4401 4402/4402
f 4337/4337 4402/4402 4338/4338
f 4338/4338 4402/4402 4403/4403
f 4338/4338 4403/4403 4339/4339
f 4339/4339 4403/4403 4404/4404
f 4339/4339 4404/4404 4340/4340
f 4340/4340 4404/4404 4405/4405
f 4340/4340 4405/4405 4341/4341
f 4341/4341 4405/4405 4406/4406
f 4341/4341 4406/4406 4342/4342
f 4342/4342 4406/4406 4407/4407
f 4342/4342 4407/4407 4343/4343
f 4343/4343 4407/4407 4408/4408
f 4343/4343 4408/4408 4344/4344
f 4344/4344 4408/4408 4409/4409
f 4344/4344 4409/4409 4345/4345
f 4345/4345 4409/4409 4410/4410
f 4345/4345 4410/4410 4346/4346
f 4346/4346 4410/4410 4411/4411
f 4346/4346 4411/4411 4347/4347
f 4347/4347 4411/4411 4412/4412
f 4347/4347 4412/4412 4348/4348
f 4348/4348 4412/4412 4413/4413
f 4348/4348 4413/4413 4349/4349
f 4349/4349 4413/4413 4414/4414
f 4349/4349 4414/4414 4350/4350
f 4350/4350 4414/4414 4415/4415
f 4350/4350 4415/4415 4351/4351
f 4351/4351 4415/4415 4416/4416
f 4351/4351 4416/4416 4352/4352
f 4352/4352 4416/4416 4417/4417
f 4352/4352 4417/4417 4353/4353
f 4353/4353 4417/4417 4418/4418
f 4353/4353 4418/4418 4354/4354
f 4354/4354 4418/4418 4419/4419
f 4354/4354 4419/4419 4355/4355
f 4355/4355 4419/4419 4420/4420
f 4355/4355 4420/4420 4356/4356
f 4356/4356 4420/4420 4421/4421
f 4356/4356 4421/4421 4357/4357
f 4357/4357 4421/4421 4422/4422
f 4357/4357 4422/4422 4358/4358
f 4358/4358 4422/4422 4423/4423
f 4358/4358 4423/4423 4359/4359
f 4359/4359 4423/4423 4424/4424
f 4359/4359 4424/4424 4360/4360
f 4360/4360 4424/4424 4425/4425
f 4360/4360 4425/4425 4361/4361
f 4361/4361 4425/4425 4426/4426
f 4361/4361 4426/4426 4362/4362
f 4362/4362 4426/4426 4427/4427
f 4362/4362 4427/4427 4363/4363
f 4363/4363 4427/4427 4428/4428
f 4363/4363 4428/4428 4364/4364
f 4364/4364 4428/4428 4429/4429
f 4364/4364 4429/4429 4365/4365
f 4365/4365 4429/4429 4430/4430
f 4365/4365 4430/4430 4366/4366
f 4366/4366 4430/4430 4431/4431
f 4366/4366 4431/4431 4367/4367
f 4367/4367 4431/4431 4432/4432
f 4367/4367 4432/4432 4368/4368
f 4368/4368 4432/4432 4433/4433
f 4368/4368 4433/4433 4369/4369
f 4369/4369 4433/4433 4434/4434
f 4369/4369 4434/4434 4370/4370
f 4370/4370 4434/4434 4435/4435
f 4370/4370 4435/4435 4371/4371
f 4371/4371 4435/4435 4436/4436
f 4371/4371 4436/4436 4372/4372
f 4372/4372 4436/4436 4437/4437
f 4372/4372 4437/4437 4373/4373
f 4373/4373 4437/4437 4438/4438
f 4373/4373 4438/4438 4374/4374
f 4374/4374 4438/4438 4439/4439
f 4374/4374 4439/4439 4375/4375
f 4375/4375 4439/4439 4440/4440
f 4376/4376 4441/4441 4377/4377
f 4377/4377 4441/4441 4442/4442
f 4377/4377 4442/4442 4378/4378
f 4378/4378 4442/4442 4443/4443
f 4378/4378 4443/4443 4379/4379
f 4379/4379 4443/4443 4444/4444
f 4379/4379 4444/4444 4380/4380
f 4380/4380 4444/4444 4445/4445
f 4380/4380 4445/4445 4381/4381
f 4381/4381 4445/4445 4446/4446
f 4381/4381 4446/4446 4382/4382
f 4382/4382 4446/4446 4447/4447
f 4382/4382 4447/4447 4383/4383
f 4383/4383 4447/4447 4448/4448
f 4383/4383 4448/4448 4384/4384
f 4384/4384 4448/4448 4449/4449
f 4384/4384 4449/4449 4385/4385
f 4385/4385 4449/4449 4450/4450
f 4385/4385 4450/4450 4386/4386
f 4386/4386 4450/4450 4451/4451
f 4386/4386 4451/4451 4387/4387
f 4387/4387 4451/4451 4452/4452
f 4387/4387 4452/4452 4388/4388
f 4388/4388 4452/4452 4453/4453
f 4388/4388 4453/4453 4389/4389
f 4389/4389 4453/4453 4454/4454
f 4389/4389 4454/4454 4390/4390
f 4390/4390 4454/4454 4455/4455
f 4390/4390 4455/4455 4391/4391
f 4391/4391 4455/4455 4456/4456
f 4391/4391 4456/4456 4392/4392
f 4392/4392 4456/4456 4457/4457
f 4392/4392 4457/4457 4393/4393
f 4393/4393 4457/4457 4458/4458
f 4393/4393 4458/4458 4394/4394
f 4394/4394 4458/4458 4459/4459
f 4394/4394 4459/4459 4395/4395
f 4395/4395 4459/4459 4460/4460
f 4395/4395 4460/4460 4396/4396
f 4396/4396 4460/4460 4461/4461
f 4396/4396 4461/4461 4397/4397
f 4397/4397 4461/4461 4462/4462
f 4397/4397 4462/4462 4398/4398
f 4398/4398 4462/4462 4463/4463
f 4398/4398 4463/4463 4399/4399
f 4399/4399 4463/4463 4464/4464
f 4399/4399 4464/4464 4400/4400
f 4400/4400 4464/4464 4465/4465
f 4400/4400 4465/4465 4401/4401
f 4401/4401 4465/4465 4466/4466
f 4401/4401 4466/4466 4402/4402
f 4402/4402 4466/4466 4467/4467
f 4402/4402 4467/4467 4403/4403
f 4403/4403 4467/4467 4468/4468
f 4403/4403 4468/4468 4404/4404
f 4404/4404 4468/4468 4469/4469
f 4404/4404 4469/4469 4405/4405
f 4405/4405 4469/4469 4470/4470
f 4405/4405 4470/4470 4406/4406
f 4406/4406 4470/4470 4471/4471
f 4406/4406 4471/4471 4407/4407
f 4407/4407 4471/4471 4472/4472
f 4407/4407 4472/4472 4408/4408
f 4408/4408 4472/4472 4473/4473
f 4408/4408 4473/4473 4409/4409
f 4409/4409 4473/4473 4474/4474
f 4409/4409 4474/4474 4410/4410
f 4410/4410 4474/4474 4475/4475
f 4410/4410 4475/4475 4411/4411
f 4411/4411 4475/4475 4476/4476
f 4411/4411 4476/4476 4412/4412
f 4412/4412 4476/4476 4477/4477
f 4412/4412 4477/4477 4413/4413
f 4413/4413 4477/4477 4478/4478
f 4413/4413 4478/4478 4414/4414
f 4414/4414 4478/4478 4479/4479
f 4414/4414 4479/4479 4415/4415
f 4415/4415 4479/4479 4480/4480
f 4415/4415 4480/4480 4416/4416
f 4416/4416 4480/4480 4481/4481
f 4416/4416 4481/4481 4417/4417
f 4417/4417 4481/4481 4482/4482
f 4417/4417 4482/4482 4418/4418
f 4418/4418 4482/4482 4483/4483
f 4418/4418 4483/4483 4419/4419
f 4419/4419 4483/4483 4484/4484
f 4419/4419 4484/4484 4420/4420
f 4420/4420 4484/4484 4485/4485
f 4420/4420 4485/4485 4421/4421
f 4421/4421 4485/4485 4486/4486
f 4421/4421 4486/4486 4422/4422
f 4422/4422 4486/4486 4487/4487
f 4422/4422 4487/4487 4423/4423
f 4423/4423 4487/4487 4488/4488
f 4423/4423 4488/4488 4424/4424
f 4424/4424 4488/4488 4489/4489
f 4424/4424 4489/4489 4425/4425
f 4425/4425 4489/4489 4490/4490
f 4425/4425 4490/4490 4426/4426
f 4426/4426 4490/4490 4491/4491
f 4426/4426 4491/4491 4427/4427
f 4427/4427 4491/4491 4492/4492
f 4427/4427 4492/4492 4428/4428
f 4428/4428 4492/4492 4493/4493
f 4428/4428 4493/4493 4429/4429
f 4429/4429 4493/4493 4494/4494
f 4429/4429 4494/4494 4430/4430
f 4430/4430 4494/4494 4495/4495
f 4430/4430 4495/4495 4431/4431
f 4431/4431 4495/4495 4496/4496
f 4431/4431 4496/4496 4432/4432
f 4432/4432 4496/4496 4497/4497
f 4432/4432 4497/4497 4433/4433
f 4433/4433 4497/4497 4498/4498
f 4433/4433 4498/4498 4434/4434
f 4434/4434 4498/4498 4499/4499
f 4434/4434 4499/4499 4435/4435
f 4435/4435 4499/4499 4500/4500
f 4435/4435 4500/4500 4436/4436
f 4436/4436 4500/4500 4501/4501
f 4436/4436 4501/4501 4437/4437
f 4437/4437 4501/4501 4502/4502
f 4437/4437 4502/4502 4438/4438
f 4438/4438 4502/4502 4503/4503
f 4438/4438 4503/4503 4439/4439
f 4439/4439 4503/4503 4504/4504
f 4439/4439 4504/4504 4440/4440
f 4440/4440 4504/4504 4505/4505
f 4441/4441 4506/4506 4442/4442
f 4442/4442 4506/4506 4507/4507
f 4442/4442 4507/4507 4443/4443
f 4443/4443 4507/4507 4508/4508
f 4443/4443 4508/4508 4444/4444
f 4444/4444 4508/4508 4509/4509
f 4444/4444 4509/4509 4445/4445
f 4445/4445 4509/4509 4510/4510
f 4445/4445 4510/4510 4446/4446
f 4446/4446 4510/4510 4511/4511
f 4446/4446 4511/4511 4447/4447
f 4447/4447 4511/4511 4512/4512
f 4447/4447 4512/4512 4448/4448
f 4448/4448 4512/4512 4513/4513
f 4448/4448 4513/4513 4449/4449
f 4449/4449 4513/4513 4514/4514
f 4449/4449 4514/4514 4450/4450
f 4450/4450 4514/4514 4515/4515
f 4450/4450 4515/4515 4451/4451
f 4451/4451 4515/4515 4516/4516
f 4451/4451 4516/4516 4452/4452
f 4452/4452 4516/4516 4517/4517
f 4452/4452 4517/4517 4453/4453
f 4453/4453 4517/4517 4518/4518
f 4453/4453 4518/4518 4454/4454
f 4454/4454 4518/4518 4519/4519
f 4454/4454 4519/4519 4455/4455
f 4455/4455 4519/4519 4520/4520
f 4455/4455 4520/4520 4456/4456
f 4456/4456 4520/4520 4521/4521
f 4456/4456 4521/4521 4457/4457
f 4457/4457 4521/4521 4522/4522
f 4457/4457 4522/4522 4458/4458
f 4458/4458 4522/4522 4523/4523
f 4458/4458 4523/4523 4459/4459
f 4459/4459 4523/4523 4524/4524
f 4459/4459 4524/4524 4460/4460
f 4460/4460 4524/4524 4525/4525
f 4460/4460 4525/4525 4461/4461
f 4461/4461 4525/4525 4526/4526
f 4461/4461 4526/4526 4462/4462
f 4462/4462 4526/4526 4527/4527
f 4462/4462 4527/4527 4463/4463
f 4463/4463 4527/4527 4528/4528
f 4463/4463 4528/4528 4464/4464
f 4464/4464 4528/4528 4529/4529
f 4464/4464 4529/4529 4465/4465
f 4465/4465 4529/4529 4530/4530
f 4465/4465 4530/4530 4466/4466
f 4466/4466 4530/4530 4531/4531
f 4466/4466 4531/4531 4467/4467
f 4467/4467 4531/4531 4532/4532
f 4467/4467 4532/4532 4468/4468
f 4468/4468 4532/4532 4533/4533
f 4468/4468 4533/4533 4469/4469
f 4469/4469 4533/4533 4534/4534
f 4469/4469 4534/4534 4470/4470
f 4470/4470 4534/4534 4535/4535
f 4470/4470 4535/4535 4471/4471
f 4471/4471 4535/4535 4536/4536
f 4471/4471 4536/4536 4472/4472
f 4472/4472 4536/4536 4537/4537
f 4472/4472 4537/4537 4473/4473
f 4473/4473 4537/4537 4538/4538
f 4473/4473 4538/4538 4474/4474
f 4474/4474 4538/4538 4539/4539
f 4474/4474 4539/4539 4475/4475
f 4475/4475 4539/4539 4540/4540
f 4475/4475 4540/4540 4476/4476
f 4476/4476 4540/4540 4541/4541
f 4476/4476 4541/4541 4477/4477
f 4477/4477 4541/4541 4542/4542
f 4477/4477 4542/4542 4478/4478
f 4478/4478 4542/4542 4543/4543
f 4478/4478 4543/4543 4479/4479
f 4479/4479 4543/4543 4544/4544
f 4479/4479 4544/4544 4480/4480
f 4480/4480 4544/4544 4545/4545
f 4480/4480 4545/4545 4481/4481
f 4481/4481 4545/4545 4546/4546
f 4481/4481 4546/4546 4482/4482
f 4482/4482 4546/4546 4547/4547
f 4482/4482 4547/4547 4483/4483
f 4483/4483 4547/4547 4548/4548
f 4483/4483 4548/4548 4484/4484
f 4484/4484 4548/4548 4549/4549
f 4484/4484 4549/4549 4485/4485
f 4485/4485 4549/4549 4550/4550
f 4485/4485 4550/4550 4486/4486
f 4486/4486 4550/4550 4551/4551
f 4486/4486 4551/4551 4487/4487
f 4487/4487 4551/4551 4552/4552
f 4487/4487 4552/4552 4488/4488
f 4488/4488 4552/4552 4553/4553
f 4488/4488 4553/4553 4489/4489
f 4489/4489 4553/4553 4554/4554
f 4489/4489 4554/4554 4490/4490
f 4490/4490 4554/4554 4555/4555
f 4490/4490 4555/4555 4491/4491
f 4491/4491 4555/4555 4556/4556
f 4491/4491 4556/4556 4492/4492
f 4492/4492 4556/4556 4557/4557
f 4492/4492 4557/4557 4493/4493
f 4493/4493 4557/4557 4558/4558
f 4493/4493 4558/4558 4494/4494
f 4494/4494 4558/4558 4559/4559
f 4494/4494 4559/4559 4495/4495
f 4495/4495 4559/4559 4560/4560
f 4495/4495 4560/4560 4496/4496
f 4496/4496 4560/4560 4561/4561
f 4496/4496 4561/4561 4497/4497
f 4497/4497 4561/4561 4562/4562
f 4497/4497 4562/4562 4498/4498
f 4498/4498 4562/4562 4563/4563
f 4498/4498 4563/4563 4499/4499
f 4499/4499 4563/4563 4564/4564
f 4499/4499 4564/4564 4500/4500
f 4500/4500 4564/4564 4565/4565
f 4500/4500 4565/4565 4501/4501
f 4501/4501 4565/4565 4566/4566
f 4501/4501 4566/4566 4502/4502
f 4502/4502 4566/4566 4567/4567
f 4502/4502 4567/4567 4503/4503
f 4503/4503 4567/4567 4568/4568
f 4503/4503 4568/4568 4504/4504
f 4504/4504 4568/4568 4569/4569
f 4504/4504 4569/4569 4505/4505
f 4505/4505 4569/4569 4570/4570
f 4506/4506 4571/4571 4507/4507
f 4507/4507 4571/4571 4572/4572
f 4507/4507 4572/4572 4508/4508
f 4508/4508 4572/4572 4573/4573
f 4508/4508 4573/4573 4509/4509
f 4509/4509 4573/4573 4574/4574
f 4509/4509 4574/4574 4510/4510
f 4510/4510 4574/4574 4575/4575
f 4510/4510 4575/4575 4511/4511
f 4511/4511 4575/4575 4576/4576
f 4511/4511 4576/4576 4512/4512
f 4512/4512 4576/4576 4577/4577
f 4512/4512 4577/4577 4513/4513
f 4513/4513 4577/4577 4578/4578
f 4513/4513 4578/4578 4514/4514
f 4514/4514 4578/4578 4579/4579
f 4514/4514 4579/4579 4515/4515
f 4515/4515 4579/4579 4580/4580
f 4515/4515 4580/4580 4516/4516
f 4516/4516 4580/4580 4581/4581
f 4516/4516 4581/4581 4517/4517
f 4517/4517 4581/4581 4582/4582
f 4517/4517 4582/4582 4518/4518
f 4518/4518 4582/4582 4583/4583
f 4518/4518 4583/4583 4519/4519
f 4519/4519 4583/4583 4584/4584
f 4519/4519 4584/4584 4520/4520
f 4520/4520 4584/4584 4585/4585
f 4520/4520 4585/4585 4521/4521
f 4521/4521 4585/4585 4586/4586
f 4521/4521 4586/4586 4522/4522
f 4522/4522 4586/4586 4587/4587
f 4522/4522 4587/4587 4523/4523
f 4523/4523 4587/4587 4588/4588
f 4523/4523 4588/4588 4524/4524
f 4524/4524 4588/4588 4589/4589
f 4524/4524 4589/4589 4525/4525
f 4525/4525 4589/4589 4590/4590
f 4525/4525 4590/4590 4526/4526
f 4526/4526 4590/4590 4591/4591
f 4526/4526 4591/4591 4527/4527
f 4527/4527 4591/4591 4592/4592
f 4527/4527 4592/4592 4528/4528
f 4528/4528 4592/4592 4593/4593
f 4528/4528 4593/4593 4529/4529
f 4529/4529 4593/4593 4594/4594
f 4529/4529 4594/4594 4530/4530
f 4530/4530 4594/4594 4595/4595
f 4530/4530 4595/4595 4531/4531
f 4531/4531 4595/4595 4596/4596
f 4531/4531 4596/4596 4532/4532
f 4532/4532 4596/4596 4597/4597
f 4532/4532 4597/4597 4533/4533
f 4533/4533 4597/4597 4598/4598
f 4533/4533 4598/4598 4534/4534
f 4534/4534 4598/4598 4599/4599
f 4534/4534 4599/4599 4535/4535
f 4535/4535 4599/4599 4600/4600
f 4535/4535 4600/4600 4536/4536
f 4536/4536 4600/4600 4601/4601
f 4536/4536 4601/4601 4537/4537
f 4537/4537 4601/4601 4602/4602
f 4537/4537 4602/4602 4538/4538
f 4538/4538 4602/4602 4603/4603
f 4538/4538 4603/4603 4539/4539
f 4539/4539 4603/4603 4604/4604
f 4539/4539 4604/4604 4540/4540
f 4540/4540 4604/4604 4605/4605
f 4540/4540 4605/4605 4541/4541
f 4541/4541 4605/4605 4606/4606
f 4541/4541 4606/4606 4542/4542
f 4542/4542 4606/4606 4607/4607
f 4542/4542 4607/4607 4543/4543
f 4543/4543 4607/4607 4608/4608
f 4543/4543 4608/4608 4544/4544
f 4544/4544 4608/4608 4609/4609
f 4544/4544 4609/4609 4545/4545
f 4545/4545 4609/4609 4610/4610
f 4545/4545 4610/4610 4546/4546
f 4546/4546 4610/4610 4611/4611
f 4546/4546 4611/4611 4547/4547
f 4547/4547 4611/4611 4612/4612
f 4547/4547 4612/4612 4548/4548
f 4548/4548 4612/4612 4613/4613
f 4548/4548 4613/4613 4549/4549
f 4549/4549 4613/4613 4614/4614
f 4549/4549 4614/4614 4550/4550
f 4550/4550 4614/4614 4615/4615
f 4550/4550 4615/4615 4551/4551
f 4551/4551 4615/4615 4616/4616
f 4551/4551 4616/4616 4552/4552
f 4552/4552 4616/4616 4617/4617
f 4552/4552 4617/4617 4553/4553
f 4553/4553 4617/4617 4618/4618
f 4553/4553 4618/4618 4554/4554
f 4554/4554 4618/4618 4619/4619
f 4554/4554 4619/4619 4555/4555
f 4555/4555 4619/4619 4620/4620
f 4555/4555 4620/4620 4556/4556
f 4556/4556 4620/4620 4621/4621
f 4556/4556 4621/4621 4557/4557
f 4557/4557 4621/4621 4622/4622
f 4557/4557 4622/4622 4558/4558
f 4558/4558 4622/4622 4623/4623
f 4558/4558 4623/4623 4559/4559
f 4559/4559 4623/4623 4624/4624
f 4559/4559 4624/4624 4560/4560
f 4560/4560 4624/4624 4625/4625
f 4560/4560 4625/4625 4561/4561
f 4561/4561 4625/4625 4626/4626
f 4561/4561 4626/4626 4562/4562
f 4562/4562 4626/4626 4627/4627
f 4562/4562 4627/4627 4563/4563
f 4563/4563 4627/4627 4628/4628
f 4563/4563 4628/4628 4564/4564
f 4564/4564 4628/4628 4629/4629
f 4564/4564 4629/4629 4565/4565
f 4565/4565 4629/4629 4630/4630
f 4565/4565 4630/4630 4566/4566
f 4566/4566 4630/4630 4631/4631
f 4566/4566 4631/4631 4567/4567
f 4567/4567 4631/4631 4632/4632
f 4567/4567 4632/4632 4568/4568
f 4568/4568 4632/4632 4633/4633
f 4568/4568 4633/4633 4569/4569
f 4569/4569 4633/4633 4634/4634
f 4569/4569 4634/4634 4570/4570
f 4570/4570 4634/4634 4635/4635
f 4571/4571 4636/4636 4572/4572
f 4572/4572 4636/4636 4637/4637
f 4572/4572 4637/4637 4573/4573
f 4573/4573 4637/4637 4638/4638
f 4573/4573 4638/4638 4574/4574
f 4574/4574 4638/4638 4639/4639
f 4574/4574 4639/4639 4575/4575
f 4575/4575 4639/4639 4640/4640
f 4575/4575 4640/4640 4576/4576
f 4576/4576 4640/4640 4641/4641
f 4576/4576 4641/4641 4577/4577
f 4577/4577 4641/4641 4642/4642
f 4577/4577 4642/4642 4578/4578
f 4578/4578 4642/4642 4643/4643
f 4578/4578 4643/4643 4579/4579
f 4579/4579 4643/4643 4644/4644
f 4579/4579 4644/4644 4580/4580
f 4580/4580 4644/4644 4645/4645
f 4580/4580 4645/4645 4581/4581
f 4581/4581 4645/4645 4646/4646
f 4581/4581 4646/4646 4582/4582
f 4582/4582 4646/4646 4647/4647
f 4582/4582 4647/4647 4583/4583
f 4583/4583 4647/4647 4648/4648
f 4583/4583 4648/4648 4584/4584
f 4584/4584 4648/4648 4649/4649
f 4584/4584 4649/4649 4585/4585
f 4585/4585 4649/4649 4650/4650
f 4585/4585 4650/4650 4586/4586
f 4586/4586 4650/4650 4651/4651
f 4586/4586 4651/4651 4587/4587
f 4587/4587 4651/4651 4652/4652
f 4587/4587 4652/4652 4588/4588
f 4588/4588 4652/4652 4653/4653
f 4588/4588 4653/4653 4589/4589
f 4589/4589 4653/4653 4654/4654
f 4589/4589 4654/4654 4590/4590
f 4590/4590 4654/4654 4655/4655
f 4590/4590 4655/4655 4591/4591
f 4591/4591 4655/4655 4656/4656
f 4591/4591 4656/4656 4592/4592
f 4592/4592 4656/4656 4657/4657
f 4592/4592 4657/4657 4593/4593
f 4593/4593 4657/4657 4658/4658
f 4593/4593 4658/4658 4594/4594
f 4594/4594 4658/4658 4659/4659
f 4594/4594 4659/4659 4595/4595
f 4595/4595 4659/4659 4660/4660
f 4595/4595 4660/4660 4596/4596
f 4596/4596 4660/4660 4661/4661
f 4596/4596 4661/4661 4597/4597
f 4597/4597 4661/4661 4662/4662
f 4597/4597 4662/4662 4598/4598
f 4598/4598 4662/4662 4663/4663
f 4598/4598 4663/4663 4599/4599
f 4599/4599 4663/4663 4664/4664
f 4599/4599 4664/4664 4600/4600
f 4600/4600 4664/4664 4665/4665
f 4600/4600 4665/4665 4601/4601
f 4601/4601 4665/4665 4666/4666
f 4601/4601 4666/4666 4602/4602
f 4602/4602 4666/4666 4667/4667
f 4602/4602 4667/4667 4603/4603
f 4603/4603 4667/4667 4668/4668
f 4603/4603 4668/4668 4604/4604
f 4604/4604 4668/4668 4669/4669
f 4604/4604 4669/4669 4605/4605
f 4605/4605 4669/4669 4670/4670
f 4605/4605 4670/4670 4606/4606
f 4606/4606 4670/4670 4671/4671
f 4606/4606 4671/4671 4607/4607
f 4607/4607 4671/4671 4672/4672
f 4607/4607 4672/4672 4608/4608
f 4608/4608 4672/4672 4673/4673
f 4608/4608 4673/4673 4609/4609
f 4609/4609 4673/4673 4674/4674
f 4609/4609 4674/4674 4610/4610
f 4610/4610 4674/4674 4675/4675
f 4610/4610 4675/4675 4611/4611
f 4611/4611 4675/4675 4676/4676
f 4611/4611 4676/4676 4612/4612
f 4612/4612 4676/4676 4677/4677
f 4612/4612 4677/4677 4613/4613
f 4613/4613 4677/4677 4678/4678
f 4613/4613 4678/4678 4614/4614
f 4614/4614 4678/4678 4679/4679
f 4614/4614 4679/4679 4615/4615
f 4615/4615 4679/4679 4680/4680
f 4615/4615 4680/4680 4616/4616
f 4616/4616 4680/4680 4681/4681
f 4616/4616 4681/4681 4617/4617
f 4617/4617 4681/4681 4682/4682
f 4617/4617 4682/4682 4618/4618
f 4618/4618 4682/4682 4683/4683
f 4618/4618 4683/4683 4619/4619
f 4619/4619 4683/4683 4684/4684
f 4619/4619 4684/4684 4620/4620
f 4620/4620 4684/4684 4685/4685
f 4620/4620 4685/4685 4621/4621
f 4621/4621 4685/4685 4686/4686
f 4621/4621 4686/4686 4622/4622
f 4622/4622 4686/4686 4687/4687
f 4622/4622 4687/4687 4623/4623
f 4623/4623 4687/4687 4688/4688
f 4623/4623 4688/4688 4624/4624
f 4624/4624 4688/4688 4689/4689
f 4624/4624 4689/4689 4625/4625
f 4625/4625 4689/4689 4690/4690
f 4625/4625 4690/4690 4626/4626
f 4626/4626 4690/4690 4691/4691
f 4626/4626 4691/4691 4627/4627
f 4627/4627 4691/4691 4692/4692
f 4627/4627 4692/4692 4628/4628
f 4628/4628 4692/4692 4693/4693
f 4628/4628 4693/4693 4629/4629
f 4629/4629 4693/4693 4694/4694
f 4629/4629 4694/4694 4630/4630
f 4630/4630 4694/4694 4695/4695
f 4630/4630 4695/4695 4631/4631
f 4631/4631 4695/4695 4696/4696
f 4631/4631 4696/4696 4632/4632
f 4632/4632 4696/4696 4697/4697
f 4632/4632 4697/4697 4633/4633
f 4633/4633 4697/4697 4698/4698
f 4633/4633 4698/4698 4634/4634
f 4634/4634 4698/4698 4699/4699
f 4634/4634 4699/4699 4635/4635
f 4635/4635 4699/4699 4700/4700
f 4636/4636 4701/4701 4637/4637
f 4637/4637 4701/4701 4702/4702
f 4637/4637 4702/4702 4638/4638
f 4638/4638 4702/4702 4703/4703
f 4638/4638 4703/4703 4639/4639
f 4639/4639 4703/4703 4704/4704
f 4639/4639 4704/4704 4640/4640
f 4640/4640 4704/4704 4705/4705
f 4640/4640 4705/4705 4641/4641
f 4641/4641 4705/4705 4706/4706
f 4641/4641 4706/4706 4642/4642
f 4642/4642 4706/4706 4707/4707
f 4642/4642 4707/4707 4643/4643
f 4643/4643 4707/4707 4708/4708
f 4643/4643 4708/4708 4644/4644
f 4644/4644 4708/4708 4709/4709
f 4644/4644 4709/4709 4645/4645
f 4645/4645 4709/4709 4710/4710
f 4645/4645 4710/4710 4646/4646
f 4646/4646 4710/4710 4711/4711
f 4646/4646 4711/4711 4647/4647
f 4647/4647 4711/4711 4712/4712
f 4647/4647 4712/4712 4648/4648
f 4648/4648 4712/4712 4713/4713
f 4648/4648 4713/4713 4649/4649
f 4649/4649 4713/4713 4714/4714
f 4649/4649 4714/4714 4650/4650
f 4650/4650 4714/4714 4715/4715
f 4650/4650 4715/4715 4651/4651
f 4651/4651 4715/4715 4716/4716
f 4651/4651 4716/4716 4652/4652
f 4652/4652 4716/4716 4717/4717
f 4652/4652 4717/4717 4653/4653
f 4653/4653 4717/4717 4718/4718
f 4653/4653 4718/4718 4654/4654
f 4654/4654 4718/4718 4719/4719
f 4654/4654 4719/4719 4655/4655
f 4655/4655 4719/4719 4720/4720
f 4655/4655 4720/4720 4656/4656
f 4656/4656 4720/4720 4721/4721
f 4656/4656 4721/4721 4657/4657
f 4657/4657 4721/4721 4722/4722
f 4657/4657 4722/4722 4658/4658
f 4658/4658 4722/4722 4723/4723
f 4658/4658 4723/4723 4659/4659
f 4659/4659 4723/4723 4724/4724
f 4659/4659 4724/4724 4660/4660
f 4660/4660 4724/4724 4725/4725
f 4660/4660 4725/4725 4661/4661
f 4661/4661 4725/4725 4726/4726
f 4661/4661 4726/4726 4662/4662
f 4662/4662 4726/4726 4727/4727
f 4662/4662 4727/4727 4663/4663
f 4663/4663 4727/4727 4728/4728
f 4663/4663 4728/4728 4664/4664
f 4664/4664 4728/4728 4729/4729
f 4664/4664 4729/4729 4665/4665
f 4665/4665 4729/4729 4730/4730
f 4665/4665 4730/4730 4666/4666
f 4666/4666 4730/4730 4731/4731
f 4666/4666 4731/4731 4667/4667
f 4667/4667 4731/4731 4732/4732
f 4667/4667 4732/4732 4668/4668
f 4668/4668 4732/4732 4733/4733
f 4668/4668 4733/4733 4669/4669
f 4669/4669 4733/4733 4734/4734
f 4669/4669 4734/4734 4670/4670
f 4670/4670 4734/4734 4735/4735
f 4670/4670 4735/4735 4671/4671
f 4671/4671 4735/4735 4736/4736
f 4671/4671 4736/4736 4672/4672
f 4672/4672 4736/4736 4737/4737
f 4672/4672 4737/4737 4673/4673
f 4673/4673 4737/4737 4738/4738
f 4673/4673 4738/4738 4674/4674
f 4674/4674 4738/4738 4739/4739
f 4674/4674 4739/4739 4675/4675
f 4675/4675 4739/4739 4740/4740
f 4675/4675 4740/4740 4676/4676
f 4676/4676 4740/4740 4741/4741
f 4676/4676 4741/4741 4677/4677
f 4677/4677 4741/4741 4742/4742
f 4677/4677 4742/4742 4678/4678
f 4678/4678 4742/4742 4743/4743
f 4678/4678 4743/4743 4679/4679
f 4679/4679 4743/4743 4744/4744
f 4679/4679 4744/4744 4680/4680
f 4680/4680 4744/4744 4745/4745
f 4680/4680 4745/4745 4681/4681
f 4681/4681 4745/4745 4746/4746
f 4681/4681 4746/4746 4682/4682
f 4682/4682 4746/4746 4747/4747
f 4682/4682 4747/4747 4683/4683
f 4683/4683 4747/4747 4748/4748
f 4683/4683 4748/4748 4684/4684
f 4684/4684 4748/4748 4749/4749
f 4684/4684 4749/4749 4685/4685
f 4685/4685 4749/4749 4750/4750
f 4685/4685 4750/4750 4686/4686
f 4686/4686 4750/4750 4751/4751
f 4686/4686 4751/4751 4687/4687
f 4687/4687 4751/4751 4752/4752
f 4687/4687 4752/4752 4688/4688
f 4688/4688 4752/4752 4753/4753
f 4688/4688 4753/4753 4689/4689
f 4689/4689 4753/4753 4754/4754
f 4689/4689 4754/4754 4690/4690
f 4690/4690 4754/4754 4755/4755
f 4690/4690 4755/4755 4691/4691
f 4691/4691 4755/4755 4756/4756
f 4691/4691 4756/4756 4692/4692
f 4692/4692 4756/4756 4757/4757
f 4692/4692 4757/4757 4693/4693
f 4693/4693 4757/4757 4758/4758
f 4693/4693 4758/4758 4694/4694
f 4694/4694 4758/4758 4759/4759
f 4694/4694 4759/4759 4695/4695
f 4695/4695 4759/4759 4760/4760
f 4695/4695 4760/4760 4696/4696
f 4696/4696 4760/4760 4761/4761
f 4696/4696 4761/4761 4697/4697
f 4697/4697 4761/4761 4762/4762
f 4697/4697 4762/4762 4698/4698
f 4698/4698 4762/4762 4763/4763
f 4698/4698 4763/4763 4699/4699
f 4699/4699 4763/4763 4764/4764
f 4699/4699 4764/4764 4700/4700
f 4700/4700 4764/4764 4765/4765
f 4701/4701 4766/4766 4702/4702
f 4702/4702 4766/4766 4767/4767
f 4702/4702 4767/4767 4703/4703
f 4703/4703 4767/4767 4768/4768
f 4703/4703 4768/4768 4704/4704
f 4704/4704 4768/4768 4769/4769
f 4704/4704 4769/4769 4705/4705
f 4705/4705 4769/4769 4770/4770
f 4705/4705 4770/4770 4706/4706
f 4706/4706 4770/4770 4771/4771
f 4706/4706 4771/4771 4707/4707
f 4707/4707 4771/4771 4772/4772
f 4707/4707 4772/4772 4708/4708
f 4708/4708 4772/4772 4773/4773
f 4708/4708 4773/4773 4709/4709
f 4709/4709 4773/4773 4774/4774
f 4709/4709 4774/4774 4710/4710
f 4710/4710 4774/4774 4775/4775
f 4710/4710 4775/4775 4711/4711
f 4711/4711 4775/4775 4776/4776
f 4711/4711 4776/4776 4712/4712
f 4712/4712 4776/4776 4777/4777
f 4712/4712 4777/4777 4713/4713
f 4713/4713 4777/4777 4778/4778
f 4713/4713 4778/4778 4714/4714
f 4714/4714 4778/4778 4779/4779
f 4714/4714 4779/4779 4715/4715
f 4715/4715 4779/4779 4780/4780
f 4715/4715 4780/4780 4716/4716
f 4716/4716 4780/4780 4781/4781
f 4716/4716 4781/4781 4717/4717
f 4717/4717 4781/4781 4782/4782
f 4717/4717 4782/4782 4718/4718
f 4718/4718 4782/4782 4783/4783
f 4718/4718 4783/4783 4719/4719
f 4719/4719 4783/4783 4784/4784
f 4719/4719 4784/4784 4720/4720
f 4720/4720 4784/4784 4785/4785
f 4720/4720 4785/4785 4721/4721
f 4721/4721 4785/4785 4786/4786
f 4721/4721 4786/4786 4722/4722
f 4722/4722 4786/4786 4787/4787
f 4722/4722 4787/4787 4723/4723
f 4723/4723 4787/4787 4788/4788
f 4723/4723 4788/4788 4724/4724
f 4724/4724 4788/4788 4789/4789
f 4724/4724 4789/4789 4725/4725
f 4725/4725 4789/4789 4790/4790
f 4725/4725 4790/4790 4726/4726
f 4726/4726 4790/4790 4791/4791
f 4726/4726 4791/4791 4727/4727
f 4727/4727 4791/4791 4792/4792
f 4727/4727 4792/4792 4728/4728
f 4728/4728 4792/4792 4793/4793
f 4728/4728 4793/4793 4729/4729
f 4729/4729 4793/4793 4794/4794
f 4729/4729 4794/4794 4730/4730
f 4730/4730 4794/4794 4795/4795
f 4730/4730 4795/4795 4731/4731
f 4731/4731 4795/4795 4796/4796
f 4731/4731 4796/4796 4732/4732
f 4732/4732 4796/4796 4797/4797
f 4732/4732 4797/4797 4733/4733
f 4733/4733 4797/4797 4798/4798
f 4733/4733 4798/4798 4734/4734
f 4734/4734 4798/4798 4799/4799
f 4734/4734 4799/4799 4735/4735
f 4735/4735 4799/4799 4800/4800
f 4735/4735 4800/4800 4736/4736
f 4736/4736 4800/4800 4801/4801
f 4736/4736 4801/4801 4737/4737
f 4737/4737 4801/4801 4802/4802
f 4737/4737 4802/4802 4738/4738
f 4738/4738 4802/4802 4803/4803
f 4738/4738 4803/4803 4739/4739
f 4739/4739 4803/4803 4804/4804
f 4739/4739 4804/4804 4740/4740
f 4740/4740 4804/4804 4805/4805
f 4740/4740 4805/4805 4741/4741
f 4741/4741 4805/4805 4806/4806
f 4741/4741 4806/4806 4742/4742
f 4742/4742 4806/4806 4807/4807
f 4742/4742 4807/4807 4743/4743
f 4743/4743 4807/4807 4808/4808
f 4743/4743 4808/4808 4744/4744
f 4744/4744 4808/4808 4809/4809
f 4744/4744 4809/4809 4745/4745
f 4745/4745 4809/4809 4810/4810
f 4745/4745 4810/4810 4746/4746
f 4746/4746 4810/4810 4811/4811
f 4746/4746 4811/4811 4747/4747
f 4747/4747 4811/4811 4812/4812
f 4747/4747 4812/4812 4748/4748
f 4748/4748 4812/4812 4813/4813
f 4748/4748 4813/4813 4749/4749
f 4749/4749 4813/4813 4814/4814
f 4749/4749 4814/4814 4750/4750
f 4750/4750 4814/4814 4815/4815
f 4750/4750 4815/4815 4751/4751
f 4751/4751 4815/4815 4816/4816
f 4751/4751 4816/4816 4752/4752
f 4752/4752 4816/4816 4817/4817
f 4752/4752 4817/4817 4753/4753
f 4753/4753 4817/4817 4818/4818
f 4753/4753 4818/4818 4754/4754
f 4754/4754 4818/4818 4819/4819
f 4754/4754 4819/4819 4755/4755
f 4755/4755 4819/4819 4820/4820
f 4755/4755 4820/4820 4756/4756
f 4756/4756 4820/4820 4821/4821
f 4756/4756 4821/4821 4757/4757
f 4757/4757 4821/4821 4822/4822
f 4757/4757 4822/4822 4758/4758
f 4758/4758 4822/4822 4823/4823
f 4758/4758 4823/4823 4759/4759
f 4759/4759 4823/4823 4824/4824
f 4759/4759 4824/4824 4760/4760
f 4760/4760 4824/4824 4825/4825
f 4760/4760 4825/4825 4761/4761
f 4761/4761 4825/4825 4826/4826
f 4761/4761 4826/4826 4762/4762
f 4762/4762 4826/4826 4827/4827
f 4762/4762 4827/4827 4763/4763
f 4763/4763 4827/4827 4828/4828
f 4763/4763 4828/4828 4764/4764
f 4764/4764 4828/4828 4829/4829
f 4764/4764 4829/4829 4765/4765
f 4765/4765 4829/4829 4830/4830
f 4766/4766 4831/4831 4767/4767
f 4767/4767 4831/4831 4832/4832
f 4767/4767 4832/4832 4768/4768
f 4768/4768 4832/4832 4833/4833
f 4768/4768 4833/4833 4769/4769
f 4769/4769 4833/4833 4834/4834
f 4769/4769 4834/4834 4770/4770
f 4770/4770 4834/4834 4835/4835
f 4770/4770 4835/4835 4771/4771
f 4771/4771 4835/4835 4836/4836
f 4771/4771 4836/4836 4772/4772
f 4772/4772 4836/4836 4837/4837
f 4772/4772 4837/4837 4773/4773
f 4773/4773 4837/4837 4838/4838
f 4773/4773 4838/4838 4774/4774
f 4774/4774 4838/4838 4839/4839
f 4774/4774 4839/4839 4775/4775
f 4775/4775 4839/4839 4840/4840
f 4775/4775 4840/4840 4776/4776
f 4776/4776 4840/4840 4841/4841
f 4776/4776 4841/4841 4777/4777
f 4777/4777 4841/4841 4842/4842
f 4777/4777 4842/4842 4778/4778
f 4778/4778 4842/4842 4843/4843
f 4778/4778 4843/4843 4779/4779
f 4779/4779 4843/4843 4844/4844
f 4779/4779 4844/4844 4780/4780
f 4780/4780 4844/4844 4845/4845
f 4780/4780 4845/4845 4781/4781
f 4781/4781 4845/4845 4846/4846
f 4781/4781 4846/4846 4782/4782
f 4782/4782 4846/4846 4847/4847
f 4782/4782 4847/4847 4783/4783
f 4783/4783 4847/4847 4848/4848
f 4783/4783 4848/4848 4784/4784
f 4784/4784 4848/4848 4849/4849
f 4784/4784 4849/4849 4785/4785
f 4785/4785 4849/4849 4850/4850
f 4785/4785 4850/4850 4786/4786
f 4786/4786 4850/4850 4851/4851
f 4786/4786 4851/4851 4787/4787
f 4787/4787 4851/4851 4852/4852
f 4787/4787 4852/4852 4788/4788
f 4788/4788 4852/4852 4853/4853
f 4788/4788 4853/4853 4789/4789
f 4789/4789 4853/4853 4854/4854
f 4789/4789 4854/4854 4790/4790
f 4790/4790 4854/4854 4855/4855
f 4790/4790 4855/4855 4791/4791
f 4791/4791 4855/4855 4856/4856
f 4791/4791 4856/4856 4792/4792
f 4792/4792 4856/4856 4857/4857
f 4792/4792 4857/4857 4793/4793
f 4793/4793 4857/4857 4858/4858
f 4793/4793 4858/4858 4794/4794
f 4794/4794 4858/4858 4859/4859
f 4794/4794 4859/4859 4795/4795
f 4795/4795 4859/4859 4860/4860
f 4795/4795 4860/4860 4796/4796
f 4796/4796 4860/4860 4861/4861
f 4796/4796 4861/4861 4797/4797
f 4797/4797 4861/4861 4862/4862
f 4797/4797 4862/4862 4798/4798
f 4798/4798 4862/4862 4863/4863
f 4798/4798 4863/4863 4799/4799
f 4799/4799 4863/4863 4864/4864
f 4799/4799 4864/4864 4800/4800
f 4800/4800 4864/4864 4865/4865
f 4800/4800 4865/4865 4801/4801
f 4801/4801 4865/4865 4866/4866
f 4801/4801 4866/4866 4802/4802
f 4802/4802 4866/4866 4867/4867
f 4802/4802 4867/4867 4803/4803
f 4803/4803 4867/4867 4868/4868
f 4803/4803 4868/4868 4804/4804
f 4804/4804 4868/4868 4869/4869
f 4804/4804 4869/4869 4805/4805
f 4805/4805 4869/4869 4870/4870
f 4805/4805 4870/4870 4806/4806
f 4806/4806 4870/4870 4871/4871
f 4806/4806 4871/4871 4807/4807
f 4807/4807 4871/4871 4872/4872
f 4807/4807 4872/4872 4808/4808
f 4808/4808 4872/4872 4873/4873
f 4808/4808 4873/4873 4809/4809
f 4809/4809 4873/4873 4874/4874
f 4809/4809 4874/4874 4810/4810
f 4810/4810 4874/4874 4875/4875
f 4810/4810 4875/4875 4811/4811
f 4811/4811 4875/4875 4876/4876
f 4811/4811 4876/4876 4812/4812
f 4812/4812 4876/4876 4877/4877
f 4812/4812 4877/4877 4813/4813
f 4813/4813 4877/4877 4878/4878
f 4813/4813 4878/4878 4814/4814
f 4814/4814 4878/4878 4879/4879
f 4814/4814 4879/4879 4815/4815
f 4815/4815 4879/4879 4880/4880
f 4815/4815 4880/4880 4816/4816
f 4816/4816 4880/4880 4881/4881
f 4816/4816 4881/4881 4817/4817
f 4817/4817 4881/4881 4882/4882
f 4817/4817 4882/4882 4818/4818
f 4818/4818 4882/4882 4883/4883
f 4818/4818 4883/4883 4819/4819
f 4819/4819 4883/4883 4884/4884
f 4819/4819 4884/4884 4820/4820
f 4820/4820 4884/4884 4885/4885
f 4820/4820 4885/4885 4821/4821
f 4821/4821 4885/4885 4886/4886
f 4821/4821 4886/4886 4822/4822
f 4822/4822 4886/4886 4887/4887
f 4822/4822 4887/4887 4823/4823
f 4823/4823 4887/4887 4888/4888
f 4823/4823 4888/4888 4824/4824
f 4824/4824 4888/4888 4889/4889
f 4824/4824 4889/4889 4825/4825
f 4825/4825 4889/4889 4890/4890
f 4825/4825 4890/4890 4826/4826
f 4826/4826 4890/4890 4891/4891
f 4826/4826 4891/4891 4827/4827
f 4827/4827 4891/4891 4892/4892
f 4827/4827 4892/4892 4828/4828
f 4828/4828 4892/4892 4893/4893
f 4828/4828 4893/4893 4829/4829
f 4829/4829 4893/4893 4894/4894
f 4829/4829 4894/4894 4830/4830
f 4830/4830 4894/4894 4895/4895
f 4831/4831 4896/4896 4832/4832
f 4832/4832 4896/4896 4897/4897
f 4832/4832 4897/4897 4833/4833
f 4833/4833 4897/4897 4898/4898
f 4833/4833 4898/4898 4834/4834
f 4834/4834 4898/4898 4899/4899
f 4834/4834 4899/4899 4835/4835
f 4835/4835 4899/4899 4900/4900
f 4835/4835 4900/4900 4836/4836
f 4836/4836 4900/4900 4901/4901
f 4836/4836 4901/4901 4837/4837
f 4837/4837 4901/4901 4902/4902
f 4837/4837 4902/4902 4838/4838
f 4838/4838 4902/4902 4903/4903
f 4838/4838 4903/4903 4839/4839
f 4839/4839 4903/4903 4904/4904
f 4839/4839 4904/4904 4840/4840
f 4840/4840 4904/4904 4905/4905
f 4840/4840 4905/4905 4841/4841
f 4841/4841 4905/4905 4906/4906
f 4841/4841 4906/4906 4842/4842
f 4842/4842 4906/4906 4907/4907
f 4842/4842 4907/4907 4843/4843
f 4843/4843 4907/4907 4908/4908
f 4843/4843 4908/4908 4844/4844
f 4844/4844 4908/4908 4909/4909
f 4844/4844 4909/4909 4845/4845
f 4845/4845 4909/4909 4910/4910
f 4845/4845 4910/4910 4846/4846
f 4846/4846 4910/4910 4911/4911
f 4846/4846 4911/4911 4847/4847
f 4847/4847 4911/4911 4912/4912
f 4847/4847 4912/4912 4848/4848
f 4848/4848 4912/4912 4913/4913
f 4848/4848 4913/4913 4849/4849
f 4849/4849 4913/4913 4914/4914
f 4849/4849 4914/4914 4850/4850
f 4850/4850 4914/4914 4915/4915
f 4850/4850 4915/4915 4851/4851
f 4851/4851 4915/4915 4916/4916
f 4851/4851 4916/4916 4852/4852
f 4852/4852 4916/4916 4917/4917
f 4852/4852 4917/4917 4853/4853
f 4853/4853 4917/4917 4918/4918
f 4853/4853 4918/4918 4854/4854
f 4854/4854 4918/4918 4919/4919
f 4854/4854 4919/4919 4855/4855
f 4855/4855 4919/4919 4920/4920
f 4855/4855 4920/4920 4856/4856
f 4856/4856 4920/4920 4921/4921
f 4856/4856 4921/4921 4857/4857
f 4857/4857 4921/4921 4922/4922
f 4857/4857 4922/4922 4858/4858
f 4858/4858 4922/4922 4923/4923
f 4858/4858 4923/4923 4859/4859
f 4859/4859 4923/4923 4924/4924
f 4859/4859 4924/4924 4860/4860
f 4860/4860 4924/4924 4925/4925
f 4860/4860 4925/4925 4861/4861
f 4861/4861 4925/4925 4926/4926
f 4861/4861 4926/4926 4862/4862
f 4862/4862 4926/4926 4927/4927
f 4862/4862 4927/4927 4863/4863
f 4863/4863 4927/4927 4928/4928
f 4863/4863 4928/4928 4864/4864
f 4864/4864 4928/4928 4929/4929
f 4864/4864 4929/4929 4865/4865
f 4865/4865 4929/4929 4930/4930
f 4865/4865 4930/4930 4866/4866
f 4866/4866 4930/4930 4931/4931
f 4866/4866 4931/4931 4867/4867
f 4867/4867 4931/4931 4932/4932
f 4867/4867 4932/4932 4868/4868
f 4868/4868 4932/4932 4933/4933
f 4868/4868 4933/4933 4869/4869
f 4869/4869 4933/4933 4934/4934
f 4869/4869 4934/4934 4870/4870
f 4870/4870 4934/4934 4935/4935
f 4870/4870 4935/4935 4871/4871
f 4871/4871 4935/4935 4936/4936
f 4871/4871 4936/4936 4872/4872
f 4872/4872 4936/4936 4937/4937
f 4872/4872 4937/4937 4873/4873
f 4873/4873 4937/4937 4938/4938
f 4873/4873 4938/4938 4874/4874
f 4874/4874 4938/4938 4939/4939
f 4874/4874 4939/4939 4875/4875
f 4875/4875 4939/4939 4940/4940
f 4875/4875 4940/4940 4876/4876
f 4876/4876 4940/4940 4941/4941
f 4876/4876 4941/4941 4877/4877
f 4877/4877 4941/4941 4942/4942
f 4877/4877 4942/4942 4878/4878
f 4878/4878 4942/4942 4943/4943
f 4878/4878 4943/4943 4879/4879
f 4879/4879 4943/4943 4944/4944
f 4879/4879 4944/4944 4880/4880
f 4880/4880 4944/4944 4945/4945
f 4880/4880 4945/4945 4881/4881
f 4881/4881 4945/4945 4946/4946
f 4881/4881 4946/4946 4882/4882
f 4882/4882 4946/4946 4947/4947
f 4882/4882 4947/4947 4883/4883
f 4883/4883 4947/4947 4948/4948
f 4883/4883 4948/4948 4884/4884
f 4884/4884 4948/4948 4949/4949
f 4884/4884 4949/4949 4885/4885
f 4885/4885 4949/4949 4950/4950
f 4885/4885 4950/4950 4886/4886
f 4886/4886 4950/4950 4951/4951
f 4886/4886 4951/4951 4887/4887
f 4887/4887 4951/4951 4952/4952
f 4887/4887 4952/4952 4888/4888
f 4888/4888 4952/4952 4953/4953
f 4888/4888 4953/4953 4889/4889
f 4889/4889 4953/4953 4954/4954
f 4889/4889 4954/4954 4890/4890
f 4890/4890 4954/4954 4955/4955
f 4890/4890 4955/4955 4891/4891
f 4891/4891 4955/4955 4956/4956
f 4891/4891 4956/4956 4892/4892
f 4892/4892 4956/4956 4957/4957
f 4892/4892 4957/4957 4893/4893
f 4893/4893 4957/4957 4958/4958
f 4893/4893 4958/4958 4894/4894
f 4894/4894 4958/4958 4959/4959
f 4894/4894 4959/4959 4895/4895
f 4895/4895 4959/4959 4960/4960
f 4896/4896 4961/4961 4897/4897
f 4897/4897 4961/4961 4962/4962
f 4897/4897 4962/4962 4898/4898
f 4898/4898 4962/4962 4963/4963
f 4898/4898 4963/4963 4899/4899
f 4899/4899 4963/4963 4964/4964
f 4899/4899 4964/4964 4900/4900
f 4900/4900 4964/4964 4965/4965
f 4900/4900 4965/4965 4901/4901
f 4901/4901 4965/4965 4966/4966
f 4901/4901 4966/4966 4902/4902
f 4902/4902 4966/4966 4967/4967
f 4902/4902 4967/4967 4903/4903
f 4903/4903 4967/4967 4968/4968
f 4903/4903 4968/4968 4904/4904
f 4904/4904 4968/4968 4969/4969
f 4904/4904 4969/4969 4905/4905
f 4905/4905 4969/4969 4970/4970
f 4905/4905 4970/4970 4906/4906
f 4906/4906 4970/4970 4971/4971
f 4906/4906 4971/4971 4907/4907
f 4907/4907 4971/4971 4972/4972
f 4907/4907 4972/4972 4908/4908
f 4908/4908 4972/4972 4973/4973
f 4908/4908 4973/4973 4909/4909
f 4909/4909 4973/4973 4974/4974
f 4909/4909 4974/4974 4910/4910
f 4910/4910 4974/4974 4975/4975
f 4910/4910 4975/4975 4911/4911
f 4911/4911 4975/4975 4976/4976
f 4911/4911 4976/4976 4912/4912
f 4912/4912 4976/4976 4977/4977
f 4912/4912 4977/4977 4913/4913
f 4913/4913 4977/4977 4978/4978
f 4913/4913 4978/4978 4914/4914
f 4914/4914 4978/4978 4979/4979
f 4914/4914 4979/4979 4915/4915
f 4915/4915 4979/4979 4980/4980
f 4915/4915 4980/4980 4916/4916
f 4916/4916 4980/4980 4981/4981
f 4916/4916 4981/4981 4917/4917
f 4917/4917 4981/4981 4982/4982
f 4917/4917 4982/4982 4918/4918
f 4918/4918 4982/4982 4983/4983
f 4918/4918 4983/4983 4919/4919
f 4919/4919 4983/4983 4984/4984
f 4919/4919 4984/4984 4920/4920
f 4920/4920 4984/4984 4985/4985
f 4920/4920 4985/4985 4921/4921
f 4921/4921 4985/4985 4986/4986
f 4921/4921 4986/4986 4922/4922
f 4922/4922 4986/4986 4987/4987
f 4922/4922 4987/4987 4923/4923
f 4923/4923 4987/4987 4988/4988
f 4923/4923 4988/4988 4924/4924
f 4924/4924 4988/4988 4989/4989
f 4924/4924 4989/4989 4925/4925
f 4925/4925 4989/4989 4990/4990
f 4925/4925 4990/4990 4926/4926
f 4926/4926 4990/4990 4991/4991
f 4926/4926 4991/4991 4927/4927
f 4927/4927 4991/4991 4992/4992
f 4927/4927 4992/4992 4928/4928
f 4928/4928 4992/4992 4993/4993
f 4928/4928 4993/4993 4929/4929
f 4929/4929 4993/4993 4994/4994
f 4929/4929 4994/4994 4930/4930
f 4930/4930 4994/4994 4995/4995
f 4930/4930 4995/4995 4931/4931
f 4931/4931 4995/4995 4996/4996
f 4931/4931 4996/4996 4932/4932
f 4932/4932 4996/4996 4997/4997
f 4932/4932 4997/4997 4933/4933
f 4933/4933 4997/4997 4998/4998
f 4933/4933 4998/4998 4934/4934
f 4934/4934 4998/4998 4999/4999
f 4934/4934 4999/4999 4935/4935
f 4935/4935 4999/4999 5000/5000
f 4935/4935 5000/5000 4936/4936
f 4936/4936 5000/5000 5001/5001
f 4936/4936 5001/5001 4937/4937
f 4937/4937 5001/5001 5002/5002
f 4937/4937 5002/5002 4938/4938
f 4938/4938 5002/5002 5003/5003
f 4938/4938 5003/5003 4939/4939
f 4939/4939 5003/5003 5004/5004
f 4939/4939 5004/5004 4940/4940
f 4940/4940 5004/5004 5005/5005
f 4940/4940 5005/5005 4941/4941
f 4941/4941 5005/5005 5006/5006
f 4941/4941 5006/5006 4942/4942
f 4942/4942 5006/5006 5007/5007
f 4942/4942 5007/5007 4943/4943
f 4943/4943 5007/5007 5008/5008
f 4943/4943 5008/5008 4944/4944
f 4944/4944 5008/5008 5009/5009
f 4944/4944 5009/5009 4945/4945
f 4945/4945 5009/5009 5010/5010
f 4945/4945 5010/5010 4946/4946
f 4946/4946 5010/5010 5011/5011
f 4946/4946 5011/5011 4947/4947
f 4947/4947 5011/5011 5012/5012
f 4947/4947 5012/5012 4948/4948
f 4948/4948 5012/5012 5013/5013
f 4948/4948 5013/5013 4949/4949
f 4949/4949 5013/5013 5014/5014
f 4949/4949 5014/5014 4950/4950
f 4950/4950 5014/5014 5015/5015
f 4950/4950 5015/5015 4951/4951
f 4951/4951 5015/5015 5016/5016
f 4951/4951 5016/5016 4952/4952
f 4952/4952 5016/5016 5017/5017
f 4952/4952 5017/5017 4953/4953
f 4953/4953 5017/5017 5018/5018
f 4953/4953 5018/5018 4954/4954
f 4954/4954 5018/5018 5019/5019
f 4954/4954 5019/5019 4955/4955
f 4955/4955 5019/5019 5020/5020
f 4955/4955 5020/5020 4956/4956
f 4956/4956 5020/5020 5021/5021
f 4956/4956 5021/5021 4957/4957
f 4957/4957 5021/5021 5022/5022
f 4957/4957 5022/5022 4958/4958
f 4958/4958 5022/5022 5023/5023
f 4958/4958 5023/5023 4959/4959
f 4959/4959 5023/5023 5024/5024
f 4959/4959 5024/5024 4960/4960
f 4960/4960 5024/5024 5025/5025
f 4961/4961 5026/5026 4962/4962
f 4962/4962 5026/5026 5027/5027
f 4962/4962 5027/5027 4963/4963
f 4963/4963 5027/5027 5028/5028
f 4963/4963 5028/5028 4964/4964
f 4964/4964 5028/5028 5029/5029
f 4964/4964 5029/5029 4965/4965
f 4965/4965 5029/5029 5030/5030
f 4965/4965 5030/5030 4966/4966
f 4966/4966 5030/5030 5031/5031
f 4966/4966 5031/5031 4967/4967
f 4967/4967 5031/5031 5032/5032
f 4967/4967 5032/5032 4968/4968
f 4968/4968 5032/5032 5033/5033
f 4968/4968 5033/5033 4969/4969
f 4969/4969 5033/5033 5034/5034
f 4969/4969 5034/5034 4970/4970
f 4970/4970 5034/5034 5035/5035
f 4970/4970 5035/5035 4971/4971
f 4971/4971 5035/5035 5036/5036
f 4971/4971 5036/5036 4972/4972
f 4972/4972 5036/5036 5037/5037
f 4972/4972 5037/5037 4973/4973
f 4973/4973 5037/5037 5038/5038
f 4973/4973 5038/5038 4974/4974
f 4974/4974 5038/5038 5039/5039
f 4974/4974 5039/5039 4975/4975
f 4975/4975 5039/5039 5040/5040
f 4975/4975 5040/5040 4976/4976
f 4976/4976 5040/5040 5041/5041
f 4976/4976 5041/5041 4977/4977
f 4977/4977 5041/5041 5042/5042
f 4977/4977 5042/5042 4978/4978
f 4978/4978 5042/5042 5043/5043
f 4978/4978 5043/5043 4979/4979
f 4979/4979 5043/5043 5044/5044
f 4979/4979 5044/5044 4980/4980
f 4980/4980 5044/5044 5045/5045
f 4980/4980 5045/5045 4981/4981
f 4981/4981 5045/5045 5046/5046
f 4981/4981 5046/5046 4982/4982
f 4982/4982 5046/5046 5047/5047
f 4982/4982 5047/5047 4983/4983
f 4983/4983 5047/5047 5048/5048
f 4983/4983 5048/5048 4984/4984
f 4984/4984 5048/5048 5049/5049
f 4984/4984 5049/5049 4985/4985
f 4985/4985 5049/5049 5050/5050
f 4985/4985 5050/5050 4986/4986
f 4986/4986 5050/5050 5051/5051
f 4986/4986 5051/5051 4987/4987
f 4987/4987 5051/5051 5052/5052
f 4987/4987 5052/5052 4988/4988
f 4988/4988 5052/5052 5053/5053
f 4988/4988 5053/5053 4989/4989
f 4989/4989 5053/5053 5054/5054
f 4989/4989 5054/5054 4990/4990
f 4990/4990 5054/5054 5055/5055
f 4990/4990 5055/5055 4991/4991
f 4991/4991 5055/5055 5056/5056
f 4991/4991 5056/5056 4992/4992
f 4992/4992 5056/5056 5057/5057
f 4992/4992 5057/5057 4993/4993
f 4993/4993 5057/5057 5058/5058
f 4993/4993 5058/5058 4994/4994
f 4994/4994 5058/5058 5059/5059
f 4994/4994 5059/5059 4995/4995
f 4995/4995 5059/5059 5060/5060
f 4995/4995 5060/5060 4996/4996
f 4996/4996 5060/5060 5061/5061
f 4996/4996 5061/5061 4997/4997
f 4997/4997 5061/5061 5062/5062
f 4997/4997 5062/5062 4998/4998
f 4998/4998 5062/5062 5063/5063
f 4998/4998 5063/5063 4999/4999
f 4999/4999 5063/5063 5064/5064
f 4999/4999 5064/5064 5000/5000
f 5000/5000 5064/5064 5065/5065
f 5000/5000 5065/5065 5001/5001
f 5001/5001 5065/5065 5066/5066
f 5001/5001 5066/5066 5002/5002
f 5002/5002 5066/5066 5067/5067
f 5002/5002 5067/5067 5003/5003
f 5003/5003 5067/5067 5068/5068
f 5003/5003 5068/5068 5004/5004
f 5004/5004 5068/5068 5069/5069
f 5004/5004 5069/5069 5005/5005
f 5005/5005 5069/5069 5070/5070
f 5005/5005 5070/5070 5006/5006
f 5006/5006 5070/5070 5071/5071
f 5006/5006 5071/5071 5007/5007
f 5007/5007 5071/5071 5072/5072
f 5007/5007 5072/5072 5008/5008
f 5008/5008 5072/5072 5073/5073
f 5008/5008 5073/5073 5009/5009
f 5009/5009 5073/5073 5074/5074
f 5009/5009 5074/5074 5010/5010
f 5010/5010 5074/5074 5075/5075
f 5010/5010 5075/5075 5011/5011
f 5011/5011 5075/5075 5076/5076
f 5011/5011 5076/5076 5012/5012
f 5012/5012 5076/5076 5077/5077
f 5012/5012 5077/5077 5013/5013
f 5013/5013 5077/5077 5078/5078
f 5013/5013 5078/5078 5014/5014
f 5014/5014 5078/5078 5079/5079
f 5014/5014 5079/5079 5015/5015
f 5015/5015 5079/5079 5080/5080
f 5015/5015 5080/5080 5016/5016
f 5016/5016 5080/5080 5081/5081
f 5016/5016 5081/5081 5017/5017
f 5017/5017 5081/5081 5082/5082
f 5017/5017 5082/5082 5018/5018
f 5018/5018 5082/5082 5083/5083
f 5018/5018 5083/5083 5019/5019
f 5019/5019 5083/5083 5084/5084
f 5019/5019 5084/5084 5020/5020
f 5020/5020 5084/5084 5085/5085
f 5020/5020 5085/5085 5021/5021
f 5021/5021 5085/5085 5086/5086
f 5021/5021 5086/5086 5022/5022
f 5022/5022 5086/5086 5087/5087
f 5022/5022 5087/5087 5023/5023
f 5023/5023 5087/5087 5088/5088
f 5023/5023 5088/5088 5024/5024
f 5024/5024 5088/5088 5089/5089
f 5024/5024 5089/5089 5025/5025
f 5025/5025 5089/5089 5090/5090
f 5026/5026 5091/5091 5027/5027
f 5027/5027 5091/5091 5092/5092
f 5027/5027 5092/5092 5028/5028
f 5028/5028 5092/5092 5093/5093
f 5028/5028 5093/5093 5029/5029
f 5029/5029 5093/5093 5094/5094
f 5029/5029 5094/5094 5030/5030
f 5030/5030 5094/5094 5095/5095
f 5030/5030 5095/5095 5031/5031
f 5031/5031 5095/5095 5096/5096
f 5031/5031 5096/5096 5032/5032
f 5032/5032 5096/5096 5097/5097
f 5032/5032 5097/5097 5033/5033
f 5033/5033 5097/5097 5098/5098
f 5033/5033 5098/5098 5034/5034
f 5034/5034 5098/5098 5099/5099
f 5034/5034 5099/5099 5035/5035
f 5035/5035 5099/5099 5100/5100
f 5035/5035 5100/5100 5036/5036
f 5036/5036 5100/5100 5101/5101
f 5036/5036 5101/5101 5037/5037
f 5037/5037 5101/5101 5102/5102
f 5037/5037 5102/5102 5038/5038
f 5038/5038 5102/5102 5103/5103
f 5038/5038 5103/5103 5039/5039
f 5039/5039 5103/5103 5104/5104
f 5039/5039 5104/5104 5040/5040
f 5040/5040 5104/5104 5105/5105
f 5040/5040 5105/5105 5041/5041
f 5041/5041 5105/5105 5106/5106
f 5041/5041 5106/5106 5042/5042
f 5042/5042 5106/5106 5107/5107
f 5042/5042 5107/5107 5043/5043
f 5043/5043 5107/5107 5108/5108
f 5043/5043 5108/5108 5044/5044
f 5044/5044 5108/5108 5109/5109
f 5044/5044 5109/5109 5045/5045
f 5045/5045 5109/5109 5110/5110
f 5045/5045 5110/5110 5046/5046
f 5046/5046 5110/5110 5111/5111
f 5046/5046 5111/5111 5047/5047
f 5047/5047 5111/5111 5112/5112
f 5047/5047 5112/5112 5048/5048
f 5048/5048 5112/5112 5113/5113
f 5048/5048 5113/5113 5049/5049
f 5049/5049 5113/5113 5114/5114
f 5049/5049 5114/5114 5050/5050
f 5050/5050 5114/5114 5115/5115
f 5050/5050 5115/5115 5051/5051
f 5051/5051 5115/5115 5116/5116
f 5051/5051 5116/5116 5052/5052
f 5052/5052 5116/5116 5117/5117
f 5052/5052 5117/5117 5053/5053
f 5053/5053 5117/5117 5118/5118
f 5053/5053 5118/5118 5054/5054
f 5054/5054 5118/5118 5119/5119
f 5054/5054 5119/5119 5055/5055
f 5055/5055 5119/5119 5120/5120
f 5055/5055 5120/5120 5056/5056
f 5056/5056 5120/5120 5121/5121
f 5056/5056 5121/5121 5057/5057
f 5057/5057 5121/5121 5122/5122
f 5057/5057 5122/5122 5058/5058
f 5058/5058 5122/5122 5123/5123
f 5058/5058 5123/5123 5059/5059
f 5059/5059 5123/5123 5124/5124
f 5059/5059 5124/5124 5060/5060
f 5060/5060 5124/5124 5125/5125
f 5060/5060 5125/5125 5061/5061
f 5061/5061 5125/5125 5126/5126
f 5061/5061 5126/5126 5062/5062
f 5062/5062 5126/5126 5127/5127
f 5062/5062 5127/5127 5063/5063
f 5063/5063 5127/5127 5128/5128
f 5063/5063 5128/5128 5064/5064
f 5064/5064 5128/5128 5129/5129
f 5064/5064 5129/5129 5065/5065
f 5065/5065 5129/5129 5130/5130
f 5065/5065 5130/5130 5066/5066
f 5066/5066 5130/5130 5131/5131
f 5066/5066 5131/5131 5067/5067
f 5067/5067 5131/5131 5132/5132
f 5067/5067 5132/5132 5068/5068
f 5068/5068 5132/5132 5133/5133
f 5068/5068 5133/5133 5069/5069
f 5069/5069 5133/5133 5134/5134
f 5069/5069 5134/5134 5070/5070
f 5070/5070 5134/5134 5135/5135
f 5070/5070 5135/5135 5071/5071
f 5071/5071 5135/5135 5136/5136
f 5071/5071 5136/5136 5072/5072
f 5072/5072 5136/5136 5137/5137
f 5072/5072 5137/5137 5073/5073
f 5073/5073 5137/5137 5138/5138
f 5073/5073 5138/5138 5074/5074
f 5074/5074 5138/5138 5139/5139
f 5074/5074 5139/5139 5075/5075
f 5075/5075 5139/5139 5140/5140
f 5075/5075 5140/5140 5076/5076
f 5076/5076 5140/5140 5141/5141
f 5076/5076 5141/5141 5077/5077
f 5077/5077 5141/5141 5142/5142
f 5077/5077 5142/5142 5078/5078
f 5078/5078 5142/5142 5143/5143
f 5078/5078 5143/5143 5079/5079
f 5079/5079 5143/5143 5144/5144
f 5079/5079 5144/5144 5080/5080
f 5080/5080 5144/5144 5145/5145
f 5080/5080 5145/5145 5081/5081
f 5081/5081 5145/5145 5146/5146
f 5081/5081 5146/5146 5082/5082
f 5082/5082 5146/5146 5147/5147
f 5082/5082 5147/5147 5083/5083
f 5083/5083 5147/5147 5148/5148
f 5083/5083 5148/5148 5084/5084
f 5084/5084 5148/5148 5149/5149
f 5084/5084 5149/5149 5085/5085
f 5085/5085 5149/5149 5150/5150
f 5085/5085 5150/5150 5086/5086
f 5086/5086 5150/5150 5151/5151
f 5086/5086 5151/5151 5087/5087
f 5087/5087 5151/5151 5152/5152
f 5087/5087 5152/5152 5088/5088
f 5088/5088 5152/5152 5153/5153
f 5088/5088 5153/5153 5089/5089
f 5089/5089 5153/5153 5154/5154
f 5089/5089 5154/5154 5090/5090
f 5090/5090 5154/5154 5155/5155
f 5091/5091 5156/5156 5092/5092
f 5092/5092 5156/5156 5157/5157
f 5092/5092 5157/5157 5093/5093
f 5093/5093 5157/5157 5158/5158
f 5093/5093 5158/5158 5094/5094
f 5094/5094 5158/5158 5159/5159
f 5094/5094 5159/5159 5095/5095
f 5095/5095 5159/5159 5160/5160
f 5095/5095 5160/5160 5096/5096
f 5096/5096 5160/5160 5161/5161
f 5096/5096 5161/5161 5097/5097
f 5097/5097 5161/5161 5162/5162
f 5097/5097 5162/5162 5098/5098
f 5098/5098 5162/5162 5163/5163
f 5098/5098 5163/5163 5099/5099
f 5099/5099 5163/5163 5164/5164
f 5099/5099 5164/5164 5100/5100
f 5100/5100 5164/5164 5165/5165
f 5100/5100 5165/5165 5101/5101
f 5101/5101 5165/5165 5166/5166
f 5101/5101 5166/5166 5102/5102
f 5102/5102 5166/5166 5167/5167
f 5102/5102 5167/5167 5103/5103
f 5103/5103 5167/5167 5168/5168
f 5103/5103 5168/5168 5104/5104
f 5104/5104 5168/5168 5169/5169
f 5104/5104 5169/5169 5105/5105
f 5105/5105 5169/5169 5170/5170
f 5105/5105 5170/5170 5106/5106
f 5106/5106 5170/5170 5171/5171
f 5106/5106 5171/5171 5107/5107
f 5107/5107 5171/5171 5172/5172
f 5107/5107 5172/5172 5108/5108
f 5108/5108 5172/5172 5173/5173
f 5108/5108 5173/5173 5109/5109
f 5109/5109 5173/5173 5174/5174
f 5109/5109 5174/5174 5110/5110
f 5110/5110 5174/5174 5175/5175
f 5110/5110 5175/5175 5111/5111
f 5111/5111 5175/5175 5176/5176
f 5111/5111 5176/5176 5112/5112
f 5112/5112 5176/5176 5177/5177
f 5112/5112 5177/5177 5113/5113
f 5113/5113 5177/5177 5178/5178
f 5113/5113 5178/5178 5114/5114
f 5114/5114 5178/5178 5179/5179
f 5114/5114 5179/5179 5115/5115
f 5115/5115 5179/5179 5180/5180
f 5115/5115 5180/5180 5116/5116
f 5116/5116 5180/5180 5181/5181
f 5116/5116 5181/5181 5117/5117
f 5117/5117 5181/5181 5182/5182
f 5117/5117 5182/5182 5118/5118
f 5118/5118 5182/5182 5183/5183
f 5118/5118 5183/5183 5119/5119
f 5119/5119 5183/5183 5184/5184
f 5119/5119 5184/5184 5120/5120
f 5120/5120 5184/5184 5185/5185
f 5120/5120 5185/5185 5121/5121
f 5121/5121 5185/5185 5186/5186
f 5121/5121 5186/5186 5122/5122
f 5122/5122 5186/5186 5187/5187
f 5122/5122 5187/5187 5123/5123
f 5123/5123 5187/5187 5188/5188
f 5123/5123 5188/5188 5124/5124
f 5124/5124 5188/5188 5189/5189
f 5124/5124 5189/5189 5125/5125
f 5125/5125 5189/5189 5190/5190
f 5125/5125 5190/5190 5126/5126
f 5126/5126 5190/5190 5191/5191
f 5126/5126 5191/5191 5127/5127
f 5127/5127 5191/5191 5192/5192
f 5127/5127 5192/5192 5128/5128
f 5128/5128 5192/5192 5193/5193
f 5128/5128 5193/5193 5129/5129
f 5129/5129 5193/5193 5194/5194
f 5129/5129 5194/5194 5130/5130
f 5130/5130 5194/5194 5195/5195
f 5130/5130 5195/5195 5131/5131
f 5131/5131 5195/5195 5196/5196
f 5131/5131 5196/5196 5132/5132
f 5132/5132 5196/5196 5197/5197
f 5132/5132 5197/5197 5133/5133
f 5133/5133 5197/5197 5198/5198
f 5133/5133 5198/5198 5134/5134
f 5134/5134 5198/5198 5199/5199
f 5134/5134 5199/5199 5135/5135
f 5135/5135 5199/5199 5200/5200
f 5135/5135 5200/5200 5136/5136
f 5136/5136 5200/5200 5201/5201
f 5136/5136 5201/5201 5137/5137
f 5137/5137 5201/5201 5202/5202
f 5137/5137 5202/5202 5138/5138
f 5138/5138 5202/5202 5203/5203
f 5138/5138 5203/5203 5139/5139
f 5139/5139 5203/5203 5204/5204
f 5139/5139 5204/5204 5140/5140
f 5140/5140 5204/5204 5205/5205
f 5140/5140 5205/5205 5141/5141
f 5141/5141 5205/5205 5206/5206
f 5141/5141 5206/5206 5142/5142
f 5142/5142 5206/5206 5207/5207
f 5142/5142 5207/5207 5143/5143
f 5143/5143 5207/5207 5208/5208
f 5143/5143 5208/5208 5144/5144
f 5144/5144 5208/5208 5209/5209
f 5144/5144 5209/5209 5145/5145
f 5145/5145 5209/5209 5210/5210
f 5145/5145 5210/5210 5146/5146
f 5146/5146 5210/5210 5211/5211
f 5146/5146 5211/5211 5147/5147
f 5147/5147 5211/5211 5212/5212
f 5147/5147 5212/5212 5148/5148
f 5148/5148 5212/5212 5213/5213
f 5148/5148 5213/5213 5149/5149
f 5149/5149 5213/5213 5214/5214
f 5149/5149 5214/5214 5150/5150
f 5150/5150 5214/5214 5215/5215
f 5150/5150 5215/5215 5151/5151
f 5151/5151 5215/5215 5216/5216
f 5151/5151 5216/5216 5152/5152
f 5152/5152 5216/5216 5217/5217
f 5152/5152 5217/5217 5153/5153
f 5153/5153 5217/5217 5218/5218
f 5153/5153 5218/5218 5154/5154
f 5154/5154 5218/5218 5219/5219
f 5154/5154 5219/5219 5155/5155
f 5155/5155 5219/5219 5220/5220
